extracted_text,llm_label,bioportal_prefLabel,ontology_uri,ontology,mapping_backend,mapping_error,chunk,start,end,source_pass,context,source_chunk_path
basal ganglia,BRAIN_STRUCTURE,basal ganglia disease,http://www.ebi.ac.uk/efo/EFO_0009533,EFO,local,,chunk_000,356,369,llm_pass1,cale spatial taxonomy identifies the precise locations of 60 neuronal and glial cell types of human basal ganglia. • MERFISH+ and Stereo-seq platforms map consistent spatial modules that align with classical neur,/Users/pujatrivedi/Desktop/MIT/blended_ner_framework/data/papers/multiscale_spatial_transcriptomic/20260602T192339/chunks/chunk_000.txt
MERFISH+,Technique,basal ganglia disease,http://www.ebi.ac.uk/efo/EFO_0009533,EFO,local,,chunk_000,374,382,llm_masked_pass,omy identifies the precise locations of 60 neuronal and glial cell types of human basal ganglia. • MERFISH+ and Stereo-seq platforms map consistent spatial modules that align with classical neuroanatomical n,/Users/pujatrivedi/Desktop/MIT/blended_ner_framework/data/papers/multiscale_spatial_transcriptomic/20260602T192339/chunks/chunk_000.txt
Stereo-seq,Technique,stereo fundus camera,http://purl.jp/bio/4/id/201606013852084525,IOBC,local,,chunk_000,387,397,llm_masked_pass,s the precise locations of 60 neuronal and glial cell types of human basal ganglia. • MERFISH+ and Stereo-seq platforms map consistent spatial modules that align with classical neuroanatomical nuclei. • D1D2,/Users/pujatrivedi/Desktop/MIT/blended_ner_framework/data/papers/multiscale_spatial_transcriptomic/20260602T192339/chunks/chunk_000.txt
D1D2 hybrid MSNs,CellType,intergeneric hybrid,http://purl.jp/bio/4/id/200906041920464810,IOBC,local,,chunk_000,492,508,llm_masked_pass,o-seq platforms map consistent spatial modules that align with classical neuroanatomical nuclei. • D1D2 hybrid MSNs and primate-expanded interneurons show regional and domain specific organization • Subcellular RNA,/Users/pujatrivedi/Desktop/MIT/blended_ner_framework/data/papers/multiscale_spatial_transcriptomic/20260602T192339/chunks/chunk_000.txt
interneurons,CellType,Commissural Interneurons,http://purl.jp/bio/4/id/201506074924587030,IOBC,local,,chunk_000,530,542,llm_masked_pass,modules that align with classical neuroanatomical nuclei. • D1D2 hybrid MSNs and primate-expanded interneurons show regional and domain specific organization • Subcellular RNA localization reports soma morphol,/Users/pujatrivedi/Desktop/MIT/blended_ner_framework/data/papers/multiscale_spatial_transcriptomic/20260602T192339/chunks/chunk_000.txt
Subcellular RNA localization,Technique,subcellular protein localization assay,http://purl.obolibrary.org/obo/OBI_0002167,OBO,local,,chunk_000,593,621,llm_masked_pass,"1D2 hybrid MSNs and primate-expanded interneurons show regional and domain specific organization • Subcellular RNA localization reports soma morphology and projection-inferred signatures. SUMMARY We generated a multi-region,",/Users/pujatrivedi/Desktop/MIT/blended_ner_framework/data/papers/multiscale_spatial_transcriptomic/20260602T192339/chunks/chunk_000.txt
basal ganglia,BRAIN_STRUCTURE,basal ganglia disease,http://www.ebi.ac.uk/efo/EFO_0009533,EFO,local,,chunk_000,786,799,llm_pass1,"MARY We generated a multi-region, subcellular-resolution spatial transcriptomic atlas of the human basal ganglia by integrating MERFISH+ and Stereo-seq across four neurotypical donors. These datasets profiled ~7",/Users/pujatrivedi/Desktop/MIT/blended_ner_framework/data/papers/multiscale_spatial_transcriptomic/20260602T192339/chunks/chunk_000.txt
neurotypical donors,HUMAN_DONOR,neurotypical person,http://purl.obolibrary.org/obo/GSSO_009609,GSSO,local,,chunk_000,851,870,llm_pass1,"transcriptomic atlas of the human basal ganglia by integrating MERFISH+ and Stereo-seq across four neurotypical donors. These datasets profiled ~7 million cells spanning the caudate, putamen, nucleus accumbens, and glo",/Users/pujatrivedi/Desktop/MIT/blended_ner_framework/data/papers/multiscale_spatial_transcriptomic/20260602T192339/chunks/chunk_000.txt
caudate,BrainRegion,Fusion of the caudate and putamen,http://purl.obolibrary.org/obo/HP_0034180,UPHENO,local,,chunk_000,926,933,llm_masked_pass,"d Stereo-seq across four neurotypical donors. These datasets profiled ~7 million cells spanning the caudate, putamen, nucleus accumbens, and globus pallidus, resolving 60 transcriptionally distinct cell type",/Users/pujatrivedi/Desktop/MIT/blended_ner_framework/data/papers/multiscale_spatial_transcriptomic/20260602T192339/chunks/chunk_000.txt
putamen,BRAIN_STRUCTURE,Putamen or Globus Pallidus,http://purl.obolibrary.org/obo/NCIT_C182245,BERO,local,,chunk_000,935,942,llm_pass1,"seq across four neurotypical donors. These datasets profiled ~7 million cells spanning the caudate, putamen, nucleus accumbens, and globus pallidus, resolving 60 transcriptionally distinct cell types. We sh",/Users/pujatrivedi/Desktop/MIT/blended_ner_framework/data/papers/multiscale_spatial_transcriptomic/20260602T192339/chunks/chunk_000.txt
nucleus accumbens,BRAIN_STRUCTURE,nucleus accumbens septi,http://purl.jp/bio/4/id/200906026769438853,IOBC,local,,chunk_000,944,961,llm_pass1,"s four neurotypical donors. These datasets profiled ~7 million cells spanning the caudate, putamen, nucleus accumbens, and globus pallidus, resolving 60 transcriptionally distinct cell types. We show region-selective",/Users/pujatrivedi/Desktop/MIT/blended_ner_framework/data/papers/multiscale_spatial_transcriptomic/20260602T192339/chunks/chunk_000.txt
globus pallidus,BRAIN_STRUCTURE,Putamen or Globus Pallidus,http://purl.obolibrary.org/obo/NCIT_C182245,BERO,local,,chunk_000,967,982,llm_pass1,"ors. These datasets profiled ~7 million cells spanning the caudate, putamen, nucleus accumbens, and globus pallidus, resolving 60 transcriptionally distinct cell types. We show region-selective, molecular and spati",/Users/pujatrivedi/Desktop/MIT/blended_ner_framework/data/papers/multiscale_spatial_transcriptomic/20260602T192339/chunks/chunk_000.txt
direct and indirect pathway topology,NEURAL_PATHWAY,Direct pathway,http://uri.interlex.org/tgbugs/uris/readable/DirectPathway,NPOKB,local,,chunk_000,1333,1369,llm_pass1,. Subcellular RNA localization captures somatic size and projectioninferred signatures that reflect direct and indirect pathway topology. Cellular community analyses reveal the enrichment of sub-clusters of astrocytes and oligodendrocyt,/Users/pujatrivedi/Desktop/MIT/blended_ner_framework/data/papers/multiscale_spatial_transcriptomic/20260602T192339/chunks/chunk_000.txt
astrocytes,GlialCellType,Set of astrocytes,http://purl.org/sig/ont/fma/fma84101,FMA,local,,chunk_000,1440,1450,llm_masked_pass,"and indirect pathway topology. Cellular community analyses reveal the enrichment of sub-clusters of astrocytes and oligodendrocytes at striosome-matrix borders, while primate-expanded interneurons are confined",/Users/pujatrivedi/Desktop/MIT/blended_ner_framework/data/papers/multiscale_spatial_transcriptomic/20260602T192339/chunks/chunk_000.txt
oligodendrocytes,GlialCellType,Oligodendrocytes damage,http://scai.fraunhofer.de/MSOntology#Oligodendrocytes_damage,MSO,local,,chunk_000,1455,1471,llm_masked_pass,"thway topology. Cellular community analyses reveal the enrichment of sub-clusters of astrocytes and oligodendrocytes at striosome-matrix borders, while primate-expanded interneurons are confined to matrix territories",/Users/pujatrivedi/Desktop/MIT/blended_ner_framework/data/papers/multiscale_spatial_transcriptomic/20260602T192339/chunks/chunk_000.txt
striosome,NeuroanatomicalCompartment,D2 Striosome MSN,http://purl.obolibrary.org/obo/CL_4030049,HRA,local,,chunk_000,1475,1484,llm_masked_pass,"ular community analyses reveal the enrichment of sub-clusters of astrocytes and oligodendrocytes at striosome-matrix borders, while primate-expanded interneurons are confined to matrix territories. Cross-speci",/Users/pujatrivedi/Desktop/MIT/blended_ner_framework/data/papers/multiscale_spatial_transcriptomic/20260602T192339/chunks/chunk_000.txt
basal ganglia,BRAIN_STRUCTURE,basal ganglia disease,http://www.ebi.ac.uk/efo/EFO_0009533,EFO,local,,chunk_000,1799,1812,llm_pass1,"on gradients. This atlas provides a foundational molecular and spatial framework for studying human basal ganglia architecture, offering a multi-centimeter scale resource that links cell types, spatial architectur",/Users/pujatrivedi/Desktop/MIT/blended_ner_framework/data/papers/multiscale_spatial_transcriptomic/20260602T192339/chunks/chunk_000.txt
basal ganglia,BRAIN_STRUCTURE,basal ganglia disease,http://www.ebi.ac.uk/efo/EFO_0009533,EFO,local,,chunk_000,2002,2015,llm_pass1,"rchitecture, and subcellular transcript topography across multiple nuclei. INTRODUCTION The human basal ganglia is a critical brain structure involved in motor control, learning and emotion. It is comprised of d",/Users/pujatrivedi/Desktop/MIT/blended_ner_framework/data/papers/multiscale_spatial_transcriptomic/20260602T192339/chunks/chunk_000.txt
striatum,BRAIN_STRUCTURE,striatum,http://purl.obolibrary.org/obo/UBERON_0002435,UPHENO,local,,chunk_000,2170,2178,llm_pass1,"l, learning and emotion. It is comprised of distinct anatomical nuclei / subdivisions including the striatum (caudate nucleus and putamen), the globus pallidus (external and internal segments, GPe and GPi), a",/Users/pujatrivedi/Desktop/MIT/blended_ner_framework/data/papers/multiscale_spatial_transcriptomic/20260602T192339/chunks/chunk_000.txt
caudate nucleus,BRAIN_STRUCTURE,Caudate Nucleus,http://purl.jp/bio/4/id/200906006884530231,IOBC,local,,chunk_000,2180,2195,llm_pass1,"g and emotion. It is comprised of distinct anatomical nuclei / subdivisions including the striatum (caudate nucleus and putamen), the globus pallidus (external and internal segments, GPe and GPi), and the nucleus ac",/Users/pujatrivedi/Desktop/MIT/blended_ner_framework/data/papers/multiscale_spatial_transcriptomic/20260602T192339/chunks/chunk_000.txt
putamen,BRAIN_STRUCTURE,Putamen or Globus Pallidus,http://purl.obolibrary.org/obo/NCIT_C182245,BERO,local,,chunk_000,2200,2207,llm_pass1,"comprised of distinct anatomical nuclei / subdivisions including the striatum (caudate nucleus and putamen), the globus pallidus (external and internal segments, GPe and GPi), and the nucleus accumbens (NAc",/Users/pujatrivedi/Desktop/MIT/blended_ner_framework/data/papers/multiscale_spatial_transcriptomic/20260602T192339/chunks/chunk_000.txt
globus pallidus,BRAIN_STRUCTURE,Putamen or Globus Pallidus,http://purl.obolibrary.org/obo/NCIT_C182245,BERO,local,,chunk_000,2214,2229,llm_pass1,"distinct anatomical nuclei / subdivisions including the striatum (caudate nucleus and putamen), the globus pallidus (external and internal segments, GPe and GPi), and the nucleus accumbens (NAc) 1. Basal ganglia cel",/Users/pujatrivedi/Desktop/MIT/blended_ner_framework/data/papers/multiscale_spatial_transcriptomic/20260602T192339/chunks/chunk_000.txt
internal segment,NeuroanatomicalSubdivision,Putamen,http://www.radlex.org/RID/RID6551,RADLEX,local,,chunk_000,2244,2260,llm_masked_pass,"ubdivisions including the striatum (caudate nucleus and putamen), the globus pallidus (external and internal segments, GPe and GPi), and the nucleus accumbens (NAc) 1. Basal ganglia cell types and architecture are we",/Users/pujatrivedi/Desktop/MIT/blended_ner_framework/data/papers/multiscale_spatial_transcriptomic/20260602T192339/chunks/chunk_000.txt
GPe,BRAIN_STRUCTURE,Structure of putamen,http://doe-generated-ontology.com/OntoAD#C0034169,ONTOAD,local,,chunk_000,2263,2266,llm_pass1,"ng the striatum (caudate nucleus and putamen), the globus pallidus (external and internal segments, GPe and GPi), and the nucleus accumbens (NAc) 1. Basal ganglia cell types and architecture are well cha",/Users/pujatrivedi/Desktop/MIT/blended_ner_framework/data/papers/multiscale_spatial_transcriptomic/20260602T192339/chunks/chunk_000.txt
GPi,BRAIN_STRUCTURE,Putamen,http://www.radlex.org/RID/RID6551,RADLEX,local,,chunk_000,2271,2274,llm_pass1,"triatum (caudate nucleus and putamen), the globus pallidus (external and internal segments, GPe and GPi), and the nucleus accumbens (NAc) 1. Basal ganglia cell types and architecture are well characteriz",/Users/pujatrivedi/Desktop/MIT/blended_ner_framework/data/papers/multiscale_spatial_transcriptomic/20260602T192339/chunks/chunk_000.txt
nucleus accumbens,BRAIN_STRUCTURE,nucleus accumbens septi,http://purl.jp/bio/4/id/200906026769438853,IOBC,local,,chunk_000,2285,2302,llm_pass1,"te nucleus and putamen), the globus pallidus (external and internal segments, GPe and GPi), and the nucleus accumbens (NAc) 1. Basal ganglia cell types and architecture are well characterized in rodents and non-human",/Users/pujatrivedi/Desktop/MIT/blended_ner_framework/data/papers/multiscale_spatial_transcriptomic/20260602T192339/chunks/chunk_000.txt
NAc,BRAIN_STRUCTURE,Abnormal globus pallidus morphology,http://purl.obolibrary.org/obo/HP_0002453,UPHENO,local,,chunk_000,2304,2307,llm_pass1,"men), the globus pallidus (external and internal segments, GPe and GPi), and the nucleus accumbens (NAc) 1. Basal ganglia cell types and architecture are well characterized in rodents and non-human prima",/Users/pujatrivedi/Desktop/MIT/blended_ner_framework/data/papers/multiscale_spatial_transcriptomic/20260602T192339/chunks/chunk_000.txt
Basal ganglia,BRAIN_STRUCTURE,Basal Ganglia Diseases,http://doe-generated-ontology.com/OntoAD#C0004782,ONTOAD,local,,chunk_000,2312,2325,llm_pass1,"e globus pallidus (external and internal segments, GPe and GPi), and the nucleus accumbens (NAc) 1. Basal ganglia cell types and architecture are well characterized in rodents and non-human primates, but are much",/Users/pujatrivedi/Desktop/MIT/blended_ner_framework/data/papers/multiscale_spatial_transcriptomic/20260602T192339/chunks/chunk_000.txt
GABAergic medium spiny neurons (MSNs),CellType,Excitotoxicity Damage of Striatum Medium Spiny Neurons in Huntington Disease,urn:agi-pathway:uuid-eb0af87d-5e76-4826-9444-ee515e97051b,BPT,local,,chunk_000,2513,2550,llm_masked_pass,ut are much less understood in humans. The literature from both animal models and humans shows that GABAergic medium spiny neurons (MSNs) are the dominant neuronal cell type in the striatum (85-95%) [2][3][4][5]; MSNs are divided into tw,/Users/pujatrivedi/Desktop/MIT/blended_ner_framework/data/papers/multiscale_spatial_transcriptomic/20260602T192339/chunks/chunk_000.txt
striatum,BRAIN_STRUCTURE,striatum,http://purl.obolibrary.org/obo/UBERON_0002435,UPHENO,local,,chunk_000,2594,2602,llm_pass1,"humans shows that GABAergic medium spiny neurons (MSNs) are the dominant neuronal cell type in the striatum (85-95%) [2][3][4][5]; MSNs are divided into two major populations: D1-type MSNs, which express the",/Users/pujatrivedi/Desktop/MIT/blended_ner_framework/data/papers/multiscale_spatial_transcriptomic/20260602T192339/chunks/chunk_000.txt
D1-type MSNs,CellType,dopamine receptor D1 agonist therapy,http://purl.obolibrary.org/obo/MAXO_0001333,MAXO,local,,chunk_000,2671,2683,llm_masked_pass,"ronal cell type in the striatum (85-95%) [2][3][4][5]; MSNs are divided into two major populations: D1-type MSNs, which express the dopamine receptor D1 (DRD1), tachykinin precursor 1 (TAC1), and dynorphin; and D",/Users/pujatrivedi/Desktop/MIT/blended_ner_framework/data/papers/multiscale_spatial_transcriptomic/20260602T192339/chunks/chunk_000.txt
dopamine receptor D1 (DRD1),Receptor,dopamine receptor D1 agonist therapy,http://purl.obolibrary.org/obo/MAXO_0001333,MAXO,local,,chunk_000,2703,2730,llm_masked_pass,"(85-95%) [2][3][4][5]; MSNs are divided into two major populations: D1-type MSNs, which express the dopamine receptor D1 (DRD1), tachykinin precursor 1 (TAC1), and dynorphin; and D2-type MSNs, which express the dopamine recepto",/Users/pujatrivedi/Desktop/MIT/blended_ner_framework/data/papers/multiscale_spatial_transcriptomic/20260602T192339/chunks/chunk_000.txt
tachykinin precursor 1 (TAC1),Gene,dopamine receptor D1 agonist therapy,http://purl.obolibrary.org/obo/MAXO_0001333,MAXO,local,,chunk_000,2732,2761,llm_masked_pass,"re divided into two major populations: D1-type MSNs, which express the dopamine receptor D1 (DRD1), tachykinin precursor 1 (TAC1), and dynorphin; and D2-type MSNs, which express the dopamine receptor D2 (DRD2), proenkephalin (PEN",/Users/pujatrivedi/Desktop/MIT/blended_ner_framework/data/papers/multiscale_spatial_transcriptomic/20260602T192339/chunks/chunk_000.txt
dynorphin,Neuropeptide,DRD2 gene,http://purl.jp/bio/4/id/201006033817596501,IOBC,local,,chunk_000,2767,2776,llm_masked_pass,"ns: D1-type MSNs, which express the dopamine receptor D1 (DRD1), tachykinin precursor 1 (TAC1), and dynorphin; and D2-type MSNs, which express the dopamine receptor D2 (DRD2), proenkephalin (PENK), and enkepha",/Users/pujatrivedi/Desktop/MIT/blended_ner_framework/data/papers/multiscale_spatial_transcriptomic/20260602T192339/chunks/chunk_000.txt
D2-type MSNs,CellType,DRD2 gene,http://purl.jp/bio/4/id/201006033817596501,IOBC,local,,chunk_000,2782,2794,llm_masked_pass,"s, which express the dopamine receptor D1 (DRD1), tachykinin precursor 1 (TAC1), and dynorphin; and D2-type MSNs, which express the dopamine receptor D2 (DRD2), proenkephalin (PENK), and enkephalin 2,3,6. The D1",/Users/pujatrivedi/Desktop/MIT/blended_ner_framework/data/papers/multiscale_spatial_transcriptomic/20260602T192339/chunks/chunk_000.txt
dopamine receptor D2 (DRD2),Receptor,dopamine d2 receptor,http://sbmi.uth.tmc.edu/ontology/ochv#13917,OCHV,local,,chunk_000,2814,2841,llm_masked_pass,"ceptor D1 (DRD1), tachykinin precursor 1 (TAC1), and dynorphin; and D2-type MSNs, which express the dopamine receptor D2 (DRD2), proenkephalin (PENK), and enkephalin 2,3,6. The D1 and D2 populations are spatially organized into",/Users/pujatrivedi/Desktop/MIT/blended_ner_framework/data/papers/multiscale_spatial_transcriptomic/20260602T192339/chunks/chunk_000.txt
proenkephalin (PENK),Gene,DRD2 gene,http://purl.jp/bio/4/id/201006033817596501,IOBC,local,,chunk_000,2843,2863,llm_masked_pass,"precursor 1 (TAC1), and dynorphin; and D2-type MSNs, which express the dopamine receptor D2 (DRD2), proenkephalin (PENK), and enkephalin 2,3,6. The D1 and D2 populations are spatially organized into interdigitated strios",/Users/pujatrivedi/Desktop/MIT/blended_ner_framework/data/papers/multiscale_spatial_transcriptomic/20260602T192339/chunks/chunk_000.txt
enkephalin,Neuropeptide,DRD2 gene,http://purl.jp/bio/4/id/201006033817596501,IOBC,local,,chunk_000,2869,2879,llm_masked_pass,"norphin; and D2-type MSNs, which express the dopamine receptor D2 (DRD2), proenkephalin (PENK), and enkephalin 2,3,6. The D1 and D2 populations are spatially organized into interdigitated striosome and matrix c",/Users/pujatrivedi/Desktop/MIT/blended_ner_framework/data/papers/multiscale_spatial_transcriptomic/20260602T192339/chunks/chunk_000.txt
matrix compartments,NeuroanatomicalCompartment,"Matrix Metalloproteinases, Secreted",http://purl.bioontology.org/ontology/MESH/D053505,MESH,local,,chunk_000,2971,2990,llm_masked_pass,"kephalin 2,3,6. The D1 and D2 populations are spatially organized into interdigitated striosome and matrix compartments that form the structural foundation of basal ganglia function 3,7,8. Further studies, including tho",/Users/pujatrivedi/Desktop/MIT/blended_ner_framework/data/papers/multiscale_spatial_transcriptomic/20260602T192339/chunks/chunk_000.txt
basal ganglia,BRAIN_STRUCTURE,basal ganglia disease,http://www.ebi.ac.uk/efo/EFO_0009533,EFO,local,,chunk_000,3030,3043,llm_pass1,"anized into interdigitated striosome and matrix compartments that form the structural foundation of basal ganglia function 3,7,8. Further studies, including those using singlenucleus RNA-seq in animal and human br",/Users/pujatrivedi/Desktop/MIT/blended_ner_framework/data/papers/multiscale_spatial_transcriptomic/20260602T192339/chunks/chunk_000.txt
singlenucleus RNA-seq,Technique,RNA-Seq,https://pat.nichd.nih.gov/patinvestigativetechniques/IT.16.03.05,PATIT,local,,chunk_000,3099,3120,llm_masked_pass,"m the structural foundation of basal ganglia function 3,7,8. Further studies, including those using singlenucleus RNA-seq in animal and human brains have revealed additional D1/D2 neuronal diversity 9,10, and identified m",/Users/pujatrivedi/Desktop/MIT/blended_ner_framework/data/papers/multiscale_spatial_transcriptomic/20260602T192339/chunks/chunk_000.txt
cholinergic (choline acetyltransferase-positive; ChAT+),CellTypeMarker,"positive regulation of synaptic transmission, cholinergic",http://purl.org/obo/owl/GO#GO_0032224,BIOMODELS,local,,chunk_000,3263,3318,llm_masked_pass,"dditional D1/D2 neuronal diversity 9,10, and identified multiple classes of interneurons, including cholinergic (choline acetyltransferase-positive; ChAT+), parvalbumin-positive (PV+), somatostatinpositive (SST+), and neuropeptide Y/tyrosine hydroxylase-p",/Users/pujatrivedi/Desktop/MIT/blended_ner_framework/data/papers/multiscale_spatial_transcriptomic/20260602T192339/chunks/chunk_000.txt
parvalbumin-positive (PV+),CellTypeMarker,positive regulation of tyrosine phosphorylation of STAT protein,http://purl.org/obo/owl/GO#GO_0042531,BIOMODELS,local,,chunk_000,3320,3346,llm_masked_pass,"ultiple classes of interneurons, including cholinergic (choline acetyltransferase-positive; ChAT+), parvalbumin-positive (PV+), somatostatinpositive (SST+), and neuropeptide Y/tyrosine hydroxylase-positive (NPY+/TH+) subtypes",/Users/pujatrivedi/Desktop/MIT/blended_ner_framework/data/papers/multiscale_spatial_transcriptomic/20260602T192339/chunks/chunk_000.txt
somatostatinpositive (SST+),CellTypeMarker,positive regulation of protein tyrosine kinase activity,http://purl.obolibrary.org/obo/GO_0061098,CHIRO,local,,chunk_000,3348,3375,llm_masked_pass,"ons, including cholinergic (choline acetyltransferase-positive; ChAT+), parvalbumin-positive (PV+), somatostatinpositive (SST+), and neuropeptide Y/tyrosine hydroxylase-positive (NPY+/TH+) subtypes [10][11][12][13][14]. The nuc",/Users/pujatrivedi/Desktop/MIT/blended_ner_framework/data/papers/multiscale_spatial_transcriptomic/20260602T192339/chunks/chunk_000.txt
neuropeptide Y/tyrosine hydroxylase-positive (NPY+/TH+),CellTypeMarker,neuropeptide Y,http://purl.obolibrary.org/obo/PR_000011387,NPOKB,local,,chunk_000,3381,3436,llm_masked_pass,"ne acetyltransferase-positive; ChAT+), parvalbumin-positive (PV+), somatostatinpositive (SST+), and neuropeptide Y/tyrosine hydroxylase-positive (NPY+/TH+) subtypes [10][11][12][13][14]. The nucleus accumbens, located at the ventral extension of the stria",/Users/pujatrivedi/Desktop/MIT/blended_ner_framework/data/papers/multiscale_spatial_transcriptomic/20260602T192339/chunks/chunk_000.txt
nucleus accumbens,BRAIN_STRUCTURE,nucleus accumbens septi,http://purl.jp/bio/4/id/200906026769438853,IOBC,local,,chunk_000,3472,3489,llm_pass1,"T+), and neuropeptide Y/tyrosine hydroxylase-positive (NPY+/TH+) subtypes [10][11][12][13][14]. The nucleus accumbens, located at the ventral extension of the striatum, contains both D1 and D2 MSNs and is further divi",/Users/pujatrivedi/Desktop/MIT/blended_ner_framework/data/papers/multiscale_spatial_transcriptomic/20260602T192339/chunks/chunk_000.txt
striatum,BRAIN_STRUCTURE,striatum,http://purl.obolibrary.org/obo/UBERON_0002435,UPHENO,local,,chunk_000,3531,3539,llm_pass1,"/TH+) subtypes [10][11][12][13][14]. The nucleus accumbens, located at the ventral extension of the striatum, contains both D1 and D2 MSNs and is further divided into core and shell subregions. These subregi",/Users/pujatrivedi/Desktop/MIT/blended_ner_framework/data/papers/multiscale_spatial_transcriptomic/20260602T192339/chunks/chunk_000.txt
core and shell subregions,NeuroanatomicalSubdivision,shell of nucleus accumbens,http://purl.obolibrary.org/obo/UBERON_0012171,EFO,local,,chunk_000,3598,3623,llm_masked_pass,"at the ventral extension of the striatum, contains both D1 and D2 MSNs and is further divided into core and shell subregions. These subregions mirror the cellular composition of the dorsal striatum, including diverse intern",/Users/pujatrivedi/Desktop/MIT/blended_ner_framework/data/papers/multiscale_spatial_transcriptomic/20260602T192339/chunks/chunk_000.txt
striatum,BRAIN_STRUCTURE,striatum,http://purl.obolibrary.org/obo/UBERON_0002435,UPHENO,local,,chunk_000,3689,3697,llm_pass1,"ded into core and shell subregions. These subregions mirror the cellular composition of the dorsal striatum, including diverse interneuron classes 10,15. The globus pallidus consists of two principal divisio",/Users/pujatrivedi/Desktop/MIT/blended_ner_framework/data/papers/multiscale_spatial_transcriptomic/20260602T192339/chunks/chunk_000.txt
globus pallidus,BRAIN_STRUCTURE,Putamen or Globus Pallidus,http://purl.obolibrary.org/obo/NCIT_C182245,BERO,local,,chunk_000,3748,3763,llm_pass1,"r the cellular composition of the dorsal striatum, including diverse interneuron classes 10,15. The globus pallidus consists of two principal divisions: the external segment (GPe) and the internal segment (GPi) 3,16",/Users/pujatrivedi/Desktop/MIT/blended_ner_framework/data/papers/multiscale_spatial_transcriptomic/20260602T192339/chunks/chunk_000.txt
external segment,NeuroanatomicalSubdivision,Globus Pallidus External Segment,https://w3id.org/onvoc/ONVOC_0000116,ONVOC,local,,chunk_000,3805,3821,llm_masked_pass,"ing diverse interneuron classes 10,15. The globus pallidus consists of two principal divisions: the external segment (GPe) and the internal segment (GPi) 3,16. Both regions are dominated by PV+ GABAergic projection n",/Users/pujatrivedi/Desktop/MIT/blended_ner_framework/data/papers/multiscale_spatial_transcriptomic/20260602T192339/chunks/chunk_000.txt
GPe,BRAIN_STRUCTURE,Structure of putamen,http://doe-generated-ontology.com/OntoAD#C0034169,ONTOAD,local,,chunk_000,3823,3826,llm_pass1,"euron classes 10,15. The globus pallidus consists of two principal divisions: the external segment (GPe) and the internal segment (GPi) 3,16. Both regions are dominated by PV+ GABAergic projection neuron",/Users/pujatrivedi/Desktop/MIT/blended_ner_framework/data/papers/multiscale_spatial_transcriptomic/20260602T192339/chunks/chunk_000.txt
GPi,BRAIN_STRUCTURE,Putamen,http://www.radlex.org/RID/RID6551,RADLEX,local,,chunk_000,3854,3857,llm_pass1,"pallidus consists of two principal divisions: the external segment (GPe) and the internal segment (GPi) 3,16. Both regions are dominated by PV+ GABAergic projection neurons 17. Within GPe, prototypic ne",/Users/pujatrivedi/Desktop/MIT/blended_ner_framework/data/papers/multiscale_spatial_transcriptomic/20260602T192339/chunks/chunk_000.txt
PV+ GABAergic projection neurons,CellType,GABAergic Neurons,http://purl.obolibrary.org/obo/MESH_D059330,BERO,local,,chunk_000,3895,3927,llm_masked_pass,"ions: the external segment (GPe) and the internal segment (GPi) 3,16. Both regions are dominated by PV+ GABAergic projection neurons 17. Within GPe, prototypic neurons express PV, LIM homeobox 6 (LHX6), and NK2 homeobox 1 (NKX2-1) 1",/Users/pujatrivedi/Desktop/MIT/blended_ner_framework/data/papers/multiscale_spatial_transcriptomic/20260602T192339/chunks/chunk_000.txt
GPe,BRAIN_STRUCTURE,Structure of putamen,http://doe-generated-ontology.com/OntoAD#C0034169,ONTOAD,local,,chunk_000,3939,3942,llm_pass1,"ernal segment (GPi) 3,16. Both regions are dominated by PV+ GABAergic projection neurons 17. Within GPe, prototypic neurons express PV, LIM homeobox 6 (LHX6), and NK2 homeobox 1 (NKX2-1) 18,19; arkypalli",/Users/pujatrivedi/Desktop/MIT/blended_ner_framework/data/papers/multiscale_spatial_transcriptomic/20260602T192339/chunks/chunk_000.txt
prototypic neurons,CellType,GABAergic Neurons,http://purl.obolibrary.org/obo/MESH_D059330,BERO,local,,chunk_000,3944,3962,llm_masked_pass,"segment (GPi) 3,16. Both regions are dominated by PV+ GABAergic projection neurons 17. Within GPe, prototypic neurons express PV, LIM homeobox 6 (LHX6), and NK2 homeobox 1 (NKX2-1) 18,19; arkypallidal neurons express",/Users/pujatrivedi/Desktop/MIT/blended_ner_framework/data/papers/multiscale_spatial_transcriptomic/20260602T192339/chunks/chunk_000.txt
PV,MolecularMarker,Recurrent PV thrush,http://purl.jp/bio/4/id/200906008594525830,IOBC,local,,chunk_000,3971,3973,llm_masked_pass,"egions are dominated by PV+ GABAergic projection neurons 17. Within GPe, prototypic neurons express PV, LIM homeobox 6 (LHX6), and NK2 homeobox 1 (NKX2-1) 18,19; arkypallidal neurons express neuronal PA",/Users/pujatrivedi/Desktop/MIT/blended_ner_framework/data/papers/multiscale_spatial_transcriptomic/20260602T192339/chunks/chunk_000.txt
LIM homeobox 6 (LHX6),Gene,LIM homeobox protein 8,http://purl.bioontology.org/ontology/MESH/C112960,MESH,local,,chunk_000,3975,3996,llm_masked_pass,"ns are dominated by PV+ GABAergic projection neurons 17. Within GPe, prototypic neurons express PV, LIM homeobox 6 (LHX6), and NK2 homeobox 1 (NKX2-1) 18,19; arkypallidal neurons express neuronal PAS domain protein 1 (NPA",/Users/pujatrivedi/Desktop/MIT/blended_ner_framework/data/papers/multiscale_spatial_transcriptomic/20260602T192339/chunks/chunk_000.txt
NK2 homeobox 1 (NKX2-1),Gene,Homeobox Protein Nkx-2.5 [Chemical/Ingredient],http://purl.bioontology.org/ontology/NDFRT/N0000193086,NDFRT,local,,chunk_000,4002,4025,llm_masked_pass,"Aergic projection neurons 17. Within GPe, prototypic neurons express PV, LIM homeobox 6 (LHX6), and NK2 homeobox 1 (NKX2-1) 18,19; arkypallidal neurons express neuronal PAS domain protein 1 (NPAS1) and forkhead box protein",/Users/pujatrivedi/Desktop/MIT/blended_ner_framework/data/papers/multiscale_spatial_transcriptomic/20260602T192339/chunks/chunk_000.txt
arkypallidal neurons,CellType,protein kinase C and casein kinase substrate in neurons protein 1 isoform 1 (rat),http://purl.obolibrary.org/obo/PR_Q9Z0W5-1,PR,local,,chunk_000,4033,4053,llm_masked_pass,"ithin GPe, prototypic neurons express PV, LIM homeobox 6 (LHX6), and NK2 homeobox 1 (NKX2-1) 18,19; arkypallidal neurons express neuronal PAS domain protein 1 (NPAS1) and forkhead box protein P2 (FOXP2) 20,21. GPi contai",/Users/pujatrivedi/Desktop/MIT/blended_ner_framework/data/papers/multiscale_spatial_transcriptomic/20260602T192339/chunks/chunk_000.txt
neuronal PAS domain protein 1 (NPAS1),Gene,neuronal PAS domain-containing protein 1 (mouse),http://purl.obolibrary.org/obo/PR_P97459,PR,local,,chunk_000,4062,4099,llm_masked_pass,"express PV, LIM homeobox 6 (LHX6), and NK2 homeobox 1 (NKX2-1) 18,19; arkypallidal neurons express neuronal PAS domain protein 1 (NPAS1) and forkhead box protein P2 (FOXP2) 20,21. GPi contains PV+/LHX6+ projection neurons that form the",/Users/pujatrivedi/Desktop/MIT/blended_ner_framework/data/papers/multiscale_spatial_transcriptomic/20260602T192339/chunks/chunk_000.txt
forkhead box protein P2 (FOXP2),Gene,forkhead box protein P2 (mouse),http://purl.obolibrary.org/obo/PR_P58463,PR,local,,chunk_000,4104,4135,llm_masked_pass,"2 homeobox 1 (NKX2-1) 18,19; arkypallidal neurons express neuronal PAS domain protein 1 (NPAS1) and forkhead box protein P2 (FOXP2) 20,21. GPi contains PV+/LHX6+ projection neurons that form the principal output pathway of the basa",/Users/pujatrivedi/Desktop/MIT/blended_ner_framework/data/papers/multiscale_spatial_transcriptomic/20260602T192339/chunks/chunk_000.txt
GPi,BRAIN_STRUCTURE,Putamen,http://www.radlex.org/RID/RID6551,RADLEX,local,,chunk_000,4143,4146,llm_pass1,"al neurons express neuronal PAS domain protein 1 (NPAS1) and forkhead box protein P2 (FOXP2) 20,21. GPi contains PV+/LHX6+ projection neurons that form the principal output pathway of the basal ganglia 1",/Users/pujatrivedi/Desktop/MIT/blended_ner_framework/data/papers/multiscale_spatial_transcriptomic/20260602T192339/chunks/chunk_000.txt
basal ganglia,BRAIN_STRUCTURE,basal ganglia disease,http://www.ebi.ac.uk/efo/EFO_0009533,EFO,local,,chunk_000,4231,4244,llm_pass1,"XP2) 20,21. GPi contains PV+/LHX6+ projection neurons that form the principal output pathway of the basal ganglia 16,17. A comprehensive understanding of human basal ganglia organization requires integrating cell",/Users/pujatrivedi/Desktop/MIT/blended_ner_framework/data/papers/multiscale_spatial_transcriptomic/20260602T192339/chunks/chunk_000.txt
basal ganglia,BRAIN_STRUCTURE,basal ganglia disease,http://www.ebi.ac.uk/efo/EFO_0009533,EFO,local,,chunk_000,4292,4305,llm_pass1,"rm the principal output pathway of the basal ganglia 16,17. A comprehensive understanding of human basal ganglia organization requires integrating cell-type identity, molecular signatures, and spatial architectur",/Users/pujatrivedi/Desktop/MIT/blended_ner_framework/data/papers/multiscale_spatial_transcriptomic/20260602T192339/chunks/chunk_000.txt
single-cell RNA sequencing,Technique,single-cell RNA sequencing,http://www.ebi.ac.uk/efo/EFO_0008913,EFO,local,,chunk_000,4458,4484,llm_masked_pass,", molecular signatures, and spatial architecture within an intact anatomical framework. Traditional single-cell RNA sequencing provides molecular resolution but lacks spatial context, limiting its ability to capture circuit-le",/Users/pujatrivedi/Desktop/MIT/blended_ner_framework/data/papers/multiscale_spatial_transcriptomic/20260602T192339/chunks/chunk_000.txt
probe-based multiplexed fluorescent in situ hybridization (FISH),Technique,Fluorescent in situ hybridization (FISH),http://purl.bioontology.org/ontology/LNC/LP62864-1,LOINC,local,,chunk_000,4815,4879,llm_masked_pass,"in the spatial relationships of cell types and structures 10,14,[22][23][24]. These methods include probe-based multiplexed fluorescent in situ hybridization (FISH) and next-generation sequencing (NGS)-based spatially resolved transcriptomics, each with complement",/Users/pujatrivedi/Desktop/MIT/blended_ner_framework/data/papers/multiscale_spatial_transcriptomic/20260602T192339/chunks/chunk_000.txt
next-generation sequencing (NGS)-based spatially resolved transcriptomics,Technique,Next-Generation Sequencing,https://pat.nichd.nih.gov/patinvestigativetechniques/IT.16.03,PATIT,local,,chunk_000,4884,4957,llm_masked_pass,"23][24]. These methods include probe-based multiplexed fluorescent in situ hybridization (FISH) and next-generation sequencing (NGS)-based spatially resolved transcriptomics, each with complementary strengths in resolution, transcriptome coverage, and throughput 23,25,26.",/Users/pujatrivedi/Desktop/MIT/blended_ner_framework/data/papers/multiscale_spatial_transcriptomic/20260602T192339/chunks/chunk_000.txt
basal ganglia,BRAIN_STRUCTURE,basal ganglia disease,http://www.ebi.ac.uk/efo/EFO_0009533,EFO,local,,chunk_000,5375,5388,llm_pass1,"spatial organization of striosomes within the striatal matrix and transcriptional gradients across basal ganglia nuclei in model organisms such as mice and macaques 10,27, a comprehensive molecular and cell-type-",/Users/pujatrivedi/Desktop/MIT/blended_ner_framework/data/papers/multiscale_spatial_transcriptomic/20260602T192339/chunks/chunk_000.txt
basal ganglia,BRAIN_STRUCTURE,basal ganglia disease,http://www.ebi.ac.uk/efo/EFO_0009533,EFO,local,,chunk_000,5530,5543,llm_pass1,"d macaques 10,27, a comprehensive molecular and cell-type-resolved spatial atlas of the adult human basal ganglia remains lacking. This gap has persisted in part because of the large size and complex cytoarchitect",/Users/pujatrivedi/Desktop/MIT/blended_ner_framework/data/papers/multiscale_spatial_transcriptomic/20260602T192339/chunks/chunk_000.txt
basal ganglia,BRAIN_STRUCTURE,basal ganglia disease,http://www.ebi.ac.uk/efo/EFO_0009533,EFO,local,,chunk_000,5656,5669,llm_pass1,"ing. This gap has persisted in part because of the large size and complex cytoarchitecture of human basal ganglia nuclei, as well as technical limitations in the spatial scale and resolution of existing mapping ap",/Users/pujatrivedi/Desktop/MIT/blended_ner_framework/data/papers/multiscale_spatial_transcriptomic/20260602T192339/chunks/chunk_000.txt
basal ganglia,BRAIN_STRUCTURE,basal ganglia disease,http://www.ebi.ac.uk/efo/EFO_0009533,EFO,local,,chunk_000,5862,5875,llm_pass1,"ping approaches. Addressing this limitation is particularly critical given the central role of the basal ganglia in human movement disorders (including Parkinson's disease and Huntington's disease), neuropsychiat",/Users/pujatrivedi/Desktop/MIT/blended_ner_framework/data/papers/multiscale_spatial_transcriptomic/20260602T192339/chunks/chunk_000.txt
Parkinson's disease,NeurologicalDisorder,Parkinson disease 17,http://purl.obolibrary.org/obo/MONDO_0013625,DOVES,local,,chunk_000,5915,5934,llm_masked_pass,"cularly critical given the central role of the basal ganglia in human movement disorders (including Parkinson's disease and Huntington's disease), neuropsychiatric conditions, and species-specific differences in basal g",/Users/pujatrivedi/Desktop/MIT/blended_ner_framework/data/papers/multiscale_spatial_transcriptomic/20260602T192339/chunks/chunk_000.txt
Huntington's disease,NeurologicalDisorder,basal ganglia disease,http://www.ebi.ac.uk/efo/EFO_0009533,EFO,local,,chunk_000,5939,5959,llm_masked_pass,"he central role of the basal ganglia in human movement disorders (including Parkinson's disease and Huntington's disease), neuropsychiatric conditions, and species-specific differences in basal ganglia cellular compositi",/Users/pujatrivedi/Desktop/MIT/blended_ner_framework/data/papers/multiscale_spatial_transcriptomic/20260602T192339/chunks/chunk_000.txt
basal ganglia,BRAIN_STRUCTURE,basal ganglia disease,http://www.ebi.ac.uk/efo/EFO_0009533,EFO,local,,chunk_000,6027,6040,llm_pass1,"disease and Huntington's disease), neuropsychiatric conditions, and species-specific differences in basal ganglia cellular composition and structural organization that reflect the complexity of inputs and outputs",/Users/pujatrivedi/Desktop/MIT/blended_ner_framework/data/papers/multiscale_spatial_transcriptomic/20260602T192339/chunks/chunk_000.txt
basal ganglia,BRAIN_STRUCTURE,basal ganglia disease,http://www.ebi.ac.uk/efo/EFO_0009533,EFO,local,,chunk_000,6381,6394,llm_pass1,cterize cellular heterogeneity and molecular architecture within intact neural tissue such as human basal ganglia. Two particularly powerful approaches are Multiplexed Error-Robust Fluorescence In Situ Hybridizati,/Users/pujatrivedi/Desktop/MIT/blended_ner_framework/data/papers/multiscale_spatial_transcriptomic/20260602T192339/chunks/chunk_000.txt
Multiplexed Error-Robust Fluorescence In Situ Hybridization (MERFISH),Technique,multiplexed error-robust fluorescence in situ hybridization assay,http://purl.obolibrary.org/obo/OBI_0003604,OBI,local,,chunk_000,6437,6506,llm_masked_pass,"e within intact neural tissue such as human basal ganglia. Two particularly powerful approaches are Multiplexed Error-Robust Fluorescence In Situ Hybridization (MERFISH) 26,[29][30][31][32][33] and Spatio-Temporal Enhanced Resolution Omics-sequencing (Stereo-seq) [34][",/Users/pujatrivedi/Desktop/MIT/blended_ner_framework/data/papers/multiscale_spatial_transcriptomic/20260602T192339/chunks/chunk_000.txt
Spatio-Temporal Enhanced Resolution Omics-sequencing (Stereo-seq),Technique,enhanced cross-linking immunoprecipitation high-throughput sequencing assay,http://purl.obolibrary.org/obo/OBI_0002111,OBO,local,,chunk_000,6535,6600,llm_masked_pass,"e Multiplexed Error-Robust Fluorescence In Situ Hybridization (MERFISH) 26,[29][30][31][32][33] and Spatio-Temporal Enhanced Resolution Omics-sequencing (Stereo-seq) [34][35][36][37][38]. MERFISH enables highly multiplexed, single-molecule RNA imaging at subcellula",/Users/pujatrivedi/Desktop/MIT/blended_ner_framework/data/papers/multiscale_spatial_transcriptomic/20260602T192339/chunks/chunk_000.txt
single-molecule RNA imaging,Technique,Single Molecule Imaging,http://purl.obolibrary.org/obo/MESH_D000072760,BERO,local,,chunk_000,6659,6686,llm_masked_pass,"Resolution Omics-sequencing (Stereo-seq) [34][35][36][37][38]. MERFISH enables highly multiplexed, single-molecule RNA imaging at subcellular resolution, allowing the precise mapping of hundreds to thousands of genes within in",/Users/pujatrivedi/Desktop/MIT/blended_ner_framework/data/papers/multiscale_spatial_transcriptomic/20260602T192339/chunks/chunk_000.txt
DNA nanoball-patterned arrays,Technique,DNA Repair-on-a-Chip: Spatially Encoded Microwell Arrays (Grant/Project Number: R43ES021116),https://reporter.nih.gov/search/2NC9YrDMM0SiuN8TnuRgKg/project-details/8250928,HHEARVS,local,,chunk_000,7707,7736,llm_masked_pass,with subcellular precision for integrative molecular and structural analyses 44. Stereo-seq employs DNA nanoball-patterned arrays to generate spatially barcoded cDNA libraries that capture transcriptomes from large tissue section,/Users/pujatrivedi/Desktop/MIT/blended_ner_framework/data/papers/multiscale_spatial_transcriptomic/20260602T192339/chunks/chunk_000.txt
spatially barcoded cDNA libraries,Technique,barcoded plate-based single cell RNA-seq,http://www.ebi.ac.uk/efo/EFO_0010964,EFO,local,,chunk_000,7749,7782,llm_masked_pass,"molecular and structural analyses 44. Stereo-seq employs DNA nanoball-patterned arrays to generate spatially barcoded cDNA libraries that capture transcriptomes from large tissue sections at high resolution 34,[36][37][38]. Stereo-s",/Users/pujatrivedi/Desktop/MIT/blended_ner_framework/data/papers/multiscale_spatial_transcriptomic/20260602T192339/chunks/chunk_000.txt
basal ganglia,BRAIN_STRUCTURE,basal ganglia disease,http://www.ebi.ac.uk/efo/EFO_0009533,EFO,local,,chunk_000,8435,8448,llm_pass1,"ngths of MERFISH+ and Stereo-seq to generate a multiscale spatial transcriptomic atlas of the human basal ganglia to capture spatial gene-expression patterns, specific cell types, and molecular architectures acros",/Users/pujatrivedi/Desktop/MIT/blended_ner_framework/data/papers/multiscale_spatial_transcriptomic/20260602T192339/chunks/chunk_000.txt
basal ganglia,BRAIN_STRUCTURE,basal ganglia disease,http://www.ebi.ac.uk/efo/EFO_0009533,EFO,local,,chunk_000,8671,8684,llm_pass1,"ue sections from four neurotypical adult postmortem donors. This atlas offers a novel view of human basal ganglia organization of cell types, cellular communities, and region-specific transcriptional gradients at",/Users/pujatrivedi/Desktop/MIT/blended_ner_framework/data/papers/multiscale_spatial_transcriptomic/20260602T192339/chunks/chunk_000.txt
basal ganglia,BRAIN_STRUCTURE,basal ganglia disease,http://www.ebi.ac.uk/efo/EFO_0009533,EFO,local,,chunk_000,8924,8937,llm_pass1,"y uncharted. RESULTS Multi-region, subcellular-resolution spatial transcriptomic mapping of human basal ganglia We obtained four postmortem human brain fresh frozen slabs across anterior-toposterior segments of",/Users/pujatrivedi/Desktop/MIT/blended_ner_framework/data/papers/multiscale_spatial_transcriptomic/20260602T192339/chunks/chunk_000.txt
basal ganglia,BrainRegion,basal ganglia disease,http://www.ebi.ac.uk/efo/EFO_0009533,EFO,local,,chunk_000,9042,9055,llm_masked_pass,"obtained four postmortem human brain fresh frozen slabs across anterior-toposterior segments of the basal ganglia encompassing the caudate nucleus, putamen, nucleus accumbens (NAc), globus pallidus, and internal c",/Users/pujatrivedi/Desktop/MIT/blended_ner_framework/data/papers/multiscale_spatial_transcriptomic/20260602T192339/chunks/chunk_000.txt
caudate nucleus,BRAIN_STRUCTURE,Caudate Nucleus,http://purl.jp/bio/4/id/200906006884530231,IOBC,local,,chunk_000,9073,9088,llm_pass1,"brain fresh frozen slabs across anterior-toposterior segments of the basal ganglia encompassing the caudate nucleus, putamen, nucleus accumbens (NAc), globus pallidus, and internal capsule (Figure 1A). Tissue sample",/Users/pujatrivedi/Desktop/MIT/blended_ner_framework/data/papers/multiscale_spatial_transcriptomic/20260602T192339/chunks/chunk_000.txt
putamen,BRAIN_STRUCTURE,Putamen or Globus Pallidus,http://purl.obolibrary.org/obo/NCIT_C182245,BERO,local,,chunk_000,9090,9097,llm_pass1,"n slabs across anterior-toposterior segments of the basal ganglia encompassing the caudate nucleus, putamen, nucleus accumbens (NAc), globus pallidus, and internal capsule (Figure 1A). Tissue samples were co",/Users/pujatrivedi/Desktop/MIT/blended_ner_framework/data/papers/multiscale_spatial_transcriptomic/20260602T192339/chunks/chunk_000.txt
nucleus accumbens,BRAIN_STRUCTURE,nucleus accumbens septi,http://purl.jp/bio/4/id/200906026769438853,IOBC,local,,chunk_000,9099,9116,llm_pass1,"cross anterior-toposterior segments of the basal ganglia encompassing the caudate nucleus, putamen, nucleus accumbens (NAc), globus pallidus, and internal capsule (Figure 1A). Tissue samples were collected from four n",/Users/pujatrivedi/Desktop/MIT/blended_ner_framework/data/papers/multiscale_spatial_transcriptomic/20260602T192339/chunks/chunk_000.txt
NAc,BrainRegionAcronym,Abnormal globus pallidus morphology,http://purl.obolibrary.org/obo/HP_0002453,UPHENO,local,,chunk_000,9118,9121,llm_masked_pass,"sterior segments of the basal ganglia encompassing the caudate nucleus, putamen, nucleus accumbens (NAc), globus pallidus, and internal capsule (Figure 1A). Tissue samples were collected from four neurot",/Users/pujatrivedi/Desktop/MIT/blended_ner_framework/data/papers/multiscale_spatial_transcriptomic/20260602T192339/chunks/chunk_000.txt
globus pallidus,BRAIN_STRUCTURE,Putamen or Globus Pallidus,http://purl.obolibrary.org/obo/NCIT_C182245,BERO,local,,chunk_000,9124,9139,llm_pass1,"r segments of the basal ganglia encompassing the caudate nucleus, putamen, nucleus accumbens (NAc), globus pallidus, and internal capsule (Figure 1A). Tissue samples were collected from four neurotypical Caucasian m",/Users/pujatrivedi/Desktop/MIT/blended_ner_framework/data/papers/multiscale_spatial_transcriptomic/20260602T192339/chunks/chunk_000.txt
internal capsule,WhiteMatterTract,Abnormality of the internal capsule,http://purl.obolibrary.org/obo/HP_0012502,UPHENO,local,,chunk_000,9145,9161,llm_masked_pass,"al ganglia encompassing the caudate nucleus, putamen, nucleus accumbens (NAc), globus pallidus, and internal capsule (Figure 1A). Tissue samples were collected from four neurotypical Caucasian male donors, aged 36-53",/Users/pujatrivedi/Desktop/MIT/blended_ner_framework/data/papers/multiscale_spatial_transcriptomic/20260602T192339/chunks/chunk_000.txt
basal ganglia,BRAIN_STRUCTURE,basal ganglia disease,http://www.ebi.ac.uk/efo/EFO_0009533,EFO,local,,chunk_000,11641,11654,llm_pass1,"patterns across centimeter scale tissue. Molecular and spatial taxonomy of cell types in the human basal ganglia Using MERFISH+, we resolve approximately 60 transcriptionally distinct cell types that are separab",/Users/pujatrivedi/Desktop/MIT/blended_ner_framework/data/papers/multiscale_spatial_transcriptomic/20260602T192339/chunks/chunk_000.txt
Uniform Manifold Approximation and Projection (UMAP),AnalysisTechnique,cell projection morphogenesis,http://purl.obolibrary.org/obo/GO_0048858,OFL,local,,chunk_000,11774,11826,llm_masked_pass,resolve approximately 60 transcriptionally distinct cell types that are separable when embedded in Uniform Manifold Approximation and Projection (UMAP) space of gene-expression data (Figure 2A). These cell types show expression of expected correspondi,/Users/pujatrivedi/Desktop/MIT/blended_ner_framework/data/papers/multiscale_spatial_transcriptomic/20260602T192339/chunks/chunk_000.txt
single-nucleus RNA sequencing (snRNA-seq),Technique,full length single nucleus RNA sequencing,http://www.ebi.ac.uk/efo/EFO_0009810,EFO,local,,chunk_000,11997,12038,llm_masked_pass,ssion of expected corresponding marker genes (Figure S2) and demonstrate strong correspondence with single-nucleus RNA sequencing (snRNA-seq) datasets from the Allen Institute Mammalian Basal Ganglia Consensus Cell Type Atlas (Allen Institut,/Users/pujatrivedi/Desktop/MIT/blended_ner_framework/data/papers/multiscale_spatial_transcriptomic/20260602T192339/chunks/chunk_000.txt
Allen Institute Mammalian Basal Ganglia Consensus Cell Type Atlas,Dataset,basal ganglia diseases,http://sbmi.uth.tmc.edu/ontology/ochv#1717,OCHV,local,,chunk_000,12057,12122,llm_masked_pass,"demonstrate strong correspondence with single-nucleus RNA sequencing (snRNA-seq) datasets from the Allen Institute Mammalian Basal Ganglia Consensus Cell Type Atlas (Allen Institute; RRID:SCR_024672) 45 (Figure 2B), validating our cell type classification. We iden",/Users/pujatrivedi/Desktop/MIT/blended_ner_framework/data/papers/multiscale_spatial_transcriptomic/20260602T192339/chunks/chunk_000.txt
caudal and lateral ganglionic eminence (CGE/LGE)-derived GABAergic neurons,CellType,obsolete caudal ganglionic eminence derived GABAergic cortical interneuron,http://purl.obolibrary.org/obo/CL_4023070,PCL,local,,chunk_000,12353,12427,llm_masked_pass,"ing anterior-to-posterior sections (Figure 2C). Among these are eight neuronal classes that include caudal and lateral ganglionic eminence (CGE/LGE)-derived GABAergic neurons, which are dominated by medium spiny neurons (MSNs) (Figure S3A). We further examined MSNs -the pr",/Users/pujatrivedi/Desktop/MIT/blended_ner_framework/data/papers/multiscale_spatial_transcriptomic/20260602T192339/chunks/chunk_000.txt
medium spiny neurons (MSNs),CellType,Excitotoxicity Damage of Striatum Medium Spiny Neurons in Huntington Disease,urn:agi-pathway:uuid-eb0af87d-5e76-4826-9444-ee515e97051b,BPT,local,,chunk_000,12452,12479,llm_masked_pass,"caudal and lateral ganglionic eminence (CGE/LGE)-derived GABAergic neurons, which are dominated by medium spiny neurons (MSNs) (Figure S3A). We further examined MSNs -the predominant neuronal population of the striatum that a",/Users/pujatrivedi/Desktop/MIT/blended_ner_framework/data/papers/multiscale_spatial_transcriptomic/20260602T192339/chunks/chunk_000.txt
striatum,BRAIN_STRUCTURE,striatum,http://purl.obolibrary.org/obo/UBERON_0002435,UPHENO,local,,chunk_000,12564,12572,llm_pass1,neurons (MSNs) (Figure S3A). We further examined MSNs -the predominant neuronal population of the striatum that are essential for modulating movement control in the basal ganglia circuit 3. MSNs segregate i,/Users/pujatrivedi/Desktop/MIT/blended_ner_framework/data/papers/multiscale_spatial_transcriptomic/20260602T192339/chunks/chunk_000.txt
basal ganglia,BRAIN_STRUCTURE,basal ganglia disease,http://www.ebi.ac.uk/efo/EFO_0009533,EFO,local,,chunk_000,12631,12644,llm_pass1,inant neuronal population of the striatum that are essential for modulating movement control in the basal ganglia circuit 3. MSNs segregate into two canonical classes -D1 and D2 MSNs -further subdivided into six m,/Users/pujatrivedi/Desktop/MIT/blended_ner_framework/data/papers/multiscale_spatial_transcriptomic/20260602T192339/chunks/chunk_000.txt
STRd D1 Striosome,CellType,D1 protein,http://purl.jp/bio/4/id/200906055585066279,IOBC,local,,chunk_000,12776,12793,llm_masked_pass,"two canonical classes -D1 and D2 MSNs -further subdivided into six major dopaminergic MSN subtypes: STRd D1 Striosome, STRd D1 Matrix, STRv D1, STRd D2 Striosome, STRd D2 Matrix and STRv D2 (dorsal striatum, STRd; ven",/Users/pujatrivedi/Desktop/MIT/blended_ner_framework/data/papers/multiscale_spatial_transcriptomic/20260602T192339/chunks/chunk_000.txt
STRd D1 Matrix,CellType,D1 protein,http://purl.jp/bio/4/id/200906055585066279,IOBC,local,,chunk_000,12795,12809,llm_masked_pass,"es -D1 and D2 MSNs -further subdivided into six major dopaminergic MSN subtypes: STRd D1 Striosome, STRd D1 Matrix, STRv D1, STRd D2 Striosome, STRd D2 Matrix and STRv D2 (dorsal striatum, STRd; ventral striatum, S",/Users/pujatrivedi/Desktop/MIT/blended_ner_framework/data/papers/multiscale_spatial_transcriptomic/20260602T192339/chunks/chunk_000.txt
STRv D1,CellType,D1 protein,http://purl.jp/bio/4/id/200906055585066279,IOBC,local,,chunk_000,12811,12818,llm_masked_pass,"Ns -further subdivided into six major dopaminergic MSN subtypes: STRd D1 Striosome, STRd D1 Matrix, STRv D1, STRd D2 Striosome, STRd D2 Matrix and STRv D2 (dorsal striatum, STRd; ventral striatum, STRv) (Fig",/Users/pujatrivedi/Desktop/MIT/blended_ner_framework/data/papers/multiscale_spatial_transcriptomic/20260602T192339/chunks/chunk_000.txt
STRd D2 Striosome,CellType,D2 protein,http://purl.jp/bio/4/id/200906044288913670,IOBC,local,,chunk_000,12820,12837,llm_masked_pass,"er subdivided into six major dopaminergic MSN subtypes: STRd D1 Striosome, STRd D1 Matrix, STRv D1, STRd D2 Striosome, STRd D2 Matrix and STRv D2 (dorsal striatum, STRd; ventral striatum, STRv) (Figure 2D-E, Figure S3",/Users/pujatrivedi/Desktop/MIT/blended_ner_framework/data/papers/multiscale_spatial_transcriptomic/20260602T192339/chunks/chunk_000.txt
STRd D2 Matrix,CellType,D2 protein,http://purl.jp/bio/4/id/200906044288913670,IOBC,local,,chunk_000,12839,12853,llm_masked_pass,"six major dopaminergic MSN subtypes: STRd D1 Striosome, STRd D1 Matrix, STRv D1, STRd D2 Striosome, STRd D2 Matrix and STRv D2 (dorsal striatum, STRd; ventral striatum, STRv) (Figure 2D-E, Figure S3B). These subtyp",/Users/pujatrivedi/Desktop/MIT/blended_ner_framework/data/papers/multiscale_spatial_transcriptomic/20260602T192339/chunks/chunk_000.txt
STRv D2,CellType,D2 protein,http://purl.jp/bio/4/id/200906044288913670,IOBC,local,,chunk_000,12858,12865,llm_masked_pass,"gic MSN subtypes: STRd D1 Striosome, STRd D1 Matrix, STRv D1, STRd D2 Striosome, STRd D2 Matrix and STRv D2 (dorsal striatum, STRd; ventral striatum, STRv) (Figure 2D-E, Figure S3B). These subtypes display d",/Users/pujatrivedi/Desktop/MIT/blended_ner_framework/data/papers/multiscale_spatial_transcriptomic/20260602T192339/chunks/chunk_000.txt
dorsal striatum,BrainRegion,Dorsal striatum,http://purl.org/sig/ont/fma/fma77620,FMA,local,,chunk_000,12867,12882,llm_masked_pass,"ubtypes: STRd D1 Striosome, STRd D1 Matrix, STRv D1, STRd D2 Striosome, STRd D2 Matrix and STRv D2 (dorsal striatum, STRd; ventral striatum, STRv) (Figure 2D-E, Figure S3B). These subtypes display distinct dorsalven",/Users/pujatrivedi/Desktop/MIT/blended_ner_framework/data/papers/multiscale_spatial_transcriptomic/20260602T192339/chunks/chunk_000.txt
ventral striatum,BrainRegion,Ventral striatum,http://purl.jp/bio/4/id/201106034552261930,IOBC,local,,chunk_000,12890,12906,llm_masked_pass,"ome, STRd D1 Matrix, STRv D1, STRd D2 Striosome, STRd D2 Matrix and STRv D2 (dorsal striatum, STRd; ventral striatum, STRv) (Figure 2D-E, Figure S3B). These subtypes display distinct dorsalventral and striosome-matri",/Users/pujatrivedi/Desktop/MIT/blended_ner_framework/data/papers/multiscale_spatial_transcriptomic/20260602T192339/chunks/chunk_000.txt
striosomal MSNs,CellType,Striosomal part of putamen,http://www.semanticweb.org/ontologies/2009/9/Ontology1255357986125.owl#Striosomal_part_of_putamen,BRCT,local,,chunk_000,13147,13162,llm_masked_pass,"lia compartments along the anterior-posterior axis (Figure 2D, Figure S3B). Specifically, D1 and D2 striosomal MSNs are enriched within striosome compartments, whereas D1 and D2 matrix MSNs predominate in the surrou",/Users/pujatrivedi/Desktop/MIT/blended_ner_framework/data/papers/multiscale_spatial_transcriptomic/20260602T192339/chunks/chunk_000.txt
matrix MSNs,CellType,"Matrix Metalloproteinases, Membrane-Associated",http://purl.bioontology.org/ontology/MESH/D053504,MESH,local,,chunk_000,13225,13236,llm_masked_pass,"ecifically, D1 and D2 striosomal MSNs are enriched within striosome compartments, whereas D1 and D2 matrix MSNs predominate in the surrounding matrix (Figure 2E). The proportion of MSN cell types is largely con",/Users/pujatrivedi/Desktop/MIT/blended_ner_framework/data/papers/multiscale_spatial_transcriptomic/20260602T192339/chunks/chunk_000.txt
D1-D2 hybrid (STR D1D2 Hybrid),CellType,intergeneric hybrid,http://purl.jp/bio/4/id/200906041920464810,IOBC,local,,chunk_000,13952,13982,llm_masked_pass,"not regionally restricted cell types to discrete striatal or pallidal territories [46][47][48]. The D1-D2 hybrid (STR D1D2 Hybrid), striosome-matrix hybrid (STRd D2 Hybrid), and D1 NUDAP (Neurochemically Unique Domains in the Accu",/Users/pujatrivedi/Desktop/MIT/blended_ner_framework/data/papers/multiscale_spatial_transcriptomic/20260602T192339/chunks/chunk_000.txt
striosome-matrix hybrid (STRd D2 Hybrid),CellType,intergeneric hybrid,http://purl.jp/bio/4/id/200906041920464810,IOBC,local,,chunk_000,13984,14024,llm_masked_pass,"ypes to discrete striatal or pallidal territories [46][47][48]. The D1-D2 hybrid (STR D1D2 Hybrid), striosome-matrix hybrid (STRd D2 Hybrid), and D1 NUDAP (Neurochemically Unique Domains in the Accumbens and Putamen) (STRv D1 NUDAP) MSNs ar",/Users/pujatrivedi/Desktop/MIT/blended_ner_framework/data/papers/multiscale_spatial_transcriptomic/20260602T192339/chunks/chunk_000.txt
D1 NUDAP (Neurochemically Unique Domains in the Accumbens and Putamen) (STRv D1 NUDAP),CellType,increased size of the blastomere D1,http://purl.obolibrary.org/obo/XPO_0130064,UPHENO,local,,chunk_000,14030,14116,llm_masked_pass,"ies [46][47][48]. The D1-D2 hybrid (STR D1D2 Hybrid), striosome-matrix hybrid (STRd D2 Hybrid), and D1 NUDAP (Neurochemically Unique Domains in the Accumbens and Putamen) (STRv D1 NUDAP) MSNs are primarily localized within the putamen, caudate nucleus, and nucleus accumbens (Figure 2G)",/Users/pujatrivedi/Desktop/MIT/blended_ner_framework/data/papers/multiscale_spatial_transcriptomic/20260602T192339/chunks/chunk_000.txt
putamen,BRAIN_STRUCTURE,Putamen or Globus Pallidus,http://purl.obolibrary.org/obo/NCIT_C182245,BERO,local,,chunk_000,14157,14164,llm_pass1,"nique Domains in the Accumbens and Putamen) (STRv D1 NUDAP) MSNs are primarily localized within the putamen, caudate nucleus, and nucleus accumbens (Figure 2G), but are largely absent from the globus pallidu",/Users/pujatrivedi/Desktop/MIT/blended_ner_framework/data/papers/multiscale_spatial_transcriptomic/20260602T192339/chunks/chunk_000.txt
caudate nucleus,BRAIN_STRUCTURE,Caudate Nucleus,http://purl.jp/bio/4/id/200906006884530231,IOBC,local,,chunk_000,14166,14181,llm_pass1,"ains in the Accumbens and Putamen) (STRv D1 NUDAP) MSNs are primarily localized within the putamen, caudate nucleus, and nucleus accumbens (Figure 2G), but are largely absent from the globus pallidus and internal ca",/Users/pujatrivedi/Desktop/MIT/blended_ner_framework/data/papers/multiscale_spatial_transcriptomic/20260602T192339/chunks/chunk_000.txt
nucleus accumbens,BRAIN_STRUCTURE,nucleus accumbens septi,http://purl.jp/bio/4/id/200906026769438853,IOBC,local,,chunk_000,14187,14204,llm_pass1,"and Putamen) (STRv D1 NUDAP) MSNs are primarily localized within the putamen, caudate nucleus, and nucleus accumbens (Figure 2G), but are largely absent from the globus pallidus and internal capsule. The mixed state",/Users/pujatrivedi/Desktop/MIT/blended_ner_framework/data/papers/multiscale_spatial_transcriptomic/20260602T192339/chunks/chunk_000.txt
globus pallidus,BRAIN_STRUCTURE,Putamen or Globus Pallidus,http://purl.obolibrary.org/obo/NCIT_C182245,BERO,local,,chunk_000,14250,14265,llm_pass1,"in the putamen, caudate nucleus, and nucleus accumbens (Figure 2G), but are largely absent from the globus pallidus and internal capsule. The mixed state of these cell populations is corroborated by colocalization w",/Users/pujatrivedi/Desktop/MIT/blended_ner_framework/data/papers/multiscale_spatial_transcriptomic/20260602T192339/chunks/chunk_000.txt
DRD1,Gene,DRD1 gene,http://www.drugtargetontology.org/dto/DTO_02200081,DTO,local,,chunk_000,14417,14421,llm_masked_pass,"populations is corroborated by colocalization within individual neurons of multiple transcripts of DRD1, DRD2, and prodynorphin (PDYN), a canonical striosomal MSN marker (Figure 2H). We next examined ne",/Users/pujatrivedi/Desktop/MIT/blended_ner_framework/data/papers/multiscale_spatial_transcriptomic/20260602T192339/chunks/chunk_000.txt
DRD2,Gene,DRD2 gene c.-585A>G,http://purl.bioontology.org/ontology/LNC/LP417573-5,LOINC,local,,chunk_000,14423,14427,llm_masked_pass,"ations is corroborated by colocalization within individual neurons of multiple transcripts of DRD1, DRD2, and prodynorphin (PDYN), a canonical striosomal MSN marker (Figure 2H). We next examined neuronal",/Users/pujatrivedi/Desktop/MIT/blended_ner_framework/data/papers/multiscale_spatial_transcriptomic/20260602T192339/chunks/chunk_000.txt
prodynorphin (PDYN),Gene,prodynorphin,http://purl.jp/bio/4/id/201306044500863788,IOBC,local,,chunk_000,14433,14452,llm_masked_pass,"corroborated by colocalization within individual neurons of multiple transcripts of DRD1, DRD2, and prodynorphin (PDYN), a canonical striosomal MSN marker (Figure 2H). We next examined neuronal subtypes within the glob",/Users/pujatrivedi/Desktop/MIT/blended_ner_framework/data/papers/multiscale_spatial_transcriptomic/20260602T192339/chunks/chunk_000.txt
globus pallidus,BRAIN_STRUCTURE,Putamen or Globus Pallidus,http://purl.obolibrary.org/obo/NCIT_C182245,BERO,local,,chunk_000,14548,14563,llm_pass1,"DYN), a canonical striosomal MSN marker (Figure 2H). We next examined neuronal subtypes within the globus pallidus. Analysis of two posterior sections encompassing both internal (GPi) and external (GPe) segments re",/Users/pujatrivedi/Desktop/MIT/blended_ner_framework/data/papers/multiscale_spatial_transcriptomic/20260602T192339/chunks/chunk_000.txt
GPi,BRAIN_STRUCTURE,Putamen,http://www.radlex.org/RID/RID6551,RADLEX,local,,chunk_000,14628,14631,llm_pass1,subtypes within the globus pallidus. Analysis of two posterior sections encompassing both internal (GPi) and external (GPe) segments reveal six transcriptionally distinct GP-associated neuronal classes:,/Users/pujatrivedi/Desktop/MIT/blended_ner_framework/data/papers/multiscale_spatial_transcriptomic/20260602T192339/chunks/chunk_000.txt
GPe,BRAIN_STRUCTURE,Structure of putamen,http://doe-generated-ontology.com/OntoAD#C0034169,ONTOAD,local,,chunk_000,14647,14650,llm_pass1,"globus pallidus. Analysis of two posterior sections encompassing both internal (GPi) and external (GPe) segments reveal six transcriptionally distinct GP-associated neuronal classes: GPi Shell, GPi Core",/Users/pujatrivedi/Desktop/MIT/blended_ner_framework/data/papers/multiscale_spatial_transcriptomic/20260602T192339/chunks/chunk_000.txt
GPi Shell,CellType,GPI anchor release,http://purl.org/obo/owl/GO#GO_0006507,BIOMODELS,local,,chunk_000,14731,14740,llm_masked_pass,") and external (GPe) segments reveal six transcriptionally distinct GP-associated neuronal classes: GPi Shell, GPi Core, GPin-BF Cholinergic, CN LHX6-GBX1, GPe SOX6-CTXND1, and GPe MEIS2-SOX6 (Figure 2I, Figur",/Users/pujatrivedi/Desktop/MIT/blended_ner_framework/data/papers/multiscale_spatial_transcriptomic/20260602T192339/chunks/chunk_000.txt
GPi Core,CellType,GPI anchor release,http://purl.org/obo/owl/GO#GO_0006507,BIOMODELS,local,,chunk_000,14742,14750,llm_masked_pass,"nal (GPe) segments reveal six transcriptionally distinct GP-associated neuronal classes: GPi Shell, GPi Core, GPin-BF Cholinergic, CN LHX6-GBX1, GPe SOX6-CTXND1, and GPe MEIS2-SOX6 (Figure 2I, Figure S4). As",/Users/pujatrivedi/Desktop/MIT/blended_ner_framework/data/papers/multiscale_spatial_transcriptomic/20260602T192339/chunks/chunk_000.txt
GPin-BF Cholinergic,CellType,Cholinergic syndrome,http://purl.jp/bio/4/id/200906021760711300,IOBC,local,,chunk_000,14752,14771,llm_masked_pass,"segments reveal six transcriptionally distinct GP-associated neuronal classes: GPi Shell, GPi Core, GPin-BF Cholinergic, CN LHX6-GBX1, GPe SOX6-CTXND1, and GPe MEIS2-SOX6 (Figure 2I, Figure S4). As indicated by their no",/Users/pujatrivedi/Desktop/MIT/blended_ner_framework/data/papers/multiscale_spatial_transcriptomic/20260602T192339/chunks/chunk_000.txt
CN LHX6-GBX1,CellType,CN,http://purl.obolibrary.org/obo/OLAS_2161968,OLAS,local,,chunk_000,14773,14785,llm_masked_pass,"ranscriptionally distinct GP-associated neuronal classes: GPi Shell, GPi Core, GPin-BF Cholinergic, CN LHX6-GBX1, GPe SOX6-CTXND1, and GPe MEIS2-SOX6 (Figure 2I, Figure S4). As indicated by their nomenclature, GP",/Users/pujatrivedi/Desktop/MIT/blended_ner_framework/data/papers/multiscale_spatial_transcriptomic/20260602T192339/chunks/chunk_000.txt
GPe,BRAIN_STRUCTURE,Structure of putamen,http://doe-generated-ontology.com/OntoAD#C0034169,ONTOAD,local,,chunk_000,14787,14790,llm_pass1,"ly distinct GP-associated neuronal classes: GPi Shell, GPi Core, GPin-BF Cholinergic, CN LHX6-GBX1, GPe SOX6-CTXND1, and GPe MEIS2-SOX6 (Figure 2I, Figure S4). As indicated by their nomenclature, GPi She",/Users/pujatrivedi/Desktop/MIT/blended_ner_framework/data/papers/multiscale_spatial_transcriptomic/20260602T192339/chunks/chunk_000.txt
GPe MEIS2-SOX6,CellType,Xanthomonas albilineans GPE PC73,http://purl.obolibrary.org/obo/NCBITaxon_380358,PLANTSO,local,,chunk_000,14808,14822,llm_masked_pass,"ated neuronal classes: GPi Shell, GPi Core, GPin-BF Cholinergic, CN LHX6-GBX1, GPe SOX6-CTXND1, and GPe MEIS2-SOX6 (Figure 2I, Figure S4). As indicated by their nomenclature, GPi Shell and GPi Core neurons are loca",/Users/pujatrivedi/Desktop/MIT/blended_ner_framework/data/papers/multiscale_spatial_transcriptomic/20260602T192339/chunks/chunk_000.txt
basal ganglia,BRAIN_STRUCTURE,basal ganglia disease,http://www.ebi.ac.uk/efo/EFO_0009533,EFO,local,,chunk_000,15122,15135,llm_pass1,"nd CN LHX6-GBX1 neurons are concentrated within the GPe and show only sparse distributions in other basal ganglia nuclei (Figure 2K). In addition to neuronal classes, we uncovered multiple non-neuronal population",/Users/pujatrivedi/Desktop/MIT/blended_ner_framework/data/papers/multiscale_spatial_transcriptomic/20260602T192339/chunks/chunk_000.txt
astrocytic/ependymal (Astro-Epen),CellClass,High Grade Astrocytic Tumor,http://purl.obolibrary.org/obo/NCIT_C102897,OMCO,local,,chunk_000,15376,15409,llm_masked_pass,"spatial localizations (Figure 3A, Figure S5). Four major categories are observed: immune, vascular, astrocytic/ependymal (Astro-Epen), and oligodendrocyte lineage (OPC-Oligo) cells, each exhibiting characteristic regional patterns. O",/Users/pujatrivedi/Desktop/MIT/blended_ner_framework/data/papers/multiscale_spatial_transcriptomic/20260602T192339/chunks/chunk_000.txt
oligodendrocyte lineage (OPC-Oligo),CellLineage,OPC NN_2 oligodendrocyte precursor cell (Mmus),http://purl.obolibrary.org/obo/CL_4307091,PCL,local,,chunk_000,15415,15450,llm_masked_pass,"e S5). Four major categories are observed: immune, vascular, astrocytic/ependymal (Astro-Epen), and oligodendrocyte lineage (OPC-Oligo) cells, each exhibiting characteristic regional patterns. OPC-Oligo cells represent the oligodendroc",/Users/pujatrivedi/Desktop/MIT/blended_ner_framework/data/papers/multiscale_spatial_transcriptomic/20260602T192339/chunks/chunk_000.txt
committed oligodendrocyte progenitors (COP),CellType,COP NN_1 9130019P16Rik committed oligodendrocyte precursor (Mmus),http://purl.obolibrary.org/obo/CL_4307093,PCL,local,,chunk_000,15738,15781,llm_masked_pass,"non-neuronal cells (Figure 3A-left). This group includes five transcriptionally distinct subtypes: committed oligodendrocyte progenitors (COP), oligodendrocyte progenitor cells (OPC), Oligo PLEKHG1, immune-associated oligodendrocytes (ImOligo",/Users/pujatrivedi/Desktop/MIT/blended_ner_framework/data/papers/multiscale_spatial_transcriptomic/20260602T192339/chunks/chunk_000.txt
oligodendrocyte progenitor cells (OPC),CellType,decreased oligodendrocyte progenitor number,http://purl.obolibrary.org/obo/MP_0000954,UPHENO,local,,chunk_000,15783,15821,llm_masked_pass,"oup includes five transcriptionally distinct subtypes: committed oligodendrocyte progenitors (COP), oligodendrocyte progenitor cells (OPC), Oligo PLEKHG1, immune-associated oligodendrocytes (ImOligo), and Oligo OPALIN (Figure 3A-right). N",/Users/pujatrivedi/Desktop/MIT/blended_ner_framework/data/papers/multiscale_spatial_transcriptomic/20260602T192339/chunks/chunk_000.txt
Oligo PLEKHG1,CellType,Oligo L1-6 OPALIN middle temporal gyrus oligodendrocyte (Hsap),http://purl.obolibrary.org/obo/PCL_0023073,PCL,local,,chunk_000,15823,15836,llm_masked_pass,"inct subtypes: committed oligodendrocyte progenitors (COP), oligodendrocyte progenitor cells (OPC), Oligo PLEKHG1, immune-associated oligodendrocytes (ImOligo), and Oligo OPALIN (Figure 3A-right). Notably, Oligo O",/Users/pujatrivedi/Desktop/MIT/blended_ner_framework/data/papers/multiscale_spatial_transcriptomic/20260602T192339/chunks/chunk_000.txt
immune-associated oligodendrocytes (ImOligo),CellType,oligodendroglia,http://sbmi.uth.tmc.edu/ontology/ochv#8929,OCHV,local,,chunk_000,15838,15882,llm_masked_pass,"committed oligodendrocyte progenitors (COP), oligodendrocyte progenitor cells (OPC), Oligo PLEKHG1, immune-associated oligodendrocytes (ImOligo), and Oligo OPALIN (Figure 3A-right). Notably, Oligo OPALIN and Oligo PLEKHG1 display complementary",/Users/pujatrivedi/Desktop/MIT/blended_ner_framework/data/papers/multiscale_spatial_transcriptomic/20260602T192339/chunks/chunk_000.txt
Oligo OPALIN,CellType,NS forest marker set of Oligo OPALIN LOC103790018 M1 (Marmoset).,http://purl.obolibrary.org/obo/PCL_0020583,PCL,local,,chunk_000,15888,15900,llm_masked_pass,"dendrocyte progenitor cells (OPC), Oligo PLEKHG1, immune-associated oligodendrocytes (ImOligo), and Oligo OPALIN (Figure 3A-right). Notably, Oligo OPALIN and Oligo PLEKHG1 display complementary spatial distributi",/Users/pujatrivedi/Desktop/MIT/blended_ner_framework/data/papers/multiscale_spatial_transcriptomic/20260602T192339/chunks/chunk_000.txt
striatopallidal fiber tracts,WhiteMatterTract,Thalamic Fiber Tracts,http://bioontology.org/projects/ontologies/birnlex#birnlex_749,BIRNLEX,local,,chunk_000,16126,16154,llm_masked_pass,"rential transcriptional signatures (Figure 3C). We found that Oligo OPALIN cells are enriched along striatopallidal fiber tracts (arrows, Figure 3B-right), whereas Oligo PLEKHG1 cells are preferentially localized to the internal",/Users/pujatrivedi/Desktop/MIT/blended_ner_framework/data/papers/multiscale_spatial_transcriptomic/20260602T192339/chunks/chunk_000.txt
internal capsule white matter,WhiteMatterRegion,Abnormality of the internal capsule,http://purl.obolibrary.org/obo/HP_0012502,UPHENO,local,,chunk_000,16246,16275,llm_masked_pass,"r tracts (arrows, Figure 3B-right), whereas Oligo PLEKHG1 cells are preferentially localized to the internal capsule white matter and globus pallidus, but are sparse in the putamen and caudate nucleus -this pattern is consistent",/Users/pujatrivedi/Desktop/MIT/blended_ner_framework/data/papers/multiscale_spatial_transcriptomic/20260602T192339/chunks/chunk_000.txt
globus pallidus,BRAIN_STRUCTURE,Putamen or Globus Pallidus,http://purl.obolibrary.org/obo/NCIT_C182245,BERO,local,,chunk_000,16280,16295,llm_pass1,", whereas Oligo PLEKHG1 cells are preferentially localized to the internal capsule white matter and globus pallidus, but are sparse in the putamen and caudate nucleus -this pattern is consistent across different sec",/Users/pujatrivedi/Desktop/MIT/blended_ner_framework/data/papers/multiscale_spatial_transcriptomic/20260602T192339/chunks/chunk_000.txt
putamen,BRAIN_STRUCTURE,Putamen or Globus Pallidus,http://purl.obolibrary.org/obo/NCIT_C182245,BERO,local,,chunk_000,16319,16326,llm_pass1,"rentially localized to the internal capsule white matter and globus pallidus, but are sparse in the putamen and caudate nucleus -this pattern is consistent across different sections (Figure S6A).",/Users/pujatrivedi/Desktop/MIT/blended_ner_framework/data/papers/multiscale_spatial_transcriptomic/20260602T192339/chunks/chunk_000.txt
caudate nucleus,BRAIN_STRUCTURE,Caudate Nucleus,http://purl.jp/bio/4/id/200906006884530231,IOBC,local,,chunk_000,16331,16346,llm_pass1,"calized to the internal capsule white matter and globus pallidus, but are sparse in the putamen and caudate nucleus -this pattern is consistent across different sections (Figure S6A).",/Users/pujatrivedi/Desktop/MIT/blended_ner_framework/data/papers/multiscale_spatial_transcriptomic/20260602T192339/chunks/chunk_000.txt
astrocytes,GLIAL_CELL,Set of astrocytes,http://purl.org/sig/ont/fma/fma84101,FMA,local,,chunk_001,14,24,llm_pass1,We found that astrocytes also exhibit pronounced regional heterogeneity. Subclustering analysis identifies six astrocyte sub,/Users/pujatrivedi/Desktop/MIT/blended_ner_framework/data/papers/multiscale_spatial_transcriptomic/20260602T192339/chunks/chunk_001.txt
astrocyte,GLIAL_CELL,astrocyte,http://purl.jp/bio/4/id/200906056154300319,IOBC,local,,chunk_001,111,120,llm_pass1,"at astrocytes also exhibit pronounced regional heterogeneity. Subclustering analysis identifies six astrocyte subtypes, each defined by distinct marker gene combinations that include aquaporin 4 (AQP4), aquapo",/Users/pujatrivedi/Desktop/MIT/blended_ner_framework/data/papers/multiscale_spatial_transcriptomic/20260602T192339/chunks/chunk_001.txt
aquaporin 4,PROTEIN,Aquaporin 4,http://purl.jp/bio/4/id/200906033620296556,IOBC,local,,chunk_001,194,205,llm_pass1,"s identifies six astrocyte subtypes, each defined by distinct marker gene combinations that include aquaporin 4 (AQP4), aquaporin 1 (AQP1), solute carrier family 6 member 11 (SLC6A11), chitinase 3-like 1 (CHI3L1",/Users/pujatrivedi/Desktop/MIT/blended_ner_framework/data/papers/multiscale_spatial_transcriptomic/20260602T192339/chunks/chunk_001.txt
AQP4,GENE,anti AQP4 antibody,http://purl.jp/bio/4/id/200906092882771740,IOBC,local,,chunk_001,207,211,llm_pass1,"six astrocyte subtypes, each defined by distinct marker gene combinations that include aquaporin 4 (AQP4), aquaporin 1 (AQP1), solute carrier family 6 member 11 (SLC6A11), chitinase 3-like 1 (CHI3L1), and",/Users/pujatrivedi/Desktop/MIT/blended_ner_framework/data/papers/multiscale_spatial_transcriptomic/20260602T192339/chunks/chunk_001.txt
aquaporin 1,PROTEIN,Aquaporin 1,http://purl.jp/bio/4/id/200906085045589783,IOBC,local,,chunk_001,214,225,llm_pass1,"rocyte subtypes, each defined by distinct marker gene combinations that include aquaporin 4 (AQP4), aquaporin 1 (AQP1), solute carrier family 6 member 11 (SLC6A11), chitinase 3-like 1 (CHI3L1), and adhesion G pr",/Users/pujatrivedi/Desktop/MIT/blended_ner_framework/data/papers/multiscale_spatial_transcriptomic/20260602T192339/chunks/chunk_001.txt
AQP1,GENE,AQP1,http://identifiers.org/hgnc/633,HRA,local,,chunk_001,227,231,llm_pass1,"es, each defined by distinct marker gene combinations that include aquaporin 4 (AQP4), aquaporin 1 (AQP1), solute carrier family 6 member 11 (SLC6A11), chitinase 3-like 1 (CHI3L1), and adhesion G protein-",/Users/pujatrivedi/Desktop/MIT/blended_ner_framework/data/papers/multiscale_spatial_transcriptomic/20260602T192339/chunks/chunk_001.txt
solute carrier family 6 member 11,PROTEIN,solute carrier family 4 member 11 (human),http://purl.obolibrary.org/obo/PR_Q8NBS3,PR,local,,chunk_001,234,267,llm_pass1,"h defined by distinct marker gene combinations that include aquaporin 4 (AQP4), aquaporin 1 (AQP1), solute carrier family 6 member 11 (SLC6A11), chitinase 3-like 1 (CHI3L1), and adhesion G protein-coupled receptor V1 (ADGRV1) (Figure",/Users/pujatrivedi/Desktop/MIT/blended_ner_framework/data/papers/multiscale_spatial_transcriptomic/20260602T192339/chunks/chunk_001.txt
SLC6A11,GENE,SLC6A11 (human),http://purl.obolibrary.org/obo/HGNC_11044,PR,local,,chunk_001,269,276,llm_pass1,"ombinations that include aquaporin 4 (AQP4), aquaporin 1 (AQP1), solute carrier family 6 member 11 (SLC6A11), chitinase 3-like 1 (CHI3L1), and adhesion G protein-coupled receptor V1 (ADGRV1) (Figure 3D). The",/Users/pujatrivedi/Desktop/MIT/blended_ner_framework/data/papers/multiscale_spatial_transcriptomic/20260602T192339/chunks/chunk_001.txt
chitinase 3-like 1,PROTEIN,Aquaporin 1,http://purl.jp/bio/4/id/200906085045589783,IOBC,local,,chunk_001,279,297,llm_pass1,"s that include aquaporin 4 (AQP4), aquaporin 1 (AQP1), solute carrier family 6 member 11 (SLC6A11), chitinase 3-like 1 (CHI3L1), and adhesion G protein-coupled receptor V1 (ADGRV1) (Figure 3D). These subtypes form disc",/Users/pujatrivedi/Desktop/MIT/blended_ner_framework/data/papers/multiscale_spatial_transcriptomic/20260602T192339/chunks/chunk_001.txt
CHI3L1,GENE,CHI3L1 Gene,http://www.semanticweb.org/zchero/ontologies/2023/11/SepsisOntology#CHI3L1_Gene,SEPON,local,,chunk_001,299,305,llm_pass1,"orin 4 (AQP4), aquaporin 1 (AQP1), solute carrier family 6 member 11 (SLC6A11), chitinase 3-like 1 (CHI3L1), and adhesion G protein-coupled receptor V1 (ADGRV1) (Figure 3D). These subtypes form discrete clu",/Users/pujatrivedi/Desktop/MIT/blended_ner_framework/data/papers/multiscale_spatial_transcriptomic/20260602T192339/chunks/chunk_001.txt
adhesion G protein-coupled receptor V1,PROTEIN,adhesion G protein-coupled receptor V1,http://www.case.edu/EpilepsyOntology.owl#ADGRV1,EPSO,local,,chunk_001,312,350,llm_pass1,", aquaporin 1 (AQP1), solute carrier family 6 member 11 (SLC6A11), chitinase 3-like 1 (CHI3L1), and adhesion G protein-coupled receptor V1 (ADGRV1) (Figure 3D). These subtypes form discrete clusters in UMAP space with divergent transcript",/Users/pujatrivedi/Desktop/MIT/blended_ner_framework/data/papers/multiscale_spatial_transcriptomic/20260602T192339/chunks/chunk_001.txt
ADGRV1,GENE,adgrv1 (zebrafish),http://purl.obolibrary.org/obo/ZFIN_ZDB-GENE-040624-6,PR,local,,chunk_001,352,358,llm_pass1,"ily 6 member 11 (SLC6A11), chitinase 3-like 1 (CHI3L1), and adhesion G protein-coupled receptor V1 (ADGRV1) (Figure 3D). These subtypes form discrete clusters in UMAP space with divergent transcriptional si",/Users/pujatrivedi/Desktop/MIT/blended_ner_framework/data/papers/multiscale_spatial_transcriptomic/20260602T192339/chunks/chunk_001.txt
UMAP,ComputationalTechnique,adhesion G-protein coupled receptor V1,http://purl.obolibrary.org/obo/PR_000008191,PR,local,,chunk_001,414,418,llm_masked_pass,hesion G protein-coupled receptor V1 (ADGRV1) (Figure 3D). These subtypes form discrete clusters in UMAP space with divergent transcriptional signatures (Figure 3E). Except for the ventricle-associated as,/Users/pujatrivedi/Desktop/MIT/blended_ner_framework/data/papers/multiscale_spatial_transcriptomic/20260602T192339/chunks/chunk_001.txt
astrocytes,GLIAL_CELL,Set of astrocytes,http://purl.org/sig/ont/fma/fma84101,FMA,local,,chunk_001,516,526,llm_pass1,"AP space with divergent transcriptional signatures (Figure 3E). Except for the ventricle-associated astrocytes (Ventricle_Astro, captured in section AP19), the relative abundances of astrocyte subtypes are gene",/Users/pujatrivedi/Desktop/MIT/blended_ner_framework/data/papers/multiscale_spatial_transcriptomic/20260602T192339/chunks/chunk_001.txt
Ventricle_Astro,AstrocyteSubtype,increased astrocyte size,http://purl.obolibrary.org/obo/MP_0020434,UPHENO,local,,chunk_001,528,543,llm_masked_pass,"h divergent transcriptional signatures (Figure 3E). Except for the ventricle-associated astrocytes (Ventricle_Astro, captured in section AP19), the relative abundances of astrocyte subtypes are generally consistent",/Users/pujatrivedi/Desktop/MIT/blended_ner_framework/data/papers/multiscale_spatial_transcriptomic/20260602T192339/chunks/chunk_001.txt
astrocyte subtypes,CellTypeClass,decreased astrocyte size,http://purl.obolibrary.org/obo/MP_0020435,UPHENO,local,,chunk_001,599,617,llm_masked_pass,"ricle-associated astrocytes (Ventricle_Astro, captured in section AP19), the relative abundances of astrocyte subtypes are generally consistent across anterior and posterior basal ganglia regions (Figure 3F). Spatial m",/Users/pujatrivedi/Desktop/MIT/blended_ner_framework/data/papers/multiscale_spatial_transcriptomic/20260602T192339/chunks/chunk_001.txt
basal ganglia,BRAIN_STRUCTURE,basal ganglia disease,http://www.ebi.ac.uk/efo/EFO_0009533,EFO,local,,chunk_001,673,686,llm_pass1,he relative abundances of astrocyte subtypes are generally consistent across anterior and posterior basal ganglia regions (Figure 3F). Spatial mapping reveal distinct topographic specializations (Figure 3G and Fig,/Users/pujatrivedi/Desktop/MIT/blended_ner_framework/data/papers/multiscale_spatial_transcriptomic/20260602T192339/chunks/chunk_001.txt
WM_Astro cells,AstrocyteSubtype,High vaginal swab: white cells seen,http://purl.bioontology.org/ontology/RCTV2/4JK2500,RCTV2,local,,chunk_001,798,812,llm_masked_pass,"gure 3F). Spatial mapping reveal distinct topographic specializations (Figure 3G and Figure S6B-C): WM_Astro cells, characterized by high AQP1 expression, are localized primarily to white matter tracts and the peri",/Users/pujatrivedi/Desktop/MIT/blended_ner_framework/data/papers/multiscale_spatial_transcriptomic/20260602T192339/chunks/chunk_001.txt
AQP1,GENE,AQP1,http://identifiers.org/hgnc/633,HRA,local,,chunk_001,836,840,llm_pass1,"nct topographic specializations (Figure 3G and Figure S6B-C): WM_Astro cells, characterized by high AQP1 expression, are localized primarily to white matter tracts and the peripheral globus pallidus (Figu",/Users/pujatrivedi/Desktop/MIT/blended_ner_framework/data/papers/multiscale_spatial_transcriptomic/20260602T192339/chunks/chunk_001.txt
white matter tracts,NEURAL_PATHWAY,telencephalic white matter tracts  ( human ),https://purl.brain-bican.org/ontology/hbao/HBA_9230,PCL,local,,chunk_001,880,899,llm_pass1,"nd Figure S6B-C): WM_Astro cells, characterized by high AQP1 expression, are localized primarily to white matter tracts and the peripheral globus pallidus (Figure 3H); STR_Astro-2 cells, defined by ADGRV1, are enriched",/Users/pujatrivedi/Desktop/MIT/blended_ner_framework/data/papers/multiscale_spatial_transcriptomic/20260602T192339/chunks/chunk_001.txt
globus pallidus,BRAIN_STRUCTURE,Putamen or Globus Pallidus,http://purl.obolibrary.org/obo/NCIT_C182245,BERO,local,,chunk_001,919,934,llm_pass1,"cterized by high AQP1 expression, are localized primarily to white matter tracts and the peripheral globus pallidus (Figure 3H); STR_Astro-2 cells, defined by ADGRV1, are enriched in striatum (Figure 3I), and GP-TH_",/Users/pujatrivedi/Desktop/MIT/blended_ner_framework/data/papers/multiscale_spatial_transcriptomic/20260602T192339/chunks/chunk_001.txt
STR_Astro-2 cells,AstrocyteSubtype,Set of cholinergic cells of globus pallidus [Ch3],http://purl.org/sig/ont/fma/fma84397,FMA,local,,chunk_001,948,965,llm_masked_pass,"ion, are localized primarily to white matter tracts and the peripheral globus pallidus (Figure 3H); STR_Astro-2 cells, defined by ADGRV1, are enriched in striatum (Figure 3I), and GP-TH_Astro cells, expressing SLC6A11",/Users/pujatrivedi/Desktop/MIT/blended_ner_framework/data/papers/multiscale_spatial_transcriptomic/20260602T192339/chunks/chunk_001.txt
ADGRV1,GENE,adgrv1 (zebrafish),http://purl.obolibrary.org/obo/ZFIN_ZDB-GENE-040624-6,PR,local,,chunk_001,978,984,llm_pass1,"o white matter tracts and the peripheral globus pallidus (Figure 3H); STR_Astro-2 cells, defined by ADGRV1, are enriched in striatum (Figure 3I), and GP-TH_Astro cells, expressing SLC6A11, are selectively c",/Users/pujatrivedi/Desktop/MIT/blended_ner_framework/data/papers/multiscale_spatial_transcriptomic/20260602T192339/chunks/chunk_001.txt
striatum,BRAIN_STRUCTURE,striatum,http://purl.obolibrary.org/obo/UBERON_0002435,UPHENO,local,,chunk_001,1002,1010,llm_pass1,"d the peripheral globus pallidus (Figure 3H); STR_Astro-2 cells, defined by ADGRV1, are enriched in striatum (Figure 3I), and GP-TH_Astro cells, expressing SLC6A11, are selectively concentrated in the globus",/Users/pujatrivedi/Desktop/MIT/blended_ner_framework/data/papers/multiscale_spatial_transcriptomic/20260602T192339/chunks/chunk_001.txt
GP-TH_Astro cells,AstrocyteSubtype,Set of cholinergic cells of globus pallidus [Ch3],http://purl.org/sig/ont/fma/fma84397,FMA,local,,chunk_001,1028,1045,llm_masked_pass,"llidus (Figure 3H); STR_Astro-2 cells, defined by ADGRV1, are enriched in striatum (Figure 3I), and GP-TH_Astro cells, expressing SLC6A11, are selectively concentrated in the globus pallidus (Figure 3J). The different",/Users/pujatrivedi/Desktop/MIT/blended_ner_framework/data/papers/multiscale_spatial_transcriptomic/20260602T192339/chunks/chunk_001.txt
SLC6A11,GENE,SLC6A11 (human),http://purl.obolibrary.org/obo/HGNC_11044,PR,local,,chunk_001,1058,1065,llm_pass1,"2 cells, defined by ADGRV1, are enriched in striatum (Figure 3I), and GP-TH_Astro cells, expressing SLC6A11, are selectively concentrated in the globus pallidus (Figure 3J). The differential gene expression",/Users/pujatrivedi/Desktop/MIT/blended_ner_framework/data/papers/multiscale_spatial_transcriptomic/20260602T192339/chunks/chunk_001.txt
globus pallidus,BRAIN_STRUCTURE,Putamen or Globus Pallidus,http://purl.obolibrary.org/obo/NCIT_C182245,BERO,local,,chunk_001,1103,1118,llm_pass1,"triatum (Figure 3I), and GP-TH_Astro cells, expressing SLC6A11, are selectively concentrated in the globus pallidus (Figure 3J). The differential gene expression of these varied astrocytic cell types likely provides",/Users/pujatrivedi/Desktop/MIT/blended_ner_framework/data/papers/multiscale_spatial_transcriptomic/20260602T192339/chunks/chunk_001.txt
SLC6A11,GENE,SLC6A11 (human),http://purl.obolibrary.org/obo/HGNC_11044,PR,local,,chunk_001,1268,1275,llm_pass1,"these varied astrocytic cell types likely provides clues for their specific function. For instance, SLC6A11 (also known as GAT-3) is a GABA transporter that is important for GABA uptake and metabolism in ast",/Users/pujatrivedi/Desktop/MIT/blended_ner_framework/data/papers/multiscale_spatial_transcriptomic/20260602T192339/chunks/chunk_001.txt
GAT-3,TransporterProtein,GABA Plasma Membrane Transport Proteins,http://purl.jp/bio/4/id/200906011294245853,IOBC,local,,chunk_001,1291,1296,llm_masked_pass,"cell types likely provides clues for their specific function. For instance, SLC6A11 (also known as GAT-3) is a GABA transporter that is important for GABA uptake and metabolism in astrocytes 49,50, consis",/Users/pujatrivedi/Desktop/MIT/blended_ner_framework/data/papers/multiscale_spatial_transcriptomic/20260602T192339/chunks/chunk_001.txt
GABA transporter,TransporterProtein,GABA Plasma Membrane Transport Proteins,http://purl.jp/bio/4/id/200906011294245853,IOBC,local,,chunk_001,1303,1319,llm_masked_pass,"likely provides clues for their specific function. For instance, SLC6A11 (also known as GAT-3) is a GABA transporter that is important for GABA uptake and metabolism in astrocytes 49,50, consistent with the high abun",/Users/pujatrivedi/Desktop/MIT/blended_ner_framework/data/papers/multiscale_spatial_transcriptomic/20260602T192339/chunks/chunk_001.txt
GABA uptake and metabolism,MolecularPathway,GABA Uptake Inhibitors,http://purl.jp/bio/4/id/201106086043161993,IOBC,local,,chunk_001,1342,1368,llm_masked_pass,"c function. For instance, SLC6A11 (also known as GAT-3) is a GABA transporter that is important for GABA uptake and metabolism in astrocytes 49,50, consistent with the high abundance of GABAergic neurons in the globus pallidus",/Users/pujatrivedi/Desktop/MIT/blended_ner_framework/data/papers/multiscale_spatial_transcriptomic/20260602T192339/chunks/chunk_001.txt
astrocytes,GLIAL_CELL,Set of astrocytes,http://purl.org/sig/ont/fma/fma84101,FMA,local,,chunk_001,1372,1382,llm_pass1,"A11 (also known as GAT-3) is a GABA transporter that is important for GABA uptake and metabolism in astrocytes 49,50, consistent with the high abundance of GABAergic neurons in the globus pallidus. These findin",/Users/pujatrivedi/Desktop/MIT/blended_ner_framework/data/papers/multiscale_spatial_transcriptomic/20260602T192339/chunks/chunk_001.txt
GABAergic neurons,NeuronType,GABAergic Neurons,http://purl.obolibrary.org/obo/MESH_D059330,BERO,local,,chunk_001,1428,1445,llm_masked_pass,"important for GABA uptake and metabolism in astrocytes 49,50, consistent with the high abundance of GABAergic neurons in the globus pallidus. These findings underscore the molecular, cellular, and spatial heterogeneit",/Users/pujatrivedi/Desktop/MIT/blended_ner_framework/data/papers/multiscale_spatial_transcriptomic/20260602T192339/chunks/chunk_001.txt
globus pallidus,BRAIN_STRUCTURE,Putamen or Globus Pallidus,http://purl.obolibrary.org/obo/NCIT_C182245,BERO,local,,chunk_001,1453,1468,llm_pass1,"and metabolism in astrocytes 49,50, consistent with the high abundance of GABAergic neurons in the globus pallidus. These findings underscore the molecular, cellular, and spatial heterogeneity of glial and neuronal",/Users/pujatrivedi/Desktop/MIT/blended_ner_framework/data/papers/multiscale_spatial_transcriptomic/20260602T192339/chunks/chunk_001.txt
human basal ganglia,UBERON_ANATOMICAL_STRUCTURE,basal ganglia disease,http://www.ebi.ac.uk/efo/EFO_0009533,EFO,local,,chunk_001,1625,1644,llm_pass1,spatial heterogeneity of glial and neuronal populations that define the complex architecture of the human basal ganglia. Subcellular transcript localization for somatic size estimation and projection inference The hig,/Users/pujatrivedi/Desktop/MIT/blended_ner_framework/data/papers/multiscale_spatial_transcriptomic/20260602T192339/chunks/chunk_001.txt
MERFISH+,SpatialTranscriptomicsTechnique,basal ganglia disease,http://www.ebi.ac.uk/efo/EFO_0009533,EFO,local,,chunk_001,1767,1775,llm_masked_pass,pt localization for somatic size estimation and projection inference The high spatial precision of MERFISH+ enables the localization of individual RNA molecules at subcellular resolution (Figure 1J-K; Supple,/Users/pujatrivedi/Desktop/MIT/blended_ner_framework/data/papers/multiscale_spatial_transcriptomic/20260602T192339/chunks/chunk_001.txt
RNA molecules,MolecularEntity,RNA subcellular localization variant,http://purl.obolibrary.org/obo/WBPhenotype_0002664,UPHENO,local,,chunk_001,1815,1828,llm_masked_pass,projection inference The high spatial precision of MERFISH+ enables the localization of individual RNA molecules at subcellular resolution (Figure 1J-K; Supplementary Movie 1). This allows each transcript to be c,/Users/pujatrivedi/Desktop/MIT/blended_ner_framework/data/papers/multiscale_spatial_transcriptomic/20260602T192339/chunks/chunk_001.txt
subcellular resolution,ImagingFeature,subcellular protein localization assay,http://purl.obolibrary.org/obo/OBI_0002167,OBI,local,,chunk_001,1832,1854,llm_masked_pass,nce The high spatial precision of MERFISH+ enables the localization of individual RNA molecules at subcellular resolution (Figure 1J-K; Supplementary Movie 1). This allows each transcript to be categorized as nuclear (wit,/Users/pujatrivedi/Desktop/MIT/blended_ner_framework/data/papers/multiscale_spatial_transcriptomic/20260602T192339/chunks/chunk_001.txt
nucleus,SubcellularCompartment,hindbrain nucleus,http://purl.obolibrary.org/obo/UBERON_0009662,AISM,local,,chunk_001,1962,1969,llm_masked_pass,"1J-K; Supplementary Movie 1). This allows each transcript to be categorized as nuclear (within the nucleus), somatic (within the cytoplasm), or putative cellular processes (distributed along processes or ex",/Users/pujatrivedi/Desktop/MIT/blended_ner_framework/data/papers/multiscale_spatial_transcriptomic/20260602T192339/chunks/chunk_001.txt
cytoplasm,SubcellularCompartment,protein localization to perinuclear region of cytoplasm,http://purl.obolibrary.org/obo/GO_1905719,UPHENO,local,,chunk_001,1992,2001,llm_masked_pass,"This allows each transcript to be categorized as nuclear (within the nucleus), somatic (within the cytoplasm), or putative cellular processes (distributed along processes or extensions) (Figure 4A) (see STAR",/Users/pujatrivedi/Desktop/MIT/blended_ner_framework/data/papers/multiscale_spatial_transcriptomic/20260602T192339/chunks/chunk_001.txt
cellular processes,CellularStructure,host cellular processes involved in virus induced gene silencing,http://purl.org/obo/owl/GO#GO_0060144,BIOMODELS,local,,chunk_001,2016,2034,llm_masked_pass,"ript to be categorized as nuclear (within the nucleus), somatic (within the cytoplasm), or putative cellular processes (distributed along processes or extensions) (Figure 4A) (see STAR Methods). While nuclear and somat",/Users/pujatrivedi/Desktop/MIT/blended_ner_framework/data/papers/multiscale_spatial_transcriptomic/20260602T192339/chunks/chunk_001.txt
somatic morphology,MorphologicalFeature,abnormal somatic stem cell morphology,http://purl.obolibrary.org/obo/XPO_0102147,UPHENO,local,,chunk_001,2227,2245,llm_masked_pass,"d somatic transcripts are used to define cell identity, we developed additional analysis to capture somatic morphology of single neurons. We also used the RNA distributions in putative cellular processes to reveal info",/Users/pujatrivedi/Desktop/MIT/blended_ner_framework/data/papers/multiscale_spatial_transcriptomic/20260602T192339/chunks/chunk_001.txt
single neurons,NeuronType,single cell library construction protocol,http://www.ebi.ac.uk/efo/EFO_0010213,EFO,local,,chunk_001,2249,2263,llm_masked_pass,"are used to define cell identity, we developed additional analysis to capture somatic morphology of single neurons. We also used the RNA distributions in putative cellular processes to reveal information about proj",/Users/pujatrivedi/Desktop/MIT/blended_ner_framework/data/papers/multiscale_spatial_transcriptomic/20260602T192339/chunks/chunk_001.txt
human basal ganglia,UBERON_ANATOMICAL_STRUCTURE,basal ganglia disease,http://www.ebi.ac.uk/efo/EFO_0009533,EFO,local,,chunk_001,2382,2401,llm_pass1,"RNA distributions in putative cellular processes to reveal information about projection topology in human basal ganglia. To estimate somatic size, we modeled each cell's cytoplasmic space as a threedimensional point cl",/Users/pujatrivedi/Desktop/MIT/blended_ner_framework/data/papers/multiscale_spatial_transcriptomic/20260602T192339/chunks/chunk_001.txt
neuronal soma volumes,MorphologicalFeature,Neuronal loss in basal ganglia,http://purl.obolibrary.org/obo/HP_0200147,HP,local,,chunk_001,2677,2698,llm_masked_pass,lumetric mesh representation (see STAR Methods). This analysis reveals substantial heterogeneity in neuronal soma volumes across basal ganglia regions (Figure 4A-B). Cholinergic interneurons and globus pallidus neurons in,/Users/pujatrivedi/Desktop/MIT/blended_ner_framework/data/papers/multiscale_spatial_transcriptomic/20260602T192339/chunks/chunk_001.txt
basal ganglia,BRAIN_STRUCTURE,basal ganglia disease,http://www.ebi.ac.uk/efo/EFO_0009533,EFO,local,,chunk_001,2706,2719,llm_pass1,"(see STAR Methods). This analysis reveals substantial heterogeneity in neuronal soma volumes across basal ganglia regions (Figure 4A-B). Cholinergic interneurons and globus pallidus neurons including GPi Core, GPi",/Users/pujatrivedi/Desktop/MIT/blended_ner_framework/data/papers/multiscale_spatial_transcriptomic/20260602T192339/chunks/chunk_001.txt
Cholinergic interneurons,InterneuronType,Set of cholinergic cells of globus pallidus [Ch3],http://purl.org/sig/ont/fma/fma84397,FMA,local,,chunk_001,2743,2767,llm_masked_pass,"eals substantial heterogeneity in neuronal soma volumes across basal ganglia regions (Figure 4A-B). Cholinergic interneurons and globus pallidus neurons including GPi Core, GPi Shell, CN LHX6-GBX1, and GPe MEIS2-SOX6 populat",/Users/pujatrivedi/Desktop/MIT/blended_ner_framework/data/papers/multiscale_spatial_transcriptomic/20260602T192339/chunks/chunk_001.txt
globus pallidus,BRAIN_STRUCTURE,Putamen or Globus Pallidus,http://purl.obolibrary.org/obo/NCIT_C182245,BERO,local,,chunk_001,2772,2787,llm_pass1,"y in neuronal soma volumes across basal ganglia regions (Figure 4A-B). Cholinergic interneurons and globus pallidus neurons including GPi Core, GPi Shell, CN LHX6-GBX1, and GPe MEIS2-SOX6 populations, exhibit the la",/Users/pujatrivedi/Desktop/MIT/blended_ner_framework/data/papers/multiscale_spatial_transcriptomic/20260602T192339/chunks/chunk_001.txt
GPi Core,NeuronSubtype,GPI anchor release,http://purl.org/obo/owl/GO#GO_0006507,BIOMODELS,local,,chunk_001,2806,2814,llm_masked_pass,"basal ganglia regions (Figure 4A-B). Cholinergic interneurons and globus pallidus neurons including GPi Core, GPi Shell, CN LHX6-GBX1, and GPe MEIS2-SOX6 populations, exhibit the largest median soma volumes (",/Users/pujatrivedi/Desktop/MIT/blended_ner_framework/data/papers/multiscale_spatial_transcriptomic/20260602T192339/chunks/chunk_001.txt
GPi Shell,NeuronSubtype,GPI anchor release,http://purl.org/obo/owl/GO#GO_0006507,BIOMODELS,local,,chunk_001,2816,2825,llm_masked_pass,"lia regions (Figure 4A-B). Cholinergic interneurons and globus pallidus neurons including GPi Core, GPi Shell, CN LHX6-GBX1, and GPe MEIS2-SOX6 populations, exhibit the largest median soma volumes (up to ~9,40",/Users/pujatrivedi/Desktop/MIT/blended_ner_framework/data/papers/multiscale_spatial_transcriptomic/20260602T192339/chunks/chunk_001.txt
CN LHX6-GBX1,NeuronSubtype,CN,http://purl.obolibrary.org/obo/OLAS_2161968,OLAS,local,,chunk_001,2827,2839,llm_masked_pass,"(Figure 4A-B). Cholinergic interneurons and globus pallidus neurons including GPi Core, GPi Shell, CN LHX6-GBX1, and GPe MEIS2-SOX6 populations, exhibit the largest median soma volumes (up to ~9,400 µm³), wherea",/Users/pujatrivedi/Desktop/MIT/blended_ner_framework/data/papers/multiscale_spatial_transcriptomic/20260602T192339/chunks/chunk_001.txt
GPe MEIS2-SOX6,NeuronSubtype,Xanthomonas albilineans GPE PC73,http://purl.obolibrary.org/obo/NCBITaxon_380358,PLANTSO,local,,chunk_001,2845,2859,llm_masked_pass,"olinergic interneurons and globus pallidus neurons including GPi Core, GPi Shell, CN LHX6-GBX1, and GPe MEIS2-SOX6 populations, exhibit the largest median soma volumes (up to ~9,400 µm³), whereas LAMP5+ interneuron",/Users/pujatrivedi/Desktop/MIT/blended_ner_framework/data/papers/multiscale_spatial_transcriptomic/20260602T192339/chunks/chunk_001.txt
LAMP5+ interneurons,InterneuronType,Commissural Interneurons,http://purl.jp/bio/4/id/201506074924587030,IOBC,local,,chunk_001,2941,2960,llm_masked_pass,"and GPe MEIS2-SOX6 populations, exhibit the largest median soma volumes (up to ~9,400 µm³), whereas LAMP5+ interneurons and MSNs display markedly smaller volumes (~1,800 µm³ and ~2,500 µm³, respectively) (Figure 4B). Th",/Users/pujatrivedi/Desktop/MIT/blended_ner_framework/data/papers/multiscale_spatial_transcriptomic/20260602T192339/chunks/chunk_001.txt
MSNs,NeuronType,lung volumes and capacities,http://sbmi.uth.tmc.edu/ontology/ochv#22835,OCHV,local,,chunk_001,2965,2969,llm_masked_pass,"ations, exhibit the largest median soma volumes (up to ~9,400 µm³), whereas LAMP5+ interneurons and MSNs display markedly smaller volumes (~1,800 µm³ and ~2,500 µm³, respectively) (Figure 4B). This is con",/Users/pujatrivedi/Desktop/MIT/blended_ner_framework/data/papers/multiscale_spatial_transcriptomic/20260602T192339/chunks/chunk_001.txt
basal ganglia,BRAIN_STRUCTURE,basal ganglia disease,http://www.ebi.ac.uk/efo/EFO_0009533,EFO,local,,chunk_001,3122,3135,llm_pass1,"500 µm³, respectively) (Figure 4B). This is consistent with histological studies in mouse and human basal ganglia [51][52][53]. Although MSN subtypes are more consistent in soma volumes, other neuronal classes exh",/Users/pujatrivedi/Desktop/MIT/blended_ner_framework/data/papers/multiscale_spatial_transcriptomic/20260602T192339/chunks/chunk_001.txt
SST-CHODL interneurons,InterneuronType,Sst Chodl Gaba_4 sst chodl GABAergic cortical interneuron (Mmus),http://purl.obolibrary.org/obo/PCL_0110811,PCL,local,,chunk_001,3289,3311,llm_masked_pass,"nt in soma volumes, other neuronal classes exhibit more subtype-dependent variability; for example, SST-CHODL interneurons have among the largest median volumes (~6,200 µm³), while SST-ADARB2 interneurons are significantly",/Users/pujatrivedi/Desktop/MIT/blended_ner_framework/data/papers/multiscale_spatial_transcriptomic/20260602T192339/chunks/chunk_001.txt
SST-ADARB2 interneurons,InterneuronType,Commissural Interneurons,http://purl.jp/bio/4/id/201506074924587030,IOBC,local,,chunk_001,3370,3393,llm_masked_pass,"lity; for example, SST-CHODL interneurons have among the largest median volumes (~6,200 µm³), while SST-ADARB2 interneurons are significantly smaller (~2,300 µm³) (p-value = 6.9 x 10 -15, Wilcoxon rank-sum test). These quan",/Users/pujatrivedi/Desktop/MIT/blended_ner_framework/data/papers/multiscale_spatial_transcriptomic/20260602T192339/chunks/chunk_001.txt
human basal ganglia,UBERON_ANATOMICAL_STRUCTURE,basal ganglia disease,http://www.ebi.ac.uk/efo/EFO_0009533,EFO,local,,chunk_001,3598,3617,llm_pass1,ive reconstructions highlight the pronounced morphological diversity among neuronal subtypes in the human basal ganglia. We next analyzed RNA distributions in putative cellular processes including axonal and dendritic,/Users/pujatrivedi/Desktop/MIT/blended_ner_framework/data/papers/multiscale_spatial_transcriptomic/20260602T192339/chunks/chunk_001.txt
axonal and dendritic processes,NeuronalProcess,COG cellular processes and signaling,http://purl.obolibrary.org/obo/CAO_0000015,CAO,local,,chunk_001,3696,3726,llm_masked_pass,"e human basal ganglia. We next analyzed RNA distributions in putative cellular processes including axonal and dendritic processes (""neurite transcripts"") which provide indirect information about neuronal projections. Focusing on",/Users/pujatrivedi/Desktop/MIT/blended_ner_framework/data/papers/multiscale_spatial_transcriptomic/20260602T192339/chunks/chunk_001.txt
neurite transcripts,SubcellularTranscriptClass,neurite regeneration,http://purl.obolibrary.org/obo/GO_0031102,NIGO,local,,chunk_001,3729,3748,llm_masked_pass,"nalyzed RNA distributions in putative cellular processes including axonal and dendritic processes (""neurite transcripts"") which provide indirect information about neuronal projections. Focusing on MSNs, in the mouse and",/Users/pujatrivedi/Desktop/MIT/blended_ner_framework/data/papers/multiscale_spatial_transcriptomic/20260602T192339/chunks/chunk_001.txt
basal ganglia,BRAIN_STRUCTURE,basal ganglia disease,http://www.ebi.ac.uk/efo/EFO_0009533,EFO,local,,chunk_001,3856,3869,llm_pass1,"provide indirect information about neuronal projections. Focusing on MSNs, in the mouse and monkey basal ganglia circuitry, D1 matrix MSNs project directly to the GPi and substantia nigra pars reticulata, whereas",/Users/pujatrivedi/Desktop/MIT/blended_ner_framework/data/papers/multiscale_spatial_transcriptomic/20260602T192339/chunks/chunk_001.txt
D1 matrix MSNs,NeuronSubtype,D1 Matrix MSN,http://purl.obolibrary.org/obo/CL_4030043,HRA,local,,chunk_001,3881,3895,llm_masked_pass,"tion about neuronal projections. Focusing on MSNs, in the mouse and monkey basal ganglia circuitry, D1 matrix MSNs project directly to the GPi and substantia nigra pars reticulata, whereas D2 matrix MSNs form the i",/Users/pujatrivedi/Desktop/MIT/blended_ner_framework/data/papers/multiscale_spatial_transcriptomic/20260602T192339/chunks/chunk_001.txt
GPi,BrainRegion,Putamen,http://www.radlex.org/RID/RID6551,RADLEX,local,,chunk_001,3920,3923,llm_masked_pass,"ng on MSNs, in the mouse and monkey basal ganglia circuitry, D1 matrix MSNs project directly to the GPi and substantia nigra pars reticulata, whereas D2 matrix MSNs form the indirect pathway via the GPe",/Users/pujatrivedi/Desktop/MIT/blended_ner_framework/data/papers/multiscale_spatial_transcriptomic/20260602T192339/chunks/chunk_001.txt
substantia nigra pars reticulata,BRAIN_STRUCTURE,Substantia nigra pars reticulata,http://purl.jp/bio/4/id/200906067755457667,IOBC,local,,chunk_001,3928,3960,llm_pass1,"Ns, in the mouse and monkey basal ganglia circuitry, D1 matrix MSNs project directly to the GPi and substantia nigra pars reticulata, whereas D2 matrix MSNs form the indirect pathway via the GPe 3,54. Consistent with this organizati",/Users/pujatrivedi/Desktop/MIT/blended_ner_framework/data/papers/multiscale_spatial_transcriptomic/20260602T192339/chunks/chunk_001.txt
D2 matrix MSNs,NeuronSubtype,D2 Matrix MSN,http://purl.obolibrary.org/obo/CL_4030047,HRA,local,,chunk_001,3970,3984,llm_masked_pass,"circuitry, D1 matrix MSNs project directly to the GPi and substantia nigra pars reticulata, whereas D2 matrix MSNs form the indirect pathway via the GPe 3,54. Consistent with this organization, we found that D1-enr",/Users/pujatrivedi/Desktop/MIT/blended_ner_framework/data/papers/multiscale_spatial_transcriptomic/20260602T192339/chunks/chunk_001.txt
indirect pathway,NeuralPathway,Substantia nigra pars reticulata,http://purl.jp/bio/4/id/200906067755457667,IOBC,local,,chunk_001,3994,4010,llm_masked_pass,"s project directly to the GPi and substantia nigra pars reticulata, whereas D2 matrix MSNs form the indirect pathway via the GPe 3,54. Consistent with this organization, we found that D1-enriched transcripts (e.g., R",/Users/pujatrivedi/Desktop/MIT/blended_ner_framework/data/papers/multiscale_spatial_transcriptomic/20260602T192339/chunks/chunk_001.txt
GPe,BrainRegion,Structure of putamen,http://doe-generated-ontology.com/OntoAD#C0034169,ONTOAD,local,,chunk_001,4019,4022,llm_masked_pass,"GPi and substantia nigra pars reticulata, whereas D2 matrix MSNs form the indirect pathway via the GPe 3,54. Consistent with this organization, we found that D1-enriched transcripts (e.g., RELN, EBF1, S",/Users/pujatrivedi/Desktop/MIT/blended_ner_framework/data/papers/multiscale_spatial_transcriptomic/20260602T192339/chunks/chunk_001.txt
RELN,GeneOrProtein,RELN Gene,http://purl.obolibrary.org/obo/NCIT_C102799,BERO,local,,chunk_001,4109,4113,llm_masked_pass,"y via the GPe 3,54. Consistent with this organization, we found that D1-enriched transcripts (e.g., RELN, EBF1, SLIT1) exhibit higher extra-somatic signal density within the GPi, while D2-enriched transcr",/Users/pujatrivedi/Desktop/MIT/blended_ner_framework/data/papers/multiscale_spatial_transcriptomic/20260602T192339/chunks/chunk_001.txt
EBF1,GeneOrProtein,Ebf1 (Yao - within subclass).,http://purl.obolibrary.org/obo/PCL_0143810,PCL,local,,chunk_001,4115,4119,llm_masked_pass,"the GPe 3,54. Consistent with this organization, we found that D1-enriched transcripts (e.g., RELN, EBF1, SLIT1) exhibit higher extra-somatic signal density within the GPi, while D2-enriched transcripts s",/Users/pujatrivedi/Desktop/MIT/blended_ner_framework/data/papers/multiscale_spatial_transcriptomic/20260602T192339/chunks/chunk_001.txt
SLIT1,GeneOrProtein,Slit1 (Mmus),http://identifiers.org/ncbigene/20562,PCL,local,,chunk_001,4121,4126,llm_masked_pass,"e 3,54. Consistent with this organization, we found that D1-enriched transcripts (e.g., RELN, EBF1, SLIT1) exhibit higher extra-somatic signal density within the GPi, while D2-enriched transcripts show pre",/Users/pujatrivedi/Desktop/MIT/blended_ner_framework/data/papers/multiscale_spatial_transcriptomic/20260602T192339/chunks/chunk_001.txt
SEMA3E,GeneOrProtein,SEMA3E Gene,http://purl.obolibrary.org/obo/NCIT_C24799,BERO,local,,chunk_001,4645,4651,llm_masked_pass,"gure 4E). In addition, we observed that GPi and GPe regions have high concentration of extrasomatic SEMA3E and SEMA5A, ligands part of the semaphorin family of axonal guidance molecules 55,56. We found SEMA",/Users/pujatrivedi/Desktop/MIT/blended_ner_framework/data/papers/multiscale_spatial_transcriptomic/20260602T192339/chunks/chunk_001.txt
SEMA5A,GeneOrProtein,SEMA5A,http://identifiers.org/hgnc/10736,HRA,local,,chunk_001,4656,4662,llm_masked_pass,"n addition, we observed that GPi and GPe regions have high concentration of extrasomatic SEMA3E and SEMA5A, ligands part of the semaphorin family of axonal guidance molecules 55,56. We found SEMA3E is enric",/Users/pujatrivedi/Desktop/MIT/blended_ner_framework/data/papers/multiscale_spatial_transcriptomic/20260602T192339/chunks/chunk_001.txt
semaphorin family of axonal guidance molecules,MolecularFamily,axonal guidance,http://purl.jp/bio/4/id/200906046514685351,IOBC,local,,chunk_001,4684,4730,llm_masked_pass,"GPi and GPe regions have high concentration of extrasomatic SEMA3E and SEMA5A, ligands part of the semaphorin family of axonal guidance molecules 55,56. We found SEMA3E is enriched in GPe (Figure 4F), while SEMA5A is prominently found in GPi (Fi",/Users/pujatrivedi/Desktop/MIT/blended_ner_framework/data/papers/multiscale_spatial_transcriptomic/20260602T192339/chunks/chunk_001.txt
snRNA-seq,SequencingTechnique,increased mature snRNA level,http://purl.obolibrary.org/obo/FYPO_0004206,UPHENO,local,,chunk_001,4909,4918,llm_masked_pass,"ntly found in GPi (Figure 4H). Their expression is also higher in the nuclei as confirmed using the snRNA-seq data from the Allen Institute Basal Ganglia Consensus Cell Type Atlas (Figure 4G, I). This might re",/Users/pujatrivedi/Desktop/MIT/blended_ner_framework/data/papers/multiscale_spatial_transcriptomic/20260602T192339/chunks/chunk_001.txt
Allen Institute Basal Ganglia Consensus Cell Type Atlas,BrainAtlas,Dysgenesis of the basal ganglia,http://purl.obolibrary.org/obo/HP_0025102,HP,local,,chunk_001,4933,4988,llm_masked_pass,"e 4H). Their expression is also higher in the nuclei as confirmed using the snRNA-seq data from the Allen Institute Basal Ganglia Consensus Cell Type Atlas (Figure 4G, I). This might reflect that specific semaphorin gene family members mediate long range",/Users/pujatrivedi/Desktop/MIT/blended_ner_framework/data/papers/multiscale_spatial_transcriptomic/20260602T192339/chunks/chunk_001.txt
semaphorin gene family,GeneFamily,PLXNA1 Gene,http://purl.obolibrary.org/obo/NCIT_C185728,BERO,local,,chunk_001,5038,5060,llm_masked_pass,"Institute Basal Ganglia Consensus Cell Type Atlas (Figure 4G, I). This might reflect that specific semaphorin gene family members mediate long range connections in neurons such as MSNs targeting specific segments of the g",/Users/pujatrivedi/Desktop/MIT/blended_ner_framework/data/papers/multiscale_spatial_transcriptomic/20260602T192339/chunks/chunk_001.txt
globus pallidus,BRAIN_STRUCTURE,Putamen or Globus Pallidus,http://purl.obolibrary.org/obo/NCIT_C182245,BERO,local,,chunk_001,5159,5174,llm_pass1,"y members mediate long range connections in neurons such as MSNs targeting specific segments of the globus pallidus 55,57. Together, these findings demonstrate that MERFISH+ not only resolves molecular and spatial i",/Users/pujatrivedi/Desktop/MIT/blended_ner_framework/data/papers/multiscale_spatial_transcriptomic/20260602T192339/chunks/chunk_001.txt
human basal ganglia,UBERON_ANATOMICAL_STRUCTURE,basal ganglia disease,http://www.ebi.ac.uk/efo/EFO_0009533,EFO,local,,chunk_001,5487,5506,llm_pass1,anscriptome and provides an unprecedented window into the structural and functional organization of human basal ganglia circuits. Mesoscale cellular community architecture of the human basal ganglia To resolve mesosca,/Users/pujatrivedi/Desktop/MIT/blended_ner_framework/data/papers/multiscale_spatial_transcriptomic/20260602T192339/chunks/chunk_001.txt
human basal ganglia,UBERON_ANATOMICAL_STRUCTURE,basal ganglia disease,http://www.ebi.ac.uk/efo/EFO_0009533,EFO,local,,chunk_001,5567,5586,llm_pass1,"nal organization of human basal ganglia circuits. Mesoscale cellular community architecture of the human basal ganglia To resolve mesoscale organization beyond individual cell types, we performed cellular community an",/Users/pujatrivedi/Desktop/MIT/blended_ner_framework/data/papers/multiscale_spatial_transcriptomic/20260602T192339/chunks/chunk_001.txt
cellular community analysis,ComputationalTechnique,single-cell gene expression analysis,http://purl.obolibrary.org/obo/ERO_0001564,ERO,local,,chunk_001,5665,5692,llm_masked_pass,"e human basal ganglia To resolve mesoscale organization beyond individual cell types, we performed cellular community analysis 14,58, which groups cells based on the composition of their spatial neighborhoods. Specifically, fo",/Users/pujatrivedi/Desktop/MIT/blended_ner_framework/data/papers/multiscale_spatial_transcriptomic/20260602T192339/chunks/chunk_001.txt
Allen Human Brain Atlas,BrainAtlas,Allen Brain Atlas Adult Mouse Ontology,http://mouse.brain-map.org/atlas/index.html#ABAMouse,ASDF,local,,chunk_001,6131,6154,llm_masked_pass,is approach yields 14 discrete spatial modules that correspond to anatomical regions defined in the Allen Human Brain Atlas 59 (Figure 5B). Each spatial module display characteristic cell-type enrichment patterns correspon,/Users/pujatrivedi/Desktop/MIT/blended_ner_framework/data/papers/multiscale_spatial_transcriptomic/20260602T192339/chunks/chunk_001.txt
GPe SOX8-CTXND1,NeuronSubtype,Xanthomonas albilineans GPE PC73,http://purl.obolibrary.org/obo/NCBITaxon_380358,PLANTSO,local,,chunk_001,6304,6319,llm_masked_pass,"acteristic cell-type enrichment patterns corresponding to known anatomical domains 13. For example, GPe SOX8-CTXND1 and GPe MEIS2-SOX6 neurons are enriched in the external globus pallidus (GPe), whereas GPi Core and",/Users/pujatrivedi/Desktop/MIT/blended_ner_framework/data/papers/multiscale_spatial_transcriptomic/20260602T192339/chunks/chunk_001.txt
GPe MEIS2-SOX6 neurons,NeuronSubtype,GPe MEIS2-SOX6,http://purl.obolibrary.org/obo/CL_4023035,HRA,local,,chunk_001,6324,6346,llm_masked_pass,"enrichment patterns corresponding to known anatomical domains 13. For example, GPe SOX8-CTXND1 and GPe MEIS2-SOX6 neurons are enriched in the external globus pallidus (GPe), whereas GPi Core and GPi Shell neurons are conf",/Users/pujatrivedi/Desktop/MIT/blended_ner_framework/data/papers/multiscale_spatial_transcriptomic/20260602T192339/chunks/chunk_001.txt
globus pallidus,BRAIN_STRUCTURE,Putamen or Globus Pallidus,http://purl.obolibrary.org/obo/NCIT_C182245,BERO,local,,chunk_001,6376,6391,llm_pass1,"al domains 13. For example, GPe SOX8-CTXND1 and GPe MEIS2-SOX6 neurons are enriched in the external globus pallidus (GPe), whereas GPi Core and GPi Shell neurons are confined to the GPi. Similarly, STRv D1 and STRv",/Users/pujatrivedi/Desktop/MIT/blended_ner_framework/data/papers/multiscale_spatial_transcriptomic/20260602T192339/chunks/chunk_001.txt
GPi Core and GPi Shell neurons,NeuronSubtype,GPI anchor release,http://purl.org/obo/owl/GO#GO_0006507,BIOMODELS,local,,chunk_001,6407,6437,llm_masked_pass,"SOX8-CTXND1 and GPe MEIS2-SOX6 neurons are enriched in the external globus pallidus (GPe), whereas GPi Core and GPi Shell neurons are confined to the GPi. Similarly, STRv D1 and STRv D2 MSNs are enriched in the nucleus accumbens",/Users/pujatrivedi/Desktop/MIT/blended_ner_framework/data/papers/multiscale_spatial_transcriptomic/20260602T192339/chunks/chunk_001.txt
STRv D1,NeuronSubtype,D1 protein,http://purl.jp/bio/4/id/200906055585066279,IOBC,local,,chunk_001,6474,6481,llm_masked_pass,"l globus pallidus (GPe), whereas GPi Core and GPi Shell neurons are confined to the GPi. Similarly, STRv D1 and STRv D2 MSNs are enriched in the nucleus accumbens shell and core, while STRd D1 and STRd D2 MS",/Users/pujatrivedi/Desktop/MIT/blended_ner_framework/data/papers/multiscale_spatial_transcriptomic/20260602T192339/chunks/chunk_001.txt
STRv D2 MSNs,NeuronSubtype,small nuclear ribonucleoprotein Sm D2 (mouse),http://purl.obolibrary.org/obo/PR_P62317,PR,local,,chunk_001,6486,6498,llm_masked_pass,"lidus (GPe), whereas GPi Core and GPi Shell neurons are confined to the GPi. Similarly, STRv D1 and STRv D2 MSNs are enriched in the nucleus accumbens shell and core, while STRd D1 and STRd D2 MSNs populate the s",/Users/pujatrivedi/Desktop/MIT/blended_ner_framework/data/papers/multiscale_spatial_transcriptomic/20260602T192339/chunks/chunk_001.txt
nucleus accumbens,BRAIN_STRUCTURE,nucleus accumbens septi,http://purl.jp/bio/4/id/200906026769438853,IOBC,local,,chunk_001,6519,6536,llm_pass1,"GPi Shell neurons are confined to the GPi. Similarly, STRv D1 and STRv D2 MSNs are enriched in the nucleus accumbens shell and core, while STRd D1 and STRd D2 MSNs populate the striatum (caudate nucleus and putamen)",/Users/pujatrivedi/Desktop/MIT/blended_ner_framework/data/papers/multiscale_spatial_transcriptomic/20260602T192339/chunks/chunk_001.txt
STRd D1,NeuronSubtype,D1 protein,http://purl.jp/bio/4/id/200906055585066279,IOBC,local,,chunk_001,6559,6566,llm_masked_pass,"Pi. Similarly, STRv D1 and STRv D2 MSNs are enriched in the nucleus accumbens shell and core, while STRd D1 and STRd D2 MSNs populate the striatum (caudate nucleus and putamen) (Figure 5C). Besides these ca",/Users/pujatrivedi/Desktop/MIT/blended_ner_framework/data/papers/multiscale_spatial_transcriptomic/20260602T192339/chunks/chunk_001.txt
STRd D2 MSNs,NeuronSubtype,STRv D2 MSN,http://purl.obolibrary.org/obo/CL_4030052,HRA,local,,chunk_001,6571,6583,llm_masked_pass,"y, STRv D1 and STRv D2 MSNs are enriched in the nucleus accumbens shell and core, while STRd D1 and STRd D2 MSNs populate the striatum (caudate nucleus and putamen) (Figure 5C). Besides these canonical distribut",/Users/pujatrivedi/Desktop/MIT/blended_ner_framework/data/papers/multiscale_spatial_transcriptomic/20260602T192339/chunks/chunk_001.txt
striatum,BRAIN_STRUCTURE,striatum,http://purl.obolibrary.org/obo/UBERON_0002435,UPHENO,local,,chunk_001,6597,6605,llm_pass1,"s are enriched in the nucleus accumbens shell and core, while STRd D1 and STRd D2 MSNs populate the striatum (caudate nucleus and putamen) (Figure 5C). Besides these canonical distributions, several interneu",/Users/pujatrivedi/Desktop/MIT/blended_ner_framework/data/papers/multiscale_spatial_transcriptomic/20260602T192339/chunks/chunk_001.txt
caudate nucleus,BRAIN_STRUCTURE,Caudate Nucleus,http://purl.jp/bio/4/id/200906006884530231,IOBC,local,,chunk_001,6607,6622,llm_pass1,"ched in the nucleus accumbens shell and core, while STRd D1 and STRd D2 MSNs populate the striatum (caudate nucleus and putamen) (Figure 5C). Besides these canonical distributions, several interneuron and projectio",/Users/pujatrivedi/Desktop/MIT/blended_ner_framework/data/papers/multiscale_spatial_transcriptomic/20260602T192339/chunks/chunk_001.txt
putamen,BrainRegion,Putamen or Globus Pallidus,http://purl.obolibrary.org/obo/NCIT_C182245,BERO,local,,chunk_001,6627,6634,llm_masked_pass,"accumbens shell and core, while STRd D1 and STRd D2 MSNs populate the striatum (caudate nucleus and putamen) (Figure 5C). Besides these canonical distributions, several interneuron and projection-type popul",/Users/pujatrivedi/Desktop/MIT/blended_ner_framework/data/papers/multiscale_spatial_transcriptomic/20260602T192339/chunks/chunk_001.txt
STR fast-spiking PTHLH-PVALB GABAergic interneurons,InterneuronSubtype,PTHLH-PVALB,http://purl.obolibrary.org/obo/CL_4042023,HRA,local,,chunk_001,6789,6840,llm_masked_pass,"several interneuron and projection-type populations exhibit distinct regional biases. For instance, STR fast-spiking PTHLH-PVALB GABAergic interneurons are preferentially enriched in the caudate nucleus (Figure 5D, in agreement with previous snRNA-seq",/Users/pujatrivedi/Desktop/MIT/blended_ner_framework/data/papers/multiscale_spatial_transcriptomic/20260602T192339/chunks/chunk_001.txt
caudate nucleus,BRAIN_STRUCTURE,Caudate Nucleus,http://purl.jp/bio/4/id/200906006884530231,IOBC,local,,chunk_001,6876,6891,llm_pass1,"or instance, STR fast-spiking PTHLH-PVALB GABAergic interneurons are preferentially enriched in the caudate nucleus (Figure 5D, in agreement with previous snRNA-seq analysis 11. STRd ChAT+ GABAergic interneurons are",/Users/pujatrivedi/Desktop/MIT/blended_ner_framework/data/papers/multiscale_spatial_transcriptomic/20260602T192339/chunks/chunk_001.txt
STRd ChAT+ GABAergic interneurons,InterneuronSubtype,Vip Chat_1 primary motor cortex GABAergic interneuron (Mmus),http://purl.obolibrary.org/obo/PCL_0011023,PCL,local,,chunk_001,6954,6987,llm_masked_pass,"ially enriched in the caudate nucleus (Figure 5D, in agreement with previous snRNA-seq analysis 11. STRd ChAT+ GABAergic interneurons are more abundant in the putamen (Figure 5E). In contrast, FM GATA3-TCF7L2 neurons, a transcription",/Users/pujatrivedi/Desktop/MIT/blended_ner_framework/data/papers/multiscale_spatial_transcriptomic/20260602T192339/chunks/chunk_001.txt
putamen,BRAIN_STRUCTURE,Putamen or Globus Pallidus,http://purl.obolibrary.org/obo/NCIT_C182245,BERO,local,,chunk_001,7013,7020,llm_pass1,"ent with previous snRNA-seq analysis 11. STRd ChAT+ GABAergic interneurons are more abundant in the putamen (Figure 5E). In contrast, FM GATA3-TCF7L2 neurons, a transcriptionally distinct population with unc",/Users/pujatrivedi/Desktop/MIT/blended_ner_framework/data/papers/multiscale_spatial_transcriptomic/20260602T192339/chunks/chunk_001.txt
FM GATA3-TCF7L2 neurons,NeuronSubtype,Prostaglandin FM,http://purl.jp/bio/4/id/200906029937026271,IOBC,local,,chunk_001,7047,7070,llm_masked_pass,"is 11. STRd ChAT+ GABAergic interneurons are more abundant in the putamen (Figure 5E). In contrast, FM GATA3-TCF7L2 neurons, a transcriptionally distinct population with unclear lineage affiliation are enriched in the GPi n",/Users/pujatrivedi/Desktop/MIT/blended_ner_framework/data/papers/multiscale_spatial_transcriptomic/20260602T192339/chunks/chunk_001.txt
GPi nucleus,BrainRegion,Basal Nucleus of Meynert,http://purl.jp/bio/4/id/200906018695483034,IOBC,local,,chunk_001,7165,7176,llm_masked_pass,"urons, a transcriptionally distinct population with unclear lineage affiliation are enriched in the GPi nucleus of the basal ganglia;; this represents a previously unknown neuronal subtype within this region (Fi",/Users/pujatrivedi/Desktop/MIT/blended_ner_framework/data/papers/multiscale_spatial_transcriptomic/20260602T192339/chunks/chunk_001.txt
basal ganglia,BRAIN_STRUCTURE,basal ganglia disease,http://www.ebi.ac.uk/efo/EFO_0009533,EFO,local,,chunk_001,7184,7197,llm_pass1,ionally distinct population with unclear lineage affiliation are enriched in the GPi nucleus of the basal ganglia;; this represents a previously unknown neuronal subtype within this region (Figure 5F). Quantitati,/Users/pujatrivedi/Desktop/MIT/blended_ner_framework/data/papers/multiscale_spatial_transcriptomic/20260602T192339/chunks/chunk_001.txt
caudate nucleus,BRAIN_STRUCTURE,Caudate Nucleus,http://purl.jp/bio/4/id/200906006884530231,IOBC,local,,chunk_001,7380,7395,llm_pass1,"5F). Quantitative analysis of MSN subtype proportions across striatal subregions reveals that the caudate nucleus and putamen share comparable D1/D2 ratios (Figure 5C). In contrast, both D1-and D2-striosomal MSNs",/Users/pujatrivedi/Desktop/MIT/blended_ner_framework/data/papers/multiscale_spatial_transcriptomic/20260602T192339/chunks/chunk_001.txt
putamen,BRAIN_STRUCTURE,Putamen or Globus Pallidus,http://purl.obolibrary.org/obo/NCIT_C182245,BERO,local,,chunk_001,7400,7407,llm_pass1,"analysis of MSN subtype proportions across striatal subregions reveals that the caudate nucleus and putamen share comparable D1/D2 ratios (Figure 5C). In contrast, both D1-and D2-striosomal MSNs are detected",/Users/pujatrivedi/Desktop/MIT/blended_ner_framework/data/papers/multiscale_spatial_transcriptomic/20260602T192339/chunks/chunk_001.txt
D1-and D2-striosomal MSNs,NeuronSubtype,prostaglandin D2 signaling pathway,http://purl.obolibrary.org/obo/PW_0001530,PW,local,,chunk_001,7469,7494,llm_masked_pass,"s that the caudate nucleus and putamen share comparable D1/D2 ratios (Figure 5C). In contrast, both D1-and D2-striosomal MSNs are detected in the NAc shell but are largely absent from the NAc core (Figure 5G-H). This differen",/Users/pujatrivedi/Desktop/MIT/blended_ner_framework/data/papers/multiscale_spatial_transcriptomic/20260602T192339/chunks/chunk_001.txt
NAc shell,BrainRegion,nitrogen assimilation regulatory protein nac (Escherichia coli K-12),http://purl.obolibrary.org/obo/PR_Q47005,PR,local,,chunk_001,7515,7524,llm_masked_pass,"omparable D1/D2 ratios (Figure 5C). In contrast, both D1-and D2-striosomal MSNs are detected in the NAc shell but are largely absent from the NAc core (Figure 5G-H). This differential organization is corrobora",/Users/pujatrivedi/Desktop/MIT/blended_ner_framework/data/papers/multiscale_spatial_transcriptomic/20260602T192339/chunks/chunk_001.txt
NAc core,BrainRegion,nitrogen assimilation regulatory protein nac (Escherichia coli K-12),http://purl.obolibrary.org/obo/PR_Q47005,PR,local,,chunk_001,7557,7565,llm_masked_pass,"trast, both D1-and D2-striosomal MSNs are detected in the NAc shell but are largely absent from the NAc core (Figure 5G-H). This differential organization is corroborated by the expression of established mole",/Users/pujatrivedi/Desktop/MIT/blended_ner_framework/data/papers/multiscale_spatial_transcriptomic/20260602T192339/chunks/chunk_001.txt
TH,GeneOrProtein,TH (indicator),http://uri.interlex.org/temp/uris/phenotype-indicators/TH,NPOKB,local,,chunk_001,7680,7682,llm_masked_pass,"This differential organization is corroborated by the expression of established molecular markers: TH associated with striosome compartments 3, is enriched in the NAc shell, whereas KIRREL3, a matrixas",/Users/pujatrivedi/Desktop/MIT/blended_ner_framework/data/papers/multiscale_spatial_transcriptomic/20260602T192339/chunks/chunk_001.txt
striosome compartments,AnatomicalCompartment,Compartments [PK],http://purl.bioontology.org/ontology/NDFRT/N0000000059,NDFRT,local,,chunk_001,7699,7721,llm_masked_pass,"organization is corroborated by the expression of established molecular markers: TH associated with striosome compartments 3, is enriched in the NAc shell, whereas KIRREL3, a matrixassociated marker 60, is predominantly ex",/Users/pujatrivedi/Desktop/MIT/blended_ner_framework/data/papers/multiscale_spatial_transcriptomic/20260602T192339/chunks/chunk_001.txt
NAc,BrainRegion,Abnormal globus pallidus morphology,http://purl.obolibrary.org/obo/HP_0002453,UPHENO,local,,chunk_001,7744,7747,llm_masked_pass,"n of established molecular markers: TH associated with striosome compartments 3, is enriched in the NAc shell, whereas KIRREL3, a matrixassociated marker 60, is predominantly expressed in the NAc core (F",/Users/pujatrivedi/Desktop/MIT/blended_ner_framework/data/papers/multiscale_spatial_transcriptomic/20260602T192339/chunks/chunk_001.txt
KIRREL3,GeneOrProtein,Kirrel3 (mouse),http://purl.obolibrary.org/obo/MGI_1914953,PR,local,,chunk_001,7763,7770,llm_masked_pass,"lecular markers: TH associated with striosome compartments 3, is enriched in the NAc shell, whereas KIRREL3, a matrixassociated marker 60, is predominantly expressed in the NAc core (Figure 5I). These findin",/Users/pujatrivedi/Desktop/MIT/blended_ner_framework/data/papers/multiscale_spatial_transcriptomic/20260602T192339/chunks/chunk_001.txt
matrixassociated marker,CompartmentMarker,olfactory marker protein (mouse),http://purl.obolibrary.org/obo/PR_Q64288,PR,local,,chunk_001,7774,7797,llm_masked_pass,"kers: TH associated with striosome compartments 3, is enriched in the NAc shell, whereas KIRREL3, a matrixassociated marker 60, is predominantly expressed in the NAc core (Figure 5I). These findings demonstrate that cellula",/Users/pujatrivedi/Desktop/MIT/blended_ner_framework/data/papers/multiscale_spatial_transcriptomic/20260602T192339/chunks/chunk_001.txt
human basal ganglia,UBERON_ANATOMICAL_STRUCTURE,basal ganglia disease,http://www.ebi.ac.uk/efo/EFO_0009533,EFO,local,,chunk_001,8081,8100,llm_pass1,he identification of cell types located within or absent from the anatomical regions comprising the human basal ganglia circuits. Striosome-matrix domains and cross-species orthologous organization Beyond its mesoscal,/Users/pujatrivedi/Desktop/MIT/blended_ner_framework/data/papers/multiscale_spatial_transcriptomic/20260602T192339/chunks/chunk_001.txt
striatum,BRAIN_STRUCTURE,striatum,http://purl.obolibrary.org/obo/UBERON_0002435,UPHENO,local,,chunk_001,8218,8226,llm_pass1,"ome-matrix domains and cross-species orthologous organization Beyond its mesoscale structures, the striatum exhibits micro-domain architecture composed of striosome and matrix compartments 61. To delineate t",/Users/pujatrivedi/Desktop/MIT/blended_ner_framework/data/papers/multiscale_spatial_transcriptomic/20260602T192339/chunks/chunk_001.txt
striosome and matrix compartments,AnatomicalCompartment,D2 Striosome MSN,http://purl.obolibrary.org/obo/CL_4030049,HRA,local,,chunk_001,8274,8307,llm_masked_pass,"ation Beyond its mesoscale structures, the striatum exhibits micro-domain architecture composed of striosome and matrix compartments 61. To delineate these domains, we further applied cellular community analysis restricted to MSN su",/Users/pujatrivedi/Desktop/MIT/blended_ner_framework/data/papers/multiscale_spatial_transcriptomic/20260602T192339/chunks/chunk_001.txt
STR TAC3-PLPP4 interneurons,InterneuronSubtype,STR D1 Sema5a Gaba_3 Trpc6 direct pathway medium spiny neuron (Mmus),http://purl.obolibrary.org/obo/PCL_0113378,PCL,local,,chunk_001,8648,8675,llm_masked_pass,"additional cell types exhibiting previously uncharacterized striosome-matrix enrichments. Notably, STR TAC3-PLPP4 interneurons are exclusively localized to the matrix compartment (Figure 6C, 6D top). These interneurons are pr",/Users/pujatrivedi/Desktop/MIT/blended_ner_framework/data/papers/multiscale_spatial_transcriptomic/20260602T192339/chunks/chunk_001.txt
matrix compartment,AnatomicalCompartment,matrix compartment,http://purl.obolibrary.org/obo/UBERON_0027368,NIFSTD,local,,chunk_001,8709,8727,llm_masked_pass,"striosome-matrix enrichments. Notably, STR TAC3-PLPP4 interneurons are exclusively localized to the matrix compartment (Figure 6C, 6D top). These interneurons are primate-specific 62,63 and likely represent the orthol",/Users/pujatrivedi/Desktop/MIT/blended_ner_framework/data/papers/multiscale_spatial_transcriptomic/20260602T192339/chunks/chunk_001.txt
Tac2+/TH+ interneurons,InterneuronSubtype,Commissural Interneurons,http://purl.jp/bio/4/id/201506074924587030,IOBC,local,,chunk_001,8849,8871,llm_masked_pass,"These interneurons are primate-specific 62,63 and likely represent the orthologous lineage of rare Tac2+/TH+ interneurons that is described in rodents 17,64. In our human dataset, STR TAC3-PLPP4 neurons are among the most",/Users/pujatrivedi/Desktop/MIT/blended_ner_framework/data/papers/multiscale_spatial_transcriptomic/20260602T192339/chunks/chunk_001.txt
striatal interneurons,InterneuronClass,"striatal degeneration, autosomal dominant 2",http://purl.obolibrary.org/obo/MONDO_0014835,EFO,local,,chunk_001,8995,9016,llm_masked_pass,"dents 17,64. In our human dataset, STR TAC3-PLPP4 neurons are among the most abundant population of striatal interneurons (Figure 6E). This expansion is consistent with the trend of expansion for this cell type seen in pr",/Users/pujatrivedi/Desktop/MIT/blended_ner_framework/data/papers/multiscale_spatial_transcriptomic/20260602T192339/chunks/chunk_001.txt
VIP+ and LAMP5+ interneurons,InterneuronType,Commissural Interneurons,http://purl.jp/bio/4/id/201506074924587030,IOBC,local,,chunk_001,9515,9543,llm_masked_pass,"ortical inputs, potentially enabling enhanced sensorimotor and cognitive control 11,65. Conversely, VIP+ and LAMP5+ interneurons display moderate enrichment within striosomal territories (Figure 6C, 6D bottom), although these po",/Users/pujatrivedi/Desktop/MIT/blended_ner_framework/data/papers/multiscale_spatial_transcriptomic/20260602T192339/chunks/chunk_001.txt
striosomal territories,AnatomicalCompartment,Striosomal part of putamen,http://www.semanticweb.org/ontologies/2009/9/Ontology1255357986125.owl#Striosomal_part_of_putamen,BRCT,local,,chunk_001,9579,9601,llm_masked_pass,"ognitive control 11,65. Conversely, VIP+ and LAMP5+ interneurons display moderate enrichment within striosomal territories (Figure 6C, 6D bottom), although these populations are not exclusive to that compartment. To furthe",/Users/pujatrivedi/Desktop/MIT/blended_ner_framework/data/papers/multiscale_spatial_transcriptomic/20260602T192339/chunks/chunk_001.txt
astrocyte,GLIAL_CELL,astrocyte,http://purl.jp/bio/4/id/200906056154300319,IOBC,local,,chunk_001,9965,9974,llm_pass1,d cell-type-specific density profiles as a function of proximity (Figure 6F). This analysis reveals astrocyte and Oligo OPALIN oligodendrocyte enrichment near striosome borders that form boundary-aligned micro,/Users/pujatrivedi/Desktop/MIT/blended_ner_framework/data/papers/multiscale_spatial_transcriptomic/20260602T192339/chunks/chunk_001.txt
Oligo OPALIN oligodendrocyte,OligodendrocyteSubtype,Oligo L1-6 OPALIN middle temporal gyrus oligodendrocyte (Hsap),http://purl.obolibrary.org/obo/PCL_0023073,PCL,local,,chunk_001,9979,10007,llm_masked_pass,"ecific density profiles as a function of proximity (Figure 6F). This analysis reveals astrocyte and Oligo OPALIN oligodendrocyte enrichment near striosome borders that form boundary-aligned microdomains (Figure 6G, 6H bottom). T",/Users/pujatrivedi/Desktop/MIT/blended_ner_framework/data/papers/multiscale_spatial_transcriptomic/20260602T192339/chunks/chunk_001.txt
striatopallidal fiber tracts,WhiteMatterTract,Thalamic Fiber Tracts,http://bioontology.org/projects/ontologies/birnlex#birnlex_749,BIRNLEX,local,,chunk_001,10160,10188,llm_masked_pass,"-aligned microdomains (Figure 6G, 6H bottom). The Oligo OPALIN subtype, previously identified along striatopallidal fiber tracts (Figure 3), appears to delineate the perimeters of striosomal territories and highlights glial cont",/Users/pujatrivedi/Desktop/MIT/blended_ner_framework/data/papers/multiscale_spatial_transcriptomic/20260602T192339/chunks/chunk_001.txt
striosome-to-matrix axis,AnatomicalAxis,axis direction matrix,http://uri.interlex.org/tgbugs/uris/readable/atlas/AxisDirectionMatrix,NPOKB,local,,chunk_001,10467,10491,llm_masked_pass,"ies systematically with spatial proximity to striosomes, we examined transcript gradients along the striosome-to-matrix axis. Several astrocyte-enriched genes exhibit distance-dependent expression patterns (Figure S7A). Clu",/Users/pujatrivedi/Desktop/MIT/blended_ner_framework/data/papers/multiscale_spatial_transcriptomic/20260602T192339/chunks/chunk_001.txt
astrocyte,GLIAL_CELL,astrocyte,http://purl.jp/bio/4/id/200906056154300319,IOBC,local,,chunk_001,10502,10511,llm_pass1,"ximity to striosomes, we examined transcript gradients along the striosome-to-matrix axis. Several astrocyte-enriched genes exhibit distance-dependent expression patterns (Figure S7A). Clustering based on the",/Users/pujatrivedi/Desktop/MIT/blended_ner_framework/data/papers/multiscale_spatial_transcriptomic/20260602T192339/chunks/chunk_001.txt
astrocyte,GLIAL_CELL,astrocyte,http://purl.jp/bio/4/id/200906056154300319,IOBC,local,,chunk_001,10634,10643,llm_pass1,"distance-dependent expression patterns (Figure S7A). Clustering based on these genes resolves four astrocyte subpopulations that occupy distinct positional zones-core, boundary, and perimatrix (Figures 6H, to",/Users/pujatrivedi/Desktop/MIT/blended_ner_framework/data/papers/multiscale_spatial_transcriptomic/20260602T192339/chunks/chunk_001.txt
whole-mouse-brain MERFISH,SpatialTranscriptomicsTechnique,MERFISH,http://www.ebi.ac.uk/efo/EFO_0008992,EFO,local,,chunk_001,10919,10944,llm_masked_pass,. We next investigated cross-species conservation of this organization using the Allen Institute's whole-mouse-brain MERFISH dataset 10. Orthologous mouse MSNs were identified by correlating gene-expression signatures with h,/Users/pujatrivedi/Desktop/MIT/blended_ner_framework/data/papers/multiscale_spatial_transcriptomic/20260602T192339/chunks/chunk_001.txt
Orthologous mouse MSNs,NeuronType,"Mki67 protein, mouse",http://purl.bioontology.org/ontology/MESH/C498355,MESH,local,,chunk_001,10957,10979,llm_masked_pass,"conservation of this organization using the Allen Institute's whole-mouse-brain MERFISH dataset 10. Orthologous mouse MSNs were identified by correlating gene-expression signatures with human subtypes (Figure S8A, B). Mous",/Users/pujatrivedi/Desktop/MIT/blended_ner_framework/data/papers/multiscale_spatial_transcriptomic/20260602T192339/chunks/chunk_001.txt
0268 STR D1 GABA_4,NeuronSubtype,STR D1 Gaba_4 direct pathway medium spiny neuron (Mmus),http://purl.obolibrary.org/obo/PCL_0110838,PCL,local,,chunk_001,11092,11110,llm_masked_pass,"ied by correlating gene-expression signatures with human subtypes (Figure S8A, B). Mouse supertypes 0268 STR D1 GABA_4 and 0267 STR D1 GABA_3 correspond to human STRd D1 Striosome and STRd D1 Matrix MSNs, respectively",/Users/pujatrivedi/Desktop/MIT/blended_ner_framework/data/papers/multiscale_spatial_transcriptomic/20260602T192339/chunks/chunk_001.txt
0267 STR D1 GABA_3,NeuronSubtype,STR D1 Gaba_3 direct pathway medium spiny neuron (Mmus),http://purl.obolibrary.org/obo/PCL_0110837,PCL,local,,chunk_001,11115,11133,llm_masked_pass,"-expression signatures with human subtypes (Figure S8A, B). Mouse supertypes 0268 STR D1 GABA_4 and 0267 STR D1 GABA_3 correspond to human STRd D1 Striosome and STRd D1 Matrix MSNs, respectively (Figure S8C-D). Simila",/Users/pujatrivedi/Desktop/MIT/blended_ner_framework/data/papers/multiscale_spatial_transcriptomic/20260602T192339/chunks/chunk_001.txt
human STRd D1 Striosome,NeuronSubtype,Human NT2 D1,http://www.semanticweb.org/ontologies/STO.owl#OWLClass_c33fcfab_a90c_41a2_899f_597456a57f5a,STO-DRAFT,local,,chunk_001,11148,11171,llm_masked_pass,"subtypes (Figure S8A, B). Mouse supertypes 0268 STR D1 GABA_4 and 0267 STR D1 GABA_3 correspond to human STRd D1 Striosome and STRd D1 Matrix MSNs, respectively (Figure S8C-D). Similarly, finer subclustering of the mouse",/Users/pujatrivedi/Desktop/MIT/blended_ner_framework/data/papers/multiscale_spatial_transcriptomic/20260602T192339/chunks/chunk_001.txt
0277 STR D2 Gaba_4 supertype,NeuronSubtype,STR D2 Gaba_4 indirect pathway medium spiny neuron (Mmus),http://purl.obolibrary.org/obo/PCL_0110847,PCL,local,,chunk_001,11271,11299,llm_masked_pass,"and STRd D1 Matrix MSNs, respectively (Figure S8C-D). Similarly, finer subclustering of the mouse 0277 STR D2 Gaba_4 supertype, designated as A* and B*, map to human STRd D2 Striosome MSN and STRd D2 Matrix MSN, respectively (",/Users/pujatrivedi/Desktop/MIT/blended_ner_framework/data/papers/multiscale_spatial_transcriptomic/20260602T192339/chunks/chunk_001.txt
human STRd D2 Striosome MSN,NeuronSubtype,D2 protein,http://purl.jp/bio/4/id/200906044288913670,IOBC,local,,chunk_001,11333,11360,llm_masked_pass,"rly, finer subclustering of the mouse 0277 STR D2 Gaba_4 supertype, designated as A* and B*, map to human STRd D2 Striosome MSN and STRd D2 Matrix MSN, respectively (Figure S8E-F). Using these orthologous MSN pairs, we delinea",/Users/pujatrivedi/Desktop/MIT/blended_ner_framework/data/papers/multiscale_spatial_transcriptomic/20260602T192339/chunks/chunk_001.txt
striatum,BRAIN_STRUCTURE,striatum,http://purl.obolibrary.org/obo/UBERON_0002435,UPHENO,local,,chunk_001,11505,11513,llm_pass1,"S8E-F). Using these orthologous MSN pairs, we delineated striosome-matrix boundaries in the mouse striatum and performed analogous proximity analyses in which we computed the distance of cells from border o",/Users/pujatrivedi/Desktop/MIT/blended_ner_framework/data/papers/multiscale_spatial_transcriptomic/20260602T192339/chunks/chunk_001.txt
Astro-TE NN_3,AstrocyteSubtype,Fromanvirus astro,http://purl.bioontology.org/ontology/NCBITAXON/1195075,NCBITAXON,local,,chunk_001,11791,11804,llm_masked_pass,"function of distance. The results are highly concordant across species: specific glial populations, Astro-TE NN_3 astrocytes and MOL NN_4 oligodendrocytes, are enriched at striosome borders in mice (Figure 6J-K).",/Users/pujatrivedi/Desktop/MIT/blended_ner_framework/data/papers/multiscale_spatial_transcriptomic/20260602T192339/chunks/chunk_001.txt
astrocytes,GLIAL_CELL,Set of astrocytes,http://purl.org/sig/ont/fma/fma84101,FMA,local,,chunk_001,11805,11815,llm_pass1,"stance. The results are highly concordant across species: specific glial populations, Astro-TE NN_3 astrocytes and MOL NN_4 oligodendrocytes, are enriched at striosome borders in mice (Figure 6J-K). These find",/Users/pujatrivedi/Desktop/MIT/blended_ner_framework/data/papers/multiscale_spatial_transcriptomic/20260602T192339/chunks/chunk_001.txt
MOL NN_4 oligodendrocytes,OligodendrocyteSubtype,MOL NN_4 Art3 mature myelinating oligodendrocyte (Mmus),http://purl.obolibrary.org/obo/CL_4307106,PCL,local,,chunk_001,11820,11845,llm_masked_pass,"ults are highly concordant across species: specific glial populations, Astro-TE NN_3 astrocytes and MOL NN_4 oligodendrocytes, are enriched at striosome borders in mice (Figure 6J-K). These findings demonstrate conserved org",/Users/pujatrivedi/Desktop/MIT/blended_ner_framework/data/papers/multiscale_spatial_transcriptomic/20260602T192339/chunks/chunk_001.txt
human,UBERON_ANATOMICAL_STRUCTURE,reservosome matrix,http://purl.obolibrary.org/obo/GO_0106125,BERO,local,,chunk_001,12050,12055,llm_pass1,tional principles and orthologous cellular microenvironments within striosome-matrix systems of the human and murine basal ganglia. The identification of matrix-confined TAC3-PLPP4 interneurons and boundar,/Users/pujatrivedi/Desktop/MIT/blended_ner_framework/data/papers/multiscale_spatial_transcriptomic/20260602T192339/chunks/chunk_001.txt
basal ganglia,BRAIN_STRUCTURE,basal ganglia disease,http://www.ebi.ac.uk/efo/EFO_0009533,EFO,local,,chunk_001,12067,12080,llm_pass1,and orthologous cellular microenvironments within striosome-matrix systems of the human and murine basal ganglia. The identification of matrix-confined TAC3-PLPP4 interneurons and boundary-enriched glial subtypes,/Users/pujatrivedi/Desktop/MIT/blended_ner_framework/data/papers/multiscale_spatial_transcriptomic/20260602T192339/chunks/chunk_001.txt
human striatum,BRAIN_STRUCTURE,striatum  ( human ),https://purl.brain-bican.org/ontology/hbao/HBA_4277,PCL,local,,chunk_001,12260,12274,llm_pass1,iched glial subtypes further reveals an evolutionarily elaborated compartmental architecture in the human striatum that integrates neuronal and nonneuronal components across spatial scales. Conserved molecular gra,/Users/pujatrivedi/Desktop/MIT/blended_ner_framework/data/papers/multiscale_spatial_transcriptomic/20260602T192339/chunks/chunk_001.txt
Stereo-seq,SpatialTranscriptomicsTechnique,stereo fundus camera,http://purl.jp/bio/4/id/201606013852084525,IOBC,local,,chunk_001,12427,12437,llm_masked_pass,"across spatial scales. Conserved molecular gradients and cross-species correspondence revealed by Stereo-seq mapping While cell-type composition defines spatial modules, these modules ultimately emerge from",/Users/pujatrivedi/Desktop/MIT/blended_ner_framework/data/papers/multiscale_spatial_transcriptomic/20260602T192339/chunks/chunk_001.txt
whole-transcriptome profiles,TranscriptomicData,Clustered gene expression profiles,http://edamontology.org/data_3768,KOIO,local,,chunk_001,12667,12695,llm_masked_pass,"grams. To directly examine these patterns, we applied unsupervised clustering to spatially weighted whole-transcriptome profiles derived from Stereo-seq data, independent of prior cell-type annotation (see Methods). This spatial",/Users/pujatrivedi/Desktop/MIT/blended_ner_framework/data/papers/multiscale_spatial_transcriptomic/20260602T192339/chunks/chunk_001.txt
human basal ganglia,UBERON_ANATOMICAL_STRUCTURE,basal ganglia disease,http://www.ebi.ac.uk/efo/EFO_0009533,EFO,local,,chunk_001,12958,12977,llm_pass1,"FISH+ cellular community analysis and aligns closely with established anatomical territories of the human basal ganglia (Figure 7A, Figure S9A). Each spatial module is characterized by distinct sets of regionally enric",/Users/pujatrivedi/Desktop/MIT/blended_ner_framework/data/papers/multiscale_spatial_transcriptomic/20260602T192339/chunks/chunk_001.txt
basal ganglia,BRAIN_STRUCTURE,basal ganglia disease,http://www.ebi.ac.uk/efo/EFO_0009533,EFO,local,,chunk_001,13182,13195,llm_pass1,"enes (Figure 7B-C, Figure S9B), indicating the molecular specialization among the subregions of the basal ganglia. For example, the putamen exhibits strong enrichment of ZNF385B (a zinc-finger transcription factor",/Users/pujatrivedi/Desktop/MIT/blended_ner_framework/data/papers/multiscale_spatial_transcriptomic/20260602T192339/chunks/chunk_001.txt
putamen,BRAIN_STRUCTURE,Putamen or Globus Pallidus,http://purl.obolibrary.org/obo/NCIT_C182245,BERO,local,,chunk_001,13214,13221,llm_pass1,"indicating the molecular specialization among the subregions of the basal ganglia. For example, the putamen exhibits strong enrichment of ZNF385B (a zinc-finger transcription factor) and ROBO2 (an axonal gui",/Users/pujatrivedi/Desktop/MIT/blended_ner_framework/data/papers/multiscale_spatial_transcriptomic/20260602T192339/chunks/chunk_001.txt
ZNF385B,GeneOrProtein,zinc finger protein 385B,http://purl.obolibrary.org/obo/PR_000017860,PR,local,,chunk_001,13252,13259,llm_masked_pass,"n among the subregions of the basal ganglia. For example, the putamen exhibits strong enrichment of ZNF385B (a zinc-finger transcription factor) and ROBO2 (an axonal guidance molecule), whereas the caudate n",/Users/pujatrivedi/Desktop/MIT/blended_ner_framework/data/papers/multiscale_spatial_transcriptomic/20260602T192339/chunks/chunk_001.txt
zinc-finger transcription factor,TranscriptionFactorClass,Zinc Finger Transcription Factor Trps1,http://purl.obolibrary.org/obo/NCIT_C75524,BERO,local,,chunk_001,13263,13295,llm_masked_pass,"subregions of the basal ganglia. For example, the putamen exhibits strong enrichment of ZNF385B (a zinc-finger transcription factor) and ROBO2 (an axonal guidance molecule), whereas the caudate nucleus shows elevated expression of",/Users/pujatrivedi/Desktop/MIT/blended_ner_framework/data/papers/multiscale_spatial_transcriptomic/20260602T192339/chunks/chunk_001.txt
ROBO2,GeneOrProtein,SARS-CoV-2 M binding to human protein ROBO2,http://purl.obolibrary.org/obo/CIDO_0001305,CIDO,local,,chunk_001,13301,13306,llm_masked_pass,"example, the putamen exhibits strong enrichment of ZNF385B (a zinc-finger transcription factor) and ROBO2 (an axonal guidance molecule), whereas the caudate nucleus shows elevated expression of TAC1(a neur",/Users/pujatrivedi/Desktop/MIT/blended_ner_framework/data/papers/multiscale_spatial_transcriptomic/20260602T192339/chunks/chunk_001.txt
axonal guidance molecule,MolecularFunction,axonal guidance,http://purl.jp/bio/4/id/200906046514685351,IOBC,local,,chunk_001,13311,13335,llm_masked_pass,"he putamen exhibits strong enrichment of ZNF385B (a zinc-finger transcription factor) and ROBO2 (an axonal guidance molecule), whereas the caudate nucleus shows elevated expression of TAC1(a neuropeptide precursor) and EGR1(",/Users/pujatrivedi/Desktop/MIT/blended_ner_framework/data/papers/multiscale_spatial_transcriptomic/20260602T192339/chunks/chunk_001.txt
caudate nucleus,BRAIN_STRUCTURE,Caudate Nucleus,http://purl.jp/bio/4/id/200906006884530231,IOBC,local,,chunk_001,13350,13365,llm_pass1,"f ZNF385B (a zinc-finger transcription factor) and ROBO2 (an axonal guidance molecule), whereas the caudate nucleus shows elevated expression of TAC1(a neuropeptide precursor) and EGR1(an immediate early transcripti",/Users/pujatrivedi/Desktop/MIT/blended_ner_framework/data/papers/multiscale_spatial_transcriptomic/20260602T192339/chunks/chunk_001.txt
TAC1,GeneOrProtein,TAC1,http://identifiers.org/hgnc/11517,HRA,local,,chunk_001,13395,13399,llm_masked_pass,") and ROBO2 (an axonal guidance molecule), whereas the caudate nucleus shows elevated expression of TAC1(a neuropeptide precursor) and EGR1(an immediate early transcription factor). The nucleus accumbens",/Users/pujatrivedi/Desktop/MIT/blended_ner_framework/data/papers/multiscale_spatial_transcriptomic/20260602T192339/chunks/chunk_001.txt
neuropeptide precursor,MolecularFunction,hypocretin neuropeptide precursor isoform 1 (rat),http://purl.obolibrary.org/obo/PR_O55232-1,PR,local,,chunk_001,13402,13424,llm_masked_pass,"OBO2 (an axonal guidance molecule), whereas the caudate nucleus shows elevated expression of TAC1(a neuropeptide precursor) and EGR1(an immediate early transcription factor). The nucleus accumbens shell is marked by vesicl",/Users/pujatrivedi/Desktop/MIT/blended_ner_framework/data/papers/multiscale_spatial_transcriptomic/20260602T192339/chunks/chunk_001.txt
EGR1,GeneOrProtein,EGR1 Gene,http://purl.obolibrary.org/obo/NCIT_C99599,BERO,local,,chunk_001,13430,13434,llm_masked_pass,"ecule), whereas the caudate nucleus shows elevated expression of TAC1(a neuropeptide precursor) and EGR1(an immediate early transcription factor). The nucleus accumbens shell is marked by vesicle associat",/Users/pujatrivedi/Desktop/MIT/blended_ner_framework/data/papers/multiscale_spatial_transcriptomic/20260602T192339/chunks/chunk_001.txt
immediate early transcription factor,TranscriptionFactorClass,Early Growth Response Protein 1,http://purl.jp/bio/4/id/200906053324590806,IOBC,local,,chunk_001,13438,13474,llm_masked_pass,"whereas the caudate nucleus shows elevated expression of TAC1(a neuropeptide precursor) and EGR1(an immediate early transcription factor). The nucleus accumbens shell is marked by vesicle associated molecules SCG2 and CALY, while the NA",/Users/pujatrivedi/Desktop/MIT/blended_ner_framework/data/papers/multiscale_spatial_transcriptomic/20260602T192339/chunks/chunk_001.txt
nucleus accumbens,BRAIN_STRUCTURE,nucleus accumbens septi,http://purl.jp/bio/4/id/200906026769438853,IOBC,local,,chunk_001,13481,13498,llm_pass1,"expression of TAC1(a neuropeptide precursor) and EGR1(an immediate early transcription factor). The nucleus accumbens shell is marked by vesicle associated molecules SCG2 and CALY, while the NAc core is enriched for s",/Users/pujatrivedi/Desktop/MIT/blended_ner_framework/data/papers/multiscale_spatial_transcriptomic/20260602T192339/chunks/chunk_001.txt
SCG2,GeneOrProtein,Scg2 (mouse),http://purl.obolibrary.org/obo/MGI_103033,PR,local,,chunk_001,13547,13551,llm_masked_pass,"early transcription factor). The nucleus accumbens shell is marked by vesicle associated molecules SCG2 and CALY, while the NAc core is enriched for stress-response genes HSPA6 and DNAJB1 (Figure 7C). W",/Users/pujatrivedi/Desktop/MIT/blended_ner_framework/data/papers/multiscale_spatial_transcriptomic/20260602T192339/chunks/chunk_001.txt
CALY,GeneOrProtein,Caly (mouse),http://purl.obolibrary.org/obo/MGI_1915816,PR,local,,chunk_001,13556,13560,llm_masked_pass,"anscription factor). The nucleus accumbens shell is marked by vesicle associated molecules SCG2 and CALY, while the NAc core is enriched for stress-response genes HSPA6 and DNAJB1 (Figure 7C). We further",/Users/pujatrivedi/Desktop/MIT/blended_ner_framework/data/papers/multiscale_spatial_transcriptomic/20260602T192339/chunks/chunk_001.txt
HSPA6,GeneOrProtein,HSPA6 (human),http://www.genenames.org/cgi-bin/gene_symbol_report?hgnc_id=5239,EFO,local,,chunk_001,13619,13624,llm_masked_pass,"esicle associated molecules SCG2 and CALY, while the NAc core is enriched for stress-response genes HSPA6 and DNAJB1 (Figure 7C). We further examined the transcriptional difference between the regions by",/Users/pujatrivedi/Desktop/MIT/blended_ner_framework/data/papers/multiscale_spatial_transcriptomic/20260602T192339/chunks/chunk_001.txt
DNAJB1,GeneOrProtein,Dnajb1 (mouse),http://purl.obolibrary.org/obo/MGI_1931874,PR,local,,chunk_001,13629,13635,llm_masked_pass,"ociated molecules SCG2 and CALY, while the NAc core is enriched for stress-response genes HSPA6 and DNAJB1 (Figure 7C). We further examined the transcriptional difference between the regions by performing",/Users/pujatrivedi/Desktop/MIT/blended_ner_framework/data/papers/multiscale_spatial_transcriptomic/20260602T192339/chunks/chunk_001.txt
gene ontology (GO) enrichment analysis,BioinformaticsTechnique,gene ontology enrichment analysis,https://bio.scai.fraunhofer.de/ontology/COVID_0000104,COVID-19,local,,chunk_001,13735,13773,llm_masked_pass,(Figure 7C). We further examined the transcriptional difference between the regions by performing gene ontology (GO) enrichment analysis on the differentially expressed genes. Pathways such as synaptic signaling and regulation of cell,/Users/pujatrivedi/Desktop/MIT/blended_ner_framework/data/papers/multiscale_spatial_transcriptomic/20260602T192339/chunks/chunk_001.txt
synaptic signaling,MolecularPathway,arrested synaptic signaling,http://purl.obolibrary.org/obo/UPHENO_0018981,UPHENO,local,,chunk_001,13831,13849,llm_masked_pass,"ing gene ontology (GO) enrichment analysis on the differentially expressed genes. Pathways such as synaptic signaling and regulation of cell communication are mainly associated with putamen and NAc shell, while proces",/Users/pujatrivedi/Desktop/MIT/blended_ner_framework/data/papers/multiscale_spatial_transcriptomic/20260602T192339/chunks/chunk_001.txt
regulation of cell communication,BiologicalProcess,negative regulation of cell communication,http://purl.org/obo/owl/GO#GO_0010648,BIOMODELS,local,,chunk_001,13854,13886,llm_masked_pass,"enrichment analysis on the differentially expressed genes. Pathways such as synaptic signaling and regulation of cell communication are mainly associated with putamen and NAc shell, while processes such as regulation of secretion b",/Users/pujatrivedi/Desktop/MIT/blended_ner_framework/data/papers/multiscale_spatial_transcriptomic/20260602T192339/chunks/chunk_001.txt
putamen,BRAIN_STRUCTURE,Putamen or Globus Pallidus,http://purl.obolibrary.org/obo/NCIT_C182245,BERO,local,,chunk_001,13914,13921,llm_pass1,"Pathways such as synaptic signaling and regulation of cell communication are mainly associated with putamen and NAc shell, while processes such as regulation of secretion by cell and regulation of response t",/Users/pujatrivedi/Desktop/MIT/blended_ner_framework/data/papers/multiscale_spatial_transcriptomic/20260602T192339/chunks/chunk_001.txt
caudate,BrainRegion,Fusion of the caudate and putamen,http://purl.obolibrary.org/obo/HP_0034180,UPHENO,local,,chunk_001,14054,14061,llm_masked_pass,uch as regulation of secretion by cell and regulation of response to stress prominently involve the caudate with some contribution from the NAc shell and NAc core respectively. Some GO terms are uniformly di,/Users/pujatrivedi/Desktop/MIT/blended_ner_framework/data/papers/multiscale_spatial_transcriptomic/20260602T192339/chunks/chunk_001.txt
white matter,NEURAL_PATHWAY,brainstem and spinal white matter,http://purl.obolibrary.org/obo/UBERON_2000318,UPHENO,local,,chunk_001,14256,14268,llm_pass1,"ly distributed among multiple regions; regulation of transport involves the caudate, NAc-shell, and white matter, and negative regulation of cellular process is linked to the caudate, NAc core and NAc shell (Figu",/Users/pujatrivedi/Desktop/MIT/blended_ner_framework/data/papers/multiscale_spatial_transcriptomic/20260602T192339/chunks/chunk_001.txt
striatum,BRAIN_STRUCTURE,striatum,http://purl.obolibrary.org/obo/UBERON_0002435,UPHENO,local,,chunk_001,14525,14533,llm_pass1,ional specificity constitute only ~5%; majority of the remaining genes are expressed throughout the striatum. This led us to ask whether gene expression gradients in the human striatum are similar to those kn,/Users/pujatrivedi/Desktop/MIT/blended_ner_framework/data/papers/multiscale_spatial_transcriptomic/20260602T192339/chunks/chunk_001.txt
human striatum,BRAIN_STRUCTURE,striatum  ( human ),https://purl.brain-bican.org/ontology/hbao/HBA_4277,PCL,local,,chunk_001,14595,14609,llm_pass1,"are expressed throughout the striatum. This led us to ask whether gene expression gradients in the human striatum are similar to those known in mice and non-human primates 4,5,66. To investigate topographical cont",/Users/pujatrivedi/Desktop/MIT/blended_ner_framework/data/papers/multiscale_spatial_transcriptomic/20260602T192339/chunks/chunk_001.txt
dorsolateral-ventromedial (DL-VM) expression gradients,MolecularGradient,Gene Expression Regulation,http://purl.jp/bio/4/id/200906077478372913,IOBC,local,,chunk_001,14764,14818,llm_masked_pass,"tes 4,5,66. To investigate topographical continuity of gene expression across species we focused on dorsolateral-ventromedial (DL-VM) expression gradients, an established organizational axis in the mouse striatum 14,66. We find numerous genes in the huma",/Users/pujatrivedi/Desktop/MIT/blended_ner_framework/data/papers/multiscale_spatial_transcriptomic/20260602T192339/chunks/chunk_001.txt
striatum,BRAIN_STRUCTURE,striatum,http://purl.obolibrary.org/obo/UBERON_0002435,UPHENO,local,,chunk_001,14868,14876,llm_pass1,"olateral-ventromedial (DL-VM) expression gradients, an established organizational axis in the mouse striatum 14,66. We find numerous genes in the human striatum that display graded expression along this axis",/Users/pujatrivedi/Desktop/MIT/blended_ner_framework/data/papers/multiscale_spatial_transcriptomic/20260602T192339/chunks/chunk_001.txt
human striatum,BRAIN_STRUCTURE,striatum  ( human ),https://purl.brain-bican.org/ontology/hbao/HBA_4277,PCL,local,,chunk_001,14914,14928,llm_pass1,"ents, an established organizational axis in the mouse striatum 14,66. We find numerous genes in the human striatum that display graded expression along this axis (Figure 7E). For example, PDE10A, NRGN, and SLIT1 ar",/Users/pujatrivedi/Desktop/MIT/blended_ner_framework/data/papers/multiscale_spatial_transcriptomic/20260602T192339/chunks/chunk_001.txt
PDE10A,GeneOrProtein,Pde10a (rat),http://purl.obolibrary.org/obo/RGD_68434,PR,local,,chunk_001,15002,15008,llm_masked_pass,"enes in the human striatum that display graded expression along this axis (Figure 7E). For example, PDE10A, NRGN, and SLIT1 are dorsolaterally enriched, whereas NNAT, CRYM, and RAP1GAP exhibit ventromedial",/Users/pujatrivedi/Desktop/MIT/blended_ner_framework/data/papers/multiscale_spatial_transcriptomic/20260602T192339/chunks/chunk_001.txt
NRGN,GeneOrProtein,Nrgn (Mmus),http://identifiers.org/ncbigene/64011,PCL,local,,chunk_001,15010,15014,llm_masked_pass,"the human striatum that display graded expression along this axis (Figure 7E). For example, PDE10A, NRGN, and SLIT1 are dorsolaterally enriched, whereas NNAT, CRYM, and RAP1GAP exhibit ventromedial bias.",/Users/pujatrivedi/Desktop/MIT/blended_ner_framework/data/papers/multiscale_spatial_transcriptomic/20260602T192339/chunks/chunk_001.txt
NNAT,GeneOrProtein,Nnat (Mmus),http://identifiers.org/ncbigene/18111,PCL,local,,chunk_001,15063,15067,llm_masked_pass,"ng this axis (Figure 7E). For example, PDE10A, NRGN, and SLIT1 are dorsolaterally enriched, whereas NNAT, CRYM, and RAP1GAP exhibit ventromedial bias. Importantly, the majority of gradient-aligned genes s",/Users/pujatrivedi/Desktop/MIT/blended_ner_framework/data/papers/multiscale_spatial_transcriptomic/20260602T192339/chunks/chunk_001.txt
CRYM,GeneOrProtein,Crym (Mmus),http://identifiers.org/ncbigene/12971,PCL,local,,chunk_001,15069,15073,llm_masked_pass,"s axis (Figure 7E). For example, PDE10A, NRGN, and SLIT1 are dorsolaterally enriched, whereas NNAT, CRYM, and RAP1GAP exhibit ventromedial bias. Importantly, the majority of gradient-aligned genes show di",/Users/pujatrivedi/Desktop/MIT/blended_ner_framework/data/papers/multiscale_spatial_transcriptomic/20260602T192339/chunks/chunk_001.txt
RAP1GAP,GeneOrProtein,RAP1GAP (human),http://www.genenames.org/cgi-bin/gene_symbol_report?hgnc_id=9858,EFO,local,,chunk_001,15079,15086,llm_masked_pass,"gure 7E). For example, PDE10A, NRGN, and SLIT1 are dorsolaterally enriched, whereas NNAT, CRYM, and RAP1GAP exhibit ventromedial bias. Importantly, the majority of gradient-aligned genes show directionality",/Users/pujatrivedi/Desktop/MIT/blended_ner_framework/data/papers/multiscale_spatial_transcriptomic/20260602T192339/chunks/chunk_001.txt
basal ganglia,BRAIN_STRUCTURE,basal ganglia disease,http://www.ebi.ac.uk/efo/EFO_0009533,EFO,local,,chunk_001,15467,15480,llm_pass1,"n. This underscores evolutionarily conserved transcriptional patterning that likely supports shared basal ganglia circuit architecture and function. In addition, we observe in both mouse and human, the expression",/Users/pujatrivedi/Desktop/MIT/blended_ner_framework/data/papers/multiscale_spatial_transcriptomic/20260602T192339/chunks/chunk_001.txt
lateral ganglionic eminence (CN/LGE)-derived GABAergic neurons,NeuronLineage,abnormal lateral ganglionic eminence morphology,http://purl.obolibrary.org/obo/MP_0004277,UPHENO,local,,chunk_001,15994,16056,llm_masked_pass,"itute Basal Ganglia Consensus Cell Type Atlas. Most gradient-associated transcripts are enriched in lateral ganglionic eminence (CN/LGE)-derived GABAergic neurons, the principal MSN population. A subset of dorsolateral-enriched genes, however, are expressed with",/Users/pujatrivedi/Desktop/MIT/blended_ner_framework/data/papers/multiscale_spatial_transcriptomic/20260602T192339/chunks/chunk_001.txt
oligodendrocyte lineage (OPC-Oligo) cells,GlialLineage,OPC NN_2 oligodendrocyte precursor cell (Mmus),http://purl.obolibrary.org/obo/CL_4307091,PCL,local,,chunk_001,16159,16200,llm_masked_pass,"he principal MSN population. A subset of dorsolateral-enriched genes, however, are expressed within oligodendrocyte lineage (OPC-Oligo) cells, that reflects the dense myelinated fiber tracts that occupy dorsal striatal territories (Figure 7I",/Users/pujatrivedi/Desktop/MIT/blended_ner_framework/data/papers/multiscale_spatial_transcriptomic/20260602T192339/chunks/chunk_001.txt
myelinated fiber tracts,WhiteMatterStructure,myelinated nerve fiber,http://purl.obolibrary.org/obo/UBERON_0006135,NPOKB,local,,chunk_001,16226,16249,llm_masked_pass,"s, however, are expressed within oligodendrocyte lineage (OPC-Oligo) cells, that reflects the dense myelinated fiber tracts that occupy dorsal striatal territories (Figure 7I). In contrast, in mouse we do not observe this;",/Users/pujatrivedi/Desktop/MIT/blended_ner_framework/data/papers/multiscale_spatial_transcriptomic/20260602T192339/chunks/chunk_001.txt
LGE neurons,NeuronLineage,Diffuse non-Hodgkin mixed sml & lge cell (diffuse) lymphoma,http://purl.bioontology.org/ontology/RCTV2/B627500,RCTV2,local,,chunk_001,16349,16360,llm_masked_pass,"that occupy dorsal striatal territories (Figure 7I). In contrast, in mouse we do not observe this; LGE neurons dominate in both directions (Figure S9E). These analyses demonstrate that Stereo-seq captures trans",/Users/pujatrivedi/Desktop/MIT/blended_ner_framework/data/papers/multiscale_spatial_transcriptomic/20260602T192339/chunks/chunk_001.txt
basal ganglia,BRAIN_STRUCTURE,basal ganglia disease,http://www.ebi.ac.uk/efo/EFO_0009533,EFO,local,,chunk_001,16542,16555,llm_pass1,seq captures transcriptome-wide spatial gradients that mirror functional and anatomical axes of the basal ganglia. The high concordance of these gradients between humans and mice highlights conserved molecular top,/Users/pujatrivedi/Desktop/MIT/blended_ner_framework/data/papers/multiscale_spatial_transcriptomic/20260602T192339/chunks/chunk_001.txt
human basal ganglia,UBERON_ANATOMICAL_STRUCTURE,basal ganglia disease,http://www.ebi.ac.uk/efo/EFO_0009533,EFO,local,,chunk_001,16932,16951,llm_pass1,"y analysis based on the proximity of the 60 identified cell types reveals 14 spatial modules in the human basal ganglia sections, providing an unbiased, refined anatomical delineation of the imaged regions that aligns c",/Users/pujatrivedi/Desktop/MIT/blended_ner_framework/data/papers/multiscale_spatial_transcriptomic/20260602T192339/chunks/chunk_001.txt
Mammalian Basal Ganglia Consensus Cell Type Atlas,BrainAtlas,basal ganglia disease,http://www.ebi.ac.uk/efo/EFO_0009533,EFO,local,,chunk_001,17230,17279,llm_masked_pass,hment of cell-types across spatial modules recapitulates expected spatial segregations based on the Mammalian Basal Ganglia Consensus Cell Type Atlas reference (Allen Institute; RRID:SCR_024672) in NAc; STRd D1/D2 in the caudate/putamen) including,/Users/pujatrivedi/Desktop/MIT/blended_ner_framework/data/papers/multiscale_spatial_transcriptomic/20260602T192339/chunks/chunk_001.txt
putamen,BRAIN_STRUCTURE,Putamen or Globus Pallidus,http://purl.obolibrary.org/obo/NCIT_C182245,BERO,local,,chunk_001,17360,17367,llm_pass1,"sus Cell Type Atlas reference (Allen Institute; RRID:SCR_024672) in NAc; STRd D1/D2 in the caudate/putamen) including regional interneuron biases: STR FS PTHLH-PVALB enriched in the caudate, ChAT+ enriched",/Users/pujatrivedi/Desktop/MIT/blended_ner_framework/data/papers/multiscale_spatial_transcriptomic/20260602T192339/chunks/chunk_001.txt
STR FS PTHLH-PVALB,InterneuronSubtype,PTHLH-PVALB,http://purl.obolibrary.org/obo/CL_4042023,HRA,local,,chunk_001,17408,17426,llm_masked_pass,"RRID:SCR_024672) in NAc; STRd D1/D2 in the caudate/putamen) including regional interneuron biases: STR FS PTHLH-PVALB enriched in the caudate, ChAT+ enriched in the putamen, and FM GATA3-TCF7L2 concentrated in GPi. Wi",/Users/pujatrivedi/Desktop/MIT/blended_ner_framework/data/papers/multiscale_spatial_transcriptomic/20260602T192339/chunks/chunk_001.txt
ChAT+,GeneOrProtein,decreased dorsal striatum cell number,http://purl.obolibrary.org/obo/MP_0020617,UPHENO,local,,chunk_001,17452,17457,llm_masked_pass,"caudate/putamen) including regional interneuron biases: STR FS PTHLH-PVALB enriched in the caudate, ChAT+ enriched in the putamen, and FM GATA3-TCF7L2 concentrated in GPi. Within NAc, we uncover that both",/Users/pujatrivedi/Desktop/MIT/blended_ner_framework/data/papers/multiscale_spatial_transcriptomic/20260602T192339/chunks/chunk_001.txt
putamen,BRAIN_STRUCTURE,Putamen or Globus Pallidus,http://purl.obolibrary.org/obo/NCIT_C182245,BERO,local,,chunk_001,17474,17481,llm_pass1,"ding regional interneuron biases: STR FS PTHLH-PVALB enriched in the caudate, ChAT+ enriched in the putamen, and FM GATA3-TCF7L2 concentrated in GPi. Within NAc, we uncover that both D1-and D2-striosomal MSN",/Users/pujatrivedi/Desktop/MIT/blended_ner_framework/data/papers/multiscale_spatial_transcriptomic/20260602T192339/chunks/chunk_001.txt
FM GATA3-TCF7L2,NeuronSubtype,Prostaglandin FM,http://purl.jp/bio/4/id/200906029937026271,IOBC,local,,chunk_001,17487,17502,llm_masked_pass,"interneuron biases: STR FS PTHLH-PVALB enriched in the caudate, ChAT+ enriched in the putamen, and FM GATA3-TCF7L2 concentrated in GPi. Within NAc, we uncover that both D1-and D2-striosomal MSNs populate NAc shell",/Users/pujatrivedi/Desktop/MIT/blended_ner_framework/data/papers/multiscale_spatial_transcriptomic/20260602T192339/chunks/chunk_001.txt
human STRd D1 Matrix MSNs,NeuronSubtype,D1 Matrix MSN,http://purl.obolibrary.org/obo/CL_4030043,HRA,local,,chunk_001,,,llm_masked_pass_unmapped,,/Users/pujatrivedi/Desktop/MIT/blended_ner_framework/data/papers/multiscale_spatial_transcriptomic/20260602T192339/chunks/chunk_001.txt
human STRd D2 Matrix MSN,NeuronSubtype,MSN subfamily gene,http://www.drugtargetontology.org/dto/DTO_03400288,DTO,local,,chunk_001,,,llm_masked_pass_unmapped,,/Users/pujatrivedi/Desktop/MIT/blended_ner_framework/data/papers/multiscale_spatial_transcriptomic/20260602T192339/chunks/chunk_001.txt
matrix,StriatalCompartment,"extracellular matrix chondrocyte spatial pattern, abnormal",http://purl.obolibrary.org/obo/ZP_0102626,UPHENO,local,,chunk_002,4,10,llm_masked_pass,The matrix and striosome spatial modules derived from MSN subtype composition reveals fine-scale spatial organ,/Users/pujatrivedi/Desktop/MIT/blended_ner_framework/data/papers/multiscale_spatial_transcriptomic/20260602T192339/chunks/chunk_002.txt
striosome,StriatalCompartment,D2 Striosome MSN,http://purl.obolibrary.org/obo/CL_4030049,HRA,local,,chunk_002,15,24,llm_masked_pass,The matrix and striosome spatial modules derived from MSN subtype composition reveals fine-scale spatial organization biases,/Users/pujatrivedi/Desktop/MIT/blended_ner_framework/data/papers/multiscale_spatial_transcriptomic/20260602T192339/chunks/chunk_002.txt
MSN,NEURON_TYPE,MSN subfamily gene,http://www.drugtargetontology.org/dto/DTO_03400288,DTO,local,,chunk_002,54,57,llm_pass1,"The matrix and striosome spatial modules derived from MSN subtype composition reveals fine-scale spatial organization biases. Specifically, TAC3-PLPP4 intern",/Users/pujatrivedi/Desktop/MIT/blended_ner_framework/data/papers/multiscale_spatial_transcriptomic/20260602T192339/chunks/chunk_002.txt
TAC3-PLPP4 interneurons,NEURON_TYPE,Commissural Interneurons,http://purl.jp/bio/4/id/201506074924587030,IOBC,local,,chunk_002,140,163,llm_pass1,"derived from MSN subtype composition reveals fine-scale spatial organization biases. Specifically, TAC3-PLPP4 interneurons, which are expanded in primates 64, are matrix-restricted, whereas VIP+ and LAMP5+ interneurons are",/Users/pujatrivedi/Desktop/MIT/blended_ner_framework/data/papers/multiscale_spatial_transcriptomic/20260602T192339/chunks/chunk_002.txt
VIP+,NEURON_TYPE,L2/3 bipolar VIP GABAergic interneuron (Mmus),http://purl.obolibrary.org/obo/CL_4023007,PCL,local,,chunk_002,231,235,llm_pass1,"fically, TAC3-PLPP4 interneurons, which are expanded in primates 64, are matrix-restricted, whereas VIP+ and LAMP5+ interneurons are striosome-enriched but not exclusive. Across the striosome boundaries,",/Users/pujatrivedi/Desktop/MIT/blended_ner_framework/data/papers/multiscale_spatial_transcriptomic/20260602T192339/chunks/chunk_002.txt
LAMP5+ interneurons,NEURON_TYPE,Commissural Interneurons,http://purl.jp/bio/4/id/201506074924587030,IOBC,local,,chunk_002,240,259,llm_pass1,"TAC3-PLPP4 interneurons, which are expanded in primates 64, are matrix-restricted, whereas VIP+ and LAMP5+ interneurons are striosome-enriched but not exclusive. Across the striosome boundaries, we find enrichment of sp",/Users/pujatrivedi/Desktop/MIT/blended_ner_framework/data/papers/multiscale_spatial_transcriptomic/20260602T192339/chunks/chunk_002.txt
striosome boundaries,NeuroanatomicalBoundary,establishment of central gap gene boundaries,http://purl.org/obo/owl/GO#GO_0007358,BIOMODELS,local,,chunk_002,313,333,llm_masked_pass,"stricted, whereas VIP+ and LAMP5+ interneurons are striosome-enriched but not exclusive. Across the striosome boundaries, we find enrichment of specific subpopulations of astrocytes and oligodendrocytes which delineates",/Users/pujatrivedi/Desktop/MIT/blended_ner_framework/data/papers/multiscale_spatial_transcriptomic/20260602T192339/chunks/chunk_002.txt
astrocytes,GLIAL_CELL_TYPE,Set of astrocytes,http://purl.org/sig/ont/fma/fma84101,FMA,local,,chunk_002,384,394,llm_pass1,"ut not exclusive. Across the striosome boundaries, we find enrichment of specific subpopulations of astrocytes and oligodendrocytes which delineates boundary-aligned glial microdomains. Cross-species comparison",/Users/pujatrivedi/Desktop/MIT/blended_ner_framework/data/papers/multiscale_spatial_transcriptomic/20260602T192339/chunks/chunk_002.txt
oligodendrocytes,GLIAL_CELL_TYPE,Oligodendrocytes damage,http://scai.fraunhofer.de/MSOntology#Oligodendrocytes_damage,MSO,local,,chunk_002,399,415,llm_pass1,"e. Across the striosome boundaries, we find enrichment of specific subpopulations of astrocytes and oligodendrocytes which delineates boundary-aligned glial microdomains. Cross-species comparison with the MERFISH-der",/Users/pujatrivedi/Desktop/MIT/blended_ner_framework/data/papers/multiscale_spatial_transcriptomic/20260602T192339/chunks/chunk_002.txt
glial microdomains,GlialMicrodomain,phosphoprotein associated with glycosphingolipid-enriched microdomains 1 (human),http://purl.obolibrary.org/obo/PR_Q9NWQ8,EFO,local,,chunk_002,450,468,llm_masked_pass,"ent of specific subpopulations of astrocytes and oligodendrocytes which delineates boundary-aligned glial microdomains. Cross-species comparison with the MERFISH-derived mouse cell type atlas 10,14 identifies orthologo",/Users/pujatrivedi/Desktop/MIT/blended_ner_framework/data/papers/multiscale_spatial_transcriptomic/20260602T192339/chunks/chunk_002.txt
MERFISH-derived mouse cell type atlas,TECHNIQUE,mouse cell line,http://www.ebi.ac.uk/efo/EFO_0002887,EFO,local,,chunk_002,504,541,llm_pass1,"dendrocytes which delineates boundary-aligned glial microdomains. Cross-species comparison with the MERFISH-derived mouse cell type atlas 10,14 identifies orthologous MSN counterparts (e.g., mouse 0268 D1 and 0267 D1 supertypes correspon",/Users/pujatrivedi/Desktop/MIT/blended_ner_framework/data/papers/multiscale_spatial_transcriptomic/20260602T192339/chunks/chunk_002.txt
MSN,NeuronalCellType,MSN subfamily gene,http://www.drugtargetontology.org/dto/DTO_03400288,DTO,local,,chunk_002,571,574,llm_masked_pass,"ross-species comparison with the MERFISH-derived mouse cell type atlas 10,14 identifies orthologous MSN counterparts (e.g., mouse 0268 D1 and 0267 D1 supertypes corresponding to human STRd D1 striosome a",/Users/pujatrivedi/Desktop/MIT/blended_ner_framework/data/papers/multiscale_spatial_transcriptomic/20260602T192339/chunks/chunk_002.txt
mouse 0268 D1,NeuronalSubtype,D1 protein,http://purl.jp/bio/4/id/200906055585066279,IOBC,local,,chunk_002,595,608,llm_masked_pass,"with the MERFISH-derived mouse cell type atlas 10,14 identifies orthologous MSN counterparts (e.g., mouse 0268 D1 and 0267 D1 supertypes corresponding to human STRd D1 striosome and matrix respectively) and confir",/Users/pujatrivedi/Desktop/MIT/blended_ner_framework/data/papers/multiscale_spatial_transcriptomic/20260602T192339/chunks/chunk_002.txt
0267 D1,NeuronalSubtype,D1 protein,http://purl.jp/bio/4/id/200906055585066279,IOBC,local,,chunk_002,613,620,llm_masked_pass,"erived mouse cell type atlas 10,14 identifies orthologous MSN counterparts (e.g., mouse 0268 D1 and 0267 D1 supertypes corresponding to human STRd D1 striosome and matrix respectively) and confirms border-en",/Users/pujatrivedi/Desktop/MIT/blended_ner_framework/data/papers/multiscale_spatial_transcriptomic/20260602T192339/chunks/chunk_002.txt
human STRd D1 striosome,NeuronalSubtype,D1 Striosome MSN,http://purl.obolibrary.org/obo/CL_4030048,HRA,local,,chunk_002,649,672,llm_masked_pass,"dentifies orthologous MSN counterparts (e.g., mouse 0268 D1 and 0267 D1 supertypes corresponding to human STRd D1 striosome and matrix respectively) and confirms border-enriched astrocyte (Astro-TE NN_3) and oligodendrocyte",/Users/pujatrivedi/Desktop/MIT/blended_ner_framework/data/papers/multiscale_spatial_transcriptomic/20260602T192339/chunks/chunk_002.txt
astrocyte (Astro-TE NN_3),GLIAL_CELL_TYPE,Astro Aqp4_Gfap primary motor cortex astrocyte (Mmus),http://purl.obolibrary.org/obo/PCL_0011093,PCL,local,,chunk_002,727,752,llm_pass1,ypes corresponding to human STRd D1 striosome and matrix respectively) and confirms border-enriched astrocyte (Astro-TE NN_3) and oligodendrocyte (MOL NN_4) supertypes in mouse. These data argue for conserved compartment orga,/Users/pujatrivedi/Desktop/MIT/blended_ner_framework/data/papers/multiscale_spatial_transcriptomic/20260602T192339/chunks/chunk_002.txt
oligodendrocyte (MOL NN_4),GLIAL_CELL_TYPE,MOL NN_4 Sspo mature myelinating oligodendrocyte (Mmus),http://purl.obolibrary.org/obo/CL_4307108,PCL,local,,chunk_002,757,783,llm_pass1,Rd D1 striosome and matrix respectively) and confirms border-enriched astrocyte (Astro-TE NN_3) and oligodendrocyte (MOL NN_4) supertypes in mouse. These data argue for conserved compartment organization principles and ortholo,/Users/pujatrivedi/Desktop/MIT/blended_ner_framework/data/papers/multiscale_spatial_transcriptomic/20260602T192339/chunks/chunk_002.txt
striata,BRAIN_REGION,Trachylepis striata striata,http://purl.bioontology.org/ontology/NCBITAXON/111288,NCBITAXON,local,,chunk_002,940,947,llm_pass1,"artment organization principles and orthologous boundary microenvironments between human and rodent striata, while also highlighting primate and human specializations (e.g., matrix-restricted TAC3-PLPP4) 67,",/Users/pujatrivedi/Desktop/MIT/blended_ner_framework/data/papers/multiscale_spatial_transcriptomic/20260602T192339/chunks/chunk_002.txt
TAC3-PLPP4,InterneuronSubtype,Plpp4 (Mmus),http://identifiers.org/ncbigene/381925,PCL,local,,chunk_002,1032,1042,llm_masked_pass,"rodent striata, while also highlighting primate and human specializations (e.g., matrix-restricted TAC3-PLPP4) 67,68. Subcellular transcript localization informs morphology and projection architecture MERFIS",/Users/pujatrivedi/Desktop/MIT/blended_ner_framework/data/papers/multiscale_spatial_transcriptomic/20260602T192339/chunks/chunk_002.txt
MERFISH+,TECHNIQUE,basal ganglia disease,http://www.ebi.ac.uk/efo/EFO_0009533,EFO,local,,chunk_002,1136,1144,llm_pass1,"-PLPP4) 67,68. Subcellular transcript localization informs morphology and projection architecture MERFISH+ subcellular transcript localizations enable characterization of cell morphology and projection-infe",/Users/pujatrivedi/Desktop/MIT/blended_ner_framework/data/papers/multiscale_spatial_transcriptomic/20260602T192339/chunks/chunk_002.txt
subcellular transcript localization,MolecularLocalizationProcess,subcellular protein localization assay,http://purl.obolibrary.org/obo/OBI_0002167,OBI,local,,chunk_002,1145,1180,llm_masked_pass,"7,68. Subcellular transcript localization informs morphology and projection architecture MERFISH+ subcellular transcript localizations enable characterization of cell morphology and projection-inferred connectivity. Our 3D analysis o",/Users/pujatrivedi/Desktop/MIT/blended_ner_framework/data/papers/multiscale_spatial_transcriptomic/20260602T192339/chunks/chunk_002.txt
projection-inferred connectivity,NEURAL_PATHWAY,functional connectivity,https://bio.scai.fraunhofer.de/ontology/0000501,EPIO,local,,chunk_002,1229,1261,llm_pass1,cture MERFISH+ subcellular transcript localizations enable characterization of cell morphology and projection-inferred connectivity. Our 3D analysis of RNA transcript localization provides soma-volume measurements that span ~5-fold,/Users/pujatrivedi/Desktop/MIT/blended_ner_framework/data/papers/multiscale_spatial_transcriptomic/20260602T192339/chunks/chunk_002.txt
immunofluorescence staining,Technique,Staining Methods,http://purl.obolibrary.org/obo/TEMP#251000000222,VIMM,local,,chunk_002,1503,1530,llm_masked_pass,"this strategy differs from traditional methods that offer more detailed cell morphology, including immunofluorescence staining and Cajal-Golgi impregnation methods 69,70, the key advantage of MERFISH+ based quantification is i",/Users/pujatrivedi/Desktop/MIT/blended_ner_framework/data/papers/multiscale_spatial_transcriptomic/20260602T192339/chunks/chunk_002.txt
Cajal-Golgi impregnation methods,Technique,Staining Methods,http://purl.obolibrary.org/obo/TEMP#251000000222,VIMM,local,,chunk_002,1535,1567,llm_masked_pass,"itional methods that offer more detailed cell morphology, including immunofluorescence staining and Cajal-Golgi impregnation methods 69,70, the key advantage of MERFISH+ based quantification is its ability to distinguish and measure",/Users/pujatrivedi/Desktop/MIT/blended_ner_framework/data/papers/multiscale_spatial_transcriptomic/20260602T192339/chunks/chunk_002.txt
MERFISH+,SpatialTranscriptomicsTechnique,basal ganglia disease,http://www.ebi.ac.uk/efo/EFO_0009533,EFO,local,,chunk_002,1596,1604,llm_masked_pass,"luding immunofluorescence staining and Cajal-Golgi impregnation methods 69,70, the key advantage of MERFISH+ based quantification is its ability to distinguish and measure dozens of neuronal subclasses at tis",/Users/pujatrivedi/Desktop/MIT/blended_ner_framework/data/papers/multiscale_spatial_transcriptomic/20260602T192339/chunks/chunk_002.txt
cholinergic interneurons,NEURON_TYPE,Cholinergic neuron,http://purl.jp/bio/4/id/200906094084757102,IOBC,local,,chunk_002,1734,1758,llm_pass1,"bility to distinguish and measure dozens of neuronal subclasses at tissue-wide scale. We find that cholinergic interneurons and pallidal neuron subtypes (e.g., GPi Core/Shell; GPe NDB-SI-LHX6/8-GBX1; GPe MEIS2-SOX6) exhibit",/Users/pujatrivedi/Desktop/MIT/blended_ner_framework/data/papers/multiscale_spatial_transcriptomic/20260602T192339/chunks/chunk_002.txt
pallidal neuron subtypes,NEURON_TYPE,Pallidal Degeneration,http://purl.obolibrary.org/obo/Pallidal_Degeneration,NND_ND,local,,chunk_002,1763,1787,llm_pass1,"sure dozens of neuronal subclasses at tissue-wide scale. We find that cholinergic interneurons and pallidal neuron subtypes (e.g., GPi Core/Shell; GPe NDB-SI-LHX6/8-GBX1; GPe MEIS2-SOX6) exhibit the largest soma volumes, wh",/Users/pujatrivedi/Desktop/MIT/blended_ner_framework/data/papers/multiscale_spatial_transcriptomic/20260602T192339/chunks/chunk_002.txt
GPi Core/Shell,BRAIN_REGION,GPI anchor release,http://purl.org/obo/owl/GO#GO_0006507,BIOMODELS,local,,chunk_002,1795,1809,llm_pass1,"es at tissue-wide scale. We find that cholinergic interneurons and pallidal neuron subtypes (e.g., GPi Core/Shell; GPe NDB-SI-LHX6/8-GBX1; GPe MEIS2-SOX6) exhibit the largest soma volumes, whereas LAMP5+ interneur",/Users/pujatrivedi/Desktop/MIT/blended_ner_framework/data/papers/multiscale_spatial_transcriptomic/20260602T192339/chunks/chunk_002.txt
GPe NDB-SI-LHX6/8-GBX1,BRAIN_REGION,Xanthomonas albilineans GPE PC73,http://purl.obolibrary.org/obo/NCBITaxon_380358,PLANTSO,local,,chunk_002,1811,1833,llm_pass1,"e scale. We find that cholinergic interneurons and pallidal neuron subtypes (e.g., GPi Core/Shell; GPe NDB-SI-LHX6/8-GBX1; GPe MEIS2-SOX6) exhibit the largest soma volumes, whereas LAMP5+ interneurons and MSNs are among t",/Users/pujatrivedi/Desktop/MIT/blended_ner_framework/data/papers/multiscale_spatial_transcriptomic/20260602T192339/chunks/chunk_002.txt
GPe MEIS2-SOX6,BRAIN_REGION,Xanthomonas albilineans GPE PC73,http://purl.obolibrary.org/obo/NCBITaxon_380358,PLANTSO,local,,chunk_002,1835,1849,llm_pass1,"holinergic interneurons and pallidal neuron subtypes (e.g., GPi Core/Shell; GPe NDB-SI-LHX6/8-GBX1; GPe MEIS2-SOX6) exhibit the largest soma volumes, whereas LAMP5+ interneurons and MSNs are among the smallest. The",/Users/pujatrivedi/Desktop/MIT/blended_ner_framework/data/papers/multiscale_spatial_transcriptomic/20260602T192339/chunks/chunk_002.txt
LAMP5+ interneurons,InterneuronCellType,Commissural Interneurons,http://purl.jp/bio/4/id/201506074924587030,IOBC,local,,chunk_002,1893,1912,llm_masked_pass,", GPi Core/Shell; GPe NDB-SI-LHX6/8-GBX1; GPe MEIS2-SOX6) exhibit the largest soma volumes, whereas LAMP5+ interneurons and MSNs are among the smallest. These findings are supported by previous histological observations",/Users/pujatrivedi/Desktop/MIT/blended_ner_framework/data/papers/multiscale_spatial_transcriptomic/20260602T192339/chunks/chunk_002.txt
MSNs,NeuronalCellType,lung volumes and capacities,http://sbmi.uth.tmc.edu/ontology/ochv#22835,OCHV,local,,chunk_002,1917,1921,llm_masked_pass,"B-SI-LHX6/8-GBX1; GPe MEIS2-SOX6) exhibit the largest soma volumes, whereas LAMP5+ interneurons and MSNs are among the smallest. These findings are supported by previous histological observations in basal",/Users/pujatrivedi/Desktop/MIT/blended_ner_framework/data/papers/multiscale_spatial_transcriptomic/20260602T192339/chunks/chunk_002.txt
basal ganglia,BASAL_GANGLIA_REGION,basal ganglia disease,http://www.ebi.ac.uk/efo/EFO_0009533,EFO,local,,chunk_002,2016,2029,llm_pass1,"MSNs are among the smallest. These findings are supported by previous histological observations in basal ganglia [51][52][53]. While the nine MSN subtypes show largely similar volumes, SST+ interneuron subclasses",/Users/pujatrivedi/Desktop/MIT/blended_ner_framework/data/papers/multiscale_spatial_transcriptomic/20260602T192339/chunks/chunk_002.txt
SST+ interneuron subclasses,NEURON_TYPE,Sst Chodl Gaba_4 sst chodl GABAergic cortical interneuron (Mmus),http://purl.obolibrary.org/obo/PCL_0110811,PCL,local,,chunk_002,2102,2129,llm_pass1,"servations in basal ganglia [51][52][53]. While the nine MSN subtypes show largely similar volumes, SST+ interneuron subclasses diverge markedly; for example, SST-CHODL versus SST-ADARB2 interneurons show substantial difference",/Users/pujatrivedi/Desktop/MIT/blended_ner_framework/data/papers/multiscale_spatial_transcriptomic/20260602T192339/chunks/chunk_002.txt
SST-CHODL,NEURON_TYPE,Sst Chodl Gaba_4 sst chodl GABAergic cortical interneuron (Mmus),http://purl.obolibrary.org/obo/PCL_0110811,PCL,local,,chunk_002,2161,2170,llm_pass1,"N subtypes show largely similar volumes, SST+ interneuron subclasses diverge markedly; for example, SST-CHODL versus SST-ADARB2 interneurons show substantial differences. These physical parameters could inform",/Users/pujatrivedi/Desktop/MIT/blended_ner_framework/data/papers/multiscale_spatial_transcriptomic/20260602T192339/chunks/chunk_002.txt
SST-ADARB2 interneurons,NEURON_TYPE,Commissural Interneurons,http://purl.jp/bio/4/id/201506074924587030,IOBC,local,,chunk_002,2178,2201,llm_pass1,"argely similar volumes, SST+ interneuron subclasses diverge markedly; for example, SST-CHODL versus SST-ADARB2 interneurons show substantial differences. These physical parameters could inform future neural network models i",/Users/pujatrivedi/Desktop/MIT/blended_ner_framework/data/papers/multiscale_spatial_transcriptomic/20260602T192339/chunks/chunk_002.txt
GPi,BRAIN_REGION,Putamen,http://www.radlex.org/RID/RID6551,RADLEX,local,,chunk_002,2455,2458,llm_pass1,"eporting on size and morphology 71,72. Quantification of putative ""neuritic"" transcripts within the GPi and GPe recapitulates in human the canonical projection pathways measured directly in animal models",/Users/pujatrivedi/Desktop/MIT/blended_ner_framework/data/papers/multiscale_spatial_transcriptomic/20260602T192339/chunks/chunk_002.txt
GPe,BRAIN_REGION,Structure of putamen,http://doe-generated-ontology.com/OntoAD#C0034169,ONTOAD,local,,chunk_002,2463,2466,llm_pass1,"on size and morphology 71,72. Quantification of putative ""neuritic"" transcripts within the GPi and GPe recapitulates in human the canonical projection pathways measured directly in animal models. Specif",/Users/pujatrivedi/Desktop/MIT/blended_ner_framework/data/papers/multiscale_spatial_transcriptomic/20260602T192339/chunks/chunk_002.txt
D1-enriched genes,GENE_GROUP,"Genes, bcl-1",http://purl.obolibrary.org/obo/MESH_D019940,BERO,local,,chunk_002,2574,2591,llm_pass1,"ulates in human the canonical projection pathways measured directly in animal models. Specifically, D1-enriched genes (e.g., RELN, EBF1, SLIT1) are found to preferentially accumulate in GPi projections, whereas D2-enr",/Users/pujatrivedi/Desktop/MIT/blended_ner_framework/data/papers/multiscale_spatial_transcriptomic/20260602T192339/chunks/chunk_002.txt
RELN,Gene,RELN Gene,http://purl.obolibrary.org/obo/NCIT_C102799,BERO,local,,chunk_002,2599,2603,llm_masked_pass,"ical projection pathways measured directly in animal models. Specifically, D1-enriched genes (e.g., RELN, EBF1, SLIT1) are found to preferentially accumulate in GPi projections, whereas D2-enriched genes",/Users/pujatrivedi/Desktop/MIT/blended_ner_framework/data/papers/multiscale_spatial_transcriptomic/20260602T192339/chunks/chunk_002.txt
EBF1,Gene,Ebf1 (Yao - within subclass).,http://purl.obolibrary.org/obo/PCL_0143810,PCL,local,,chunk_002,2605,2609,llm_masked_pass,"rojection pathways measured directly in animal models. Specifically, D1-enriched genes (e.g., RELN, EBF1, SLIT1) are found to preferentially accumulate in GPi projections, whereas D2-enriched genes are bi",/Users/pujatrivedi/Desktop/MIT/blended_ner_framework/data/papers/multiscale_spatial_transcriptomic/20260602T192339/chunks/chunk_002.txt
SLIT1,Gene,Slit1 (Mmus),http://identifiers.org/ncbigene/20562,PCL,local,,chunk_002,2611,2616,llm_masked_pass,"ion pathways measured directly in animal models. Specifically, D1-enriched genes (e.g., RELN, EBF1, SLIT1) are found to preferentially accumulate in GPi projections, whereas D2-enriched genes are biased to",/Users/pujatrivedi/Desktop/MIT/blended_ner_framework/data/papers/multiscale_spatial_transcriptomic/20260602T192339/chunks/chunk_002.txt
GPi projections,ProjectionPathway,Increased neutrophil nuclear projections,http://purl.obolibrary.org/obo/HP_0012552,UPHENO,local,,chunk_002,2660,2675,llm_masked_pass,"Specifically, D1-enriched genes (e.g., RELN, EBF1, SLIT1) are found to preferentially accumulate in GPi projections, whereas D2-enriched genes are biased to GPe projections. These correlation patterns recapitulate t",/Users/pujatrivedi/Desktop/MIT/blended_ner_framework/data/papers/multiscale_spatial_transcriptomic/20260602T192339/chunks/chunk_002.txt
D2-enriched genes,GENE_GROUP,cancer genes,http://sbmi.uth.tmc.edu/ontology/ochv#52425,OCHV,local,,chunk_002,2685,2702,llm_pass1,"genes (e.g., RELN, EBF1, SLIT1) are found to preferentially accumulate in GPi projections, whereas D2-enriched genes are biased to GPe projections. These correlation patterns recapitulate the direct (D1→GPi) versus i",/Users/pujatrivedi/Desktop/MIT/blended_ner_framework/data/papers/multiscale_spatial_transcriptomic/20260602T192339/chunks/chunk_002.txt
GPe projections,ProjectionPathway,Xanthomonas albilineans GPE PC73,http://purl.obolibrary.org/obo/NCBITaxon_380358,PLANTSO,local,,chunk_002,2717,2732,llm_masked_pass,"are found to preferentially accumulate in GPi projections, whereas D2-enriched genes are biased to GPe projections. These correlation patterns recapitulate the direct (D1→GPi) versus indirect (D2→GPe) pathway topol",/Users/pujatrivedi/Desktop/MIT/blended_ner_framework/data/papers/multiscale_spatial_transcriptomic/20260602T192339/chunks/chunk_002.txt
direct (D1→GPi),BasalGangliaPathway,STR D1 Gaba_7 direct pathway medium spiny neuron (Mmus),http://purl.obolibrary.org/obo/PCL_0113340,PCL,local,,chunk_002,2778,2793,llm_masked_pass,"hereas D2-enriched genes are biased to GPe projections. These correlation patterns recapitulate the direct (D1→GPi) versus indirect (D2→GPe) pathway topology in rodent and non-human primate models 3,6,68. Thus, subc",/Users/pujatrivedi/Desktop/MIT/blended_ner_framework/data/papers/multiscale_spatial_transcriptomic/20260602T192339/chunks/chunk_002.txt
indirect (D2→GPe),BasalGangliaPathway,STR D2 Gaba_6 indirect pathway medium spiny neuron (Mmus),http://purl.obolibrary.org/obo/PCL_0110849,PCL,local,,chunk_002,2801,2818,llm_masked_pass,"s are biased to GPe projections. These correlation patterns recapitulate the direct (D1→GPi) versus indirect (D2→GPe) pathway topology in rodent and non-human primate models 3,6,68. Thus, subcellular transcript ""geogr",/Users/pujatrivedi/Desktop/MIT/blended_ner_framework/data/papers/multiscale_spatial_transcriptomic/20260602T192339/chunks/chunk_002.txt
Stereo-seq,TECHNIQUE,stereo fundus camera,http://purl.jp/bio/4/id/201606013852084525,IOBC,local,,chunk_002,3188,3198,llm_pass1,d DL-VM gradient Unsupervised clustering of the whole-transcriptome spatial distribution (based on Stereo-seq) recapitulates MERFISH+ cell-type community modules and classical anatomy and provides novel gene e,/Users/pujatrivedi/Desktop/MIT/blended_ner_framework/data/papers/multiscale_spatial_transcriptomic/20260602T192339/chunks/chunk_002.txt
dorsolateral-ventromedial gradient,SpatialTranscriptomicGradient,deep-superficial gradient,http://purl.obolibrary.org/obo/BSPO_0000021,BSPO,local,,chunk_002,3358,3392,llm_masked_pass,ssical anatomy and provides novel gene enrichment within each anatomical subregions. We find that a dorsolateral-ventromedial gradient emerges as a dominant axis of transcriptional variation at the multi-centimeter-scale; this axis is,/Users/pujatrivedi/Desktop/MIT/blended_ner_framework/data/papers/multiscale_spatial_transcriptomic/20260602T192339/chunks/chunk_002.txt
PDE10A,Gene,Pde10a (rat),http://purl.obolibrary.org/obo/RGD_68434,PR,local,,chunk_002,3596,3602,llm_masked_pass,"served in the mouse at the multi-millimeter scale 10,14 revealing dorsolateral-biased genes such as PDE10A, NRGN and SLIT1 and ventromedial-biased genes such as NNAT, CRYM, RAP1GAP. Most of the genes exhibi",/Users/pujatrivedi/Desktop/MIT/blended_ner_framework/data/papers/multiscale_spatial_transcriptomic/20260602T192339/chunks/chunk_002.txt
NRGN,Gene,Nrgn (Mmus),http://identifiers.org/ncbigene/64011,PCL,local,,chunk_002,3604,3608,llm_masked_pass,"n the mouse at the multi-millimeter scale 10,14 revealing dorsolateral-biased genes such as PDE10A, NRGN and SLIT1 and ventromedial-biased genes such as NNAT, CRYM, RAP1GAP. Most of the genes exhibiting t",/Users/pujatrivedi/Desktop/MIT/blended_ner_framework/data/papers/multiscale_spatial_transcriptomic/20260602T192339/chunks/chunk_002.txt
NNAT,Gene,Nnat (Mmus),http://identifiers.org/ncbigene/18111,PCL,local,,chunk_002,3657,3661,llm_masked_pass,"ling dorsolateral-biased genes such as PDE10A, NRGN and SLIT1 and ventromedial-biased genes such as NNAT, CRYM, RAP1GAP. Most of the genes exhibiting the gradient are expressed in CN LGE GABA neurons, wit",/Users/pujatrivedi/Desktop/MIT/blended_ner_framework/data/papers/multiscale_spatial_transcriptomic/20260602T192339/chunks/chunk_002.txt
CRYM,Gene,Crym (Mmus),http://identifiers.org/ncbigene/12971,PCL,local,,chunk_002,3663,3667,llm_masked_pass,"orsolateral-biased genes such as PDE10A, NRGN and SLIT1 and ventromedial-biased genes such as NNAT, CRYM, RAP1GAP. Most of the genes exhibiting the gradient are expressed in CN LGE GABA neurons, with a do",/Users/pujatrivedi/Desktop/MIT/blended_ner_framework/data/papers/multiscale_spatial_transcriptomic/20260602T192339/chunks/chunk_002.txt
RAP1GAP,Gene,RAP1GAP (human),http://www.genenames.org/cgi-bin/gene_symbol_report?hgnc_id=9858,EFO,local,,chunk_002,3669,3676,llm_masked_pass,"teral-biased genes such as PDE10A, NRGN and SLIT1 and ventromedial-biased genes such as NNAT, CRYM, RAP1GAP. Most of the genes exhibiting the gradient are expressed in CN LGE GABA neurons, with a dorsal cont",/Users/pujatrivedi/Desktop/MIT/blended_ner_framework/data/papers/multiscale_spatial_transcriptomic/20260602T192339/chunks/chunk_002.txt
CN LGE GABA neurons,NEURON_TYPE,forebrain generation of neurons,http://purl.obolibrary.org/obo/GO_0021872,NIFDYS,local,,chunk_002,3737,3756,llm_pass1,"iased genes such as NNAT, CRYM, RAP1GAP. Most of the genes exhibiting the gradient are expressed in CN LGE GABA neurons, with a dorsal contribution from OPC-Oligo lineages, consistent with differential myelination in th",/Users/pujatrivedi/Desktop/MIT/blended_ner_framework/data/papers/multiscale_spatial_transcriptomic/20260602T192339/chunks/chunk_002.txt
OPC-Oligo lineages,GLIAL_CELL_TYPE,OPC loss,http://scai.fraunhofer.de/MSOntology#OPC_loss,MSO,local,,chunk_002,3790,3808,llm_pass1,"genes exhibiting the gradient are expressed in CN LGE GABA neurons, with a dorsal contribution from OPC-Oligo lineages, consistent with differential myelination in the dorsal fiber bundles 73,74. Functional implicatio",/Users/pujatrivedi/Desktop/MIT/blended_ner_framework/data/papers/multiscale_spatial_transcriptomic/20260602T192339/chunks/chunk_002.txt
myelination,NeurobiologicalProcess,Delayed peripheral myelination,http://purl.obolibrary.org/obo/HP_0011401,HP,local,,chunk_002,3839,3850,llm_masked_pass,"LGE GABA neurons, with a dorsal contribution from OPC-Oligo lineages, consistent with differential myelination in the dorsal fiber bundles 73,74. Functional implications Functionally, the underlying cell type",/Users/pujatrivedi/Desktop/MIT/blended_ner_framework/data/papers/multiscale_spatial_transcriptomic/20260602T192339/chunks/chunk_002.txt
dorsal fiber bundles,WhiteMatterStructure,Dorsal external arcuate fiber bundle,http://www.semanticweb.org/ontologies/2009/9/Ontology1255357986125.owl#Dorsal_external_arcuate_fiber_bundle,BRCT,local,,chunk_002,3858,3878,llm_masked_pass,"with a dorsal contribution from OPC-Oligo lineages, consistent with differential myelination in the dorsal fiber bundles 73,74. Functional implications Functionally, the underlying cell types, cellular communities, sub",/Users/pujatrivedi/Desktop/MIT/blended_ner_framework/data/papers/multiscale_spatial_transcriptomic/20260602T192339/chunks/chunk_002.txt
human basal ganglia,BrainRegion,basal ganglia disease,http://www.ebi.ac.uk/efo/EFO_0009533,EFO,local,,chunk_002,4121,4140,llm_masked_pass,"d spatial gradients suggest an intricate multi-layered organizational architecture for neurotypical human basal ganglia 75,76. The finding that subcellular RNA localization captures projection-inferred signatures sugges",/Users/pujatrivedi/Desktop/MIT/blended_ner_framework/data/papers/multiscale_spatial_transcriptomic/20260602T192339/chunks/chunk_002.txt
subcellular RNA localization,MolecularLocalizationProcess,subcellular protein localization assay,http://purl.obolibrary.org/obo/OBI_0002167,OFL,local,,chunk_002,4165,4193,llm_masked_pass,"ti-layered organizational architecture for neurotypical human basal ganglia 75,76. The finding that subcellular RNA localization captures projection-inferred signatures suggests a promising avenue for inferring human circuit top",/Users/pujatrivedi/Desktop/MIT/blended_ner_framework/data/papers/multiscale_spatial_transcriptomic/20260602T192339/chunks/chunk_002.txt
spatial transcriptomic data,Technique,Spatial Data,http://bigdatau.org/dseo#spatial_data,DSEO,local,,chunk_002,4313,4340,llm_masked_pass,-inferred signatures suggests a promising avenue for inferring human circuit topology directly from spatial transcriptomic data -an approach that circumvents the limitations of traditional neural tracing in human tissue. In add,/Users/pujatrivedi/Desktop/MIT/blended_ner_framework/data/papers/multiscale_spatial_transcriptomic/20260602T192339/chunks/chunk_002.txt
astrocyte,GlialCellType,astrocyte,http://purl.jp/bio/4/id/200906056154300319,IOBC,local,,chunk_002,4447,4456,llm_masked_pass,"proach that circumvents the limitations of traditional neural tracing in human tissue. In addition, astrocyte and oligodendrocyte niches aligned with striosome boundaries point to specialized metabolic and mye",/Users/pujatrivedi/Desktop/MIT/blended_ner_framework/data/papers/multiscale_spatial_transcriptomic/20260602T192339/chunks/chunk_002.txt
oligodendrocyte,GlialCellType,Interfascicular Oligodendrocyte,http://ontology.neuinfo.org/NIF/BiomaterialEntities/NIF-Cell.owl#sao1952867392,NIFCELL,local,,chunk_002,4461,4476,llm_masked_pass,"rcumvents the limitations of traditional neural tracing in human tissue. In addition, astrocyte and oligodendrocyte niches aligned with striosome boundaries point to specialized metabolic and myelination interfaces",/Users/pujatrivedi/Desktop/MIT/blended_ner_framework/data/papers/multiscale_spatial_transcriptomic/20260602T192339/chunks/chunk_002.txt
prefrontal cortex,BrainRegion,Medial prefrontal cortex,http://purl.jp/bio/4/id/200906040429541237,IOBC,local,,chunk_002,4737,4754,llm_masked_pass,"ded, matrix-restricted TAC3-PLPP4 interneurons may reflect evolutionary adaptations to the enlarged prefrontal cortex, potentially supporting the increased computational demands of human-specific action selection, val",/Users/pujatrivedi/Desktop/MIT/blended_ner_framework/data/papers/multiscale_spatial_transcriptomic/20260602T192339/chunks/chunk_002.txt
GPi core versus shell populations,NeuronalPopulation,shell of nucleus accumbens,http://purl.obolibrary.org/obo/UBERON_0012171,EFO,local,,chunk_002,4975,5008,llm_masked_pass,"flexibility 11. Clinically, our dataset highlights specific neuronal and glial subtypes including GPi core versus shell populations and boundary-enriched glial communities, as potential substrates of selective vulnerability in move",/Users/pujatrivedi/Desktop/MIT/blended_ner_framework/data/papers/multiscale_spatial_transcriptomic/20260602T192339/chunks/chunk_002.txt
"D1, D2, and D1/D2 hybrid MSN subtypes",NEURON_TYPE,STRv D1 MSN,http://purl.obolibrary.org/obo/CL_4030051,HRA,local,,chunk_002,5214,5251,llm_pass1,"nd neuropsychiatric disorders. Establishing the neurotypical abundance and spatial distribution of D1, D2, and D1/D2 hybrid MSN subtypes in the caudate, putamen, and nucleus accumbens provides a crucial baseline for detecting disease-as",/Users/pujatrivedi/Desktop/MIT/blended_ner_framework/data/papers/multiscale_spatial_transcriptomic/20260602T192339/chunks/chunk_002.txt
caudate,BRAIN_REGION,Fusion of the caudate and putamen,http://purl.obolibrary.org/obo/HP_0034180,UPHENO,local,,chunk_002,5259,5266,llm_pass1,"the neurotypical abundance and spatial distribution of D1, D2, and D1/D2 hybrid MSN subtypes in the caudate, putamen, and nucleus accumbens provides a crucial baseline for detecting disease-associated shifts",/Users/pujatrivedi/Desktop/MIT/blended_ner_framework/data/papers/multiscale_spatial_transcriptomic/20260602T192339/chunks/chunk_002.txt
putamen,BRAIN_REGION,Putamen or Globus Pallidus,http://purl.obolibrary.org/obo/NCIT_C182245,BERO,local,,chunk_002,5268,5275,llm_pass1,"typical abundance and spatial distribution of D1, D2, and D1/D2 hybrid MSN subtypes in the caudate, putamen, and nucleus accumbens provides a crucial baseline for detecting disease-associated shifts in cell",/Users/pujatrivedi/Desktop/MIT/blended_ner_framework/data/papers/multiscale_spatial_transcriptomic/20260602T192339/chunks/chunk_002.txt
nucleus accumbens,BRAIN_REGION,nucleus accumbens septi,http://purl.jp/bio/4/id/200906026769438853,IOBC,local,,chunk_002,5281,5298,llm_pass1,"ance and spatial distribution of D1, D2, and D1/D2 hybrid MSN subtypes in the caudate, putamen, and nucleus accumbens provides a crucial baseline for detecting disease-associated shifts in cell number, composition, an",/Users/pujatrivedi/Desktop/MIT/blended_ner_framework/data/papers/multiscale_spatial_transcriptomic/20260602T192339/chunks/chunk_002.txt
basal ganglia,BrainRegion,basal ganglia disease,http://www.ebi.ac.uk/efo/EFO_0009533,EFO,local,,chunk_002,5522,5535,llm_masked_pass,"Such comparisons will be particularly valuable for elucidating celltype-selective vulnerability in basal ganglia disorders, including Huntington's disease and Parkinson's disease 77,78. Limitations of the study",/Users/pujatrivedi/Desktop/MIT/blended_ner_framework/data/papers/multiscale_spatial_transcriptomic/20260602T192339/chunks/chunk_002.txt
Huntington's disease,DISEASE,basal ganglia disease,http://www.ebi.ac.uk/efo/EFO_0009533,EFO,local,,chunk_002,5557,5577,llm_pass1,"rly valuable for elucidating celltype-selective vulnerability in basal ganglia disorders, including Huntington's disease and Parkinson's disease 77,78. Limitations of the study This study is limited by the number and d",/Users/pujatrivedi/Desktop/MIT/blended_ner_framework/data/papers/multiscale_spatial_transcriptomic/20260602T192339/chunks/chunk_002.txt
Parkinson's disease,DISEASE,Parkinson disease 17,http://purl.obolibrary.org/obo/MONDO_0013625,DOVES,local,,chunk_002,5582,5601,llm_pass1,"ing celltype-selective vulnerability in basal ganglia disorders, including Huntington's disease and Parkinson's disease 77,78. Limitations of the study This study is limited by the number and demographic diversity of",/Users/pujatrivedi/Desktop/MIT/blended_ner_framework/data/papers/multiscale_spatial_transcriptomic/20260602T192339/chunks/chunk_002.txt
immunohistochemistry,Technique,subcellular protein immunohistochemistry assay,http://purl.obolibrary.org/obo/OBI_0002168,OBO,local,,chunk_002,5911,5931,llm_masked_pass,"odal spatial framework provides a comprehensive baseline, additional orthogonal validations such as immunohistochemistry, in situ sequencing, and in vivo electrophysiological or connectivity assays would further strength",/Users/pujatrivedi/Desktop/MIT/blended_ner_framework/data/papers/multiscale_spatial_transcriptomic/20260602T192339/chunks/chunk_002.txt
in situ sequencing,Technique,Cancer of lung in situ,http://purl.jp/bio/4/id/200906000790875210,IOBC,local,,chunk_002,5933,5951,llm_masked_pass,"provides a comprehensive baseline, additional orthogonal validations such as immunohistochemistry, in situ sequencing, and in vivo electrophysiological or connectivity assays would further strengthen cell-type and spa",/Users/pujatrivedi/Desktop/MIT/blended_ner_framework/data/papers/multiscale_spatial_transcriptomic/20260602T192339/chunks/chunk_002.txt
in vivo electrophysiological or connectivity assays,Technique,In vivo Gene Editing,http://purl.obolibrary.org/obo/TEMP#251000200074,VVMM,local,,chunk_002,5957,6008,llm_masked_pass,"e baseline, additional orthogonal validations such as immunohistochemistry, in situ sequencing, and in vivo electrophysiological or connectivity assays would further strengthen cell-type and spatial community assignments. Future work should extend thi",/Users/pujatrivedi/Desktop/MIT/blended_ner_framework/data/papers/multiscale_spatial_transcriptomic/20260602T192339/chunks/chunk_002.txt
genome-wide spatial profiling,SpatialTranscriptomicsTechnique,NanoString digital spatial profiling,http://www.ebi.ac.uk/efo/EFO_0030029,EFO,local,,chunk_002,6309,6338,llm_masked_pass,"rative analyses of neurological and psychiatric disorders in human tissue. In summary, by coupling genome-wide spatial profiling with subcellular transcript localization and community-level modeling, we deliver a multiscale, mol",/Users/pujatrivedi/Desktop/MIT/blended_ner_framework/data/papers/multiscale_spatial_transcriptomic/20260602T192339/chunks/chunk_002.txt
neuropsychiatric and neurodegenerative disorders,DiseaseCategory,"developmental delay, behavioral abnormalities, and neuropsychiatric disorders",http://purl.obolibrary.org/obo/MONDO_0859292,EFO,local,,chunk_002,6756,6804,llm_masked_pass,"lishes a foundational framework for studying human basal ganglia architecture and its disruption in neuropsychiatric and neurodegenerative disorders, enabling cross-species and disease-state comparisons at single-cell and community scales. X.X. and",/Users/pujatrivedi/Desktop/MIT/blended_ner_framework/data/papers/multiscale_spatial_transcriptomic/20260602T192339/chunks/chunk_002.txt
ventral putamen,BrainRegion,agenesis of putamen,http://purl.obolibrary.org/obo/UPHENO_0080317,UPHENO,local,,chunk_002,7492,7507,llm_masked_pass,"hitecture of impulsivity: premature responding in youth is associated with decreased myelination of ventral putamen. Neuropsychopharmacology 44, 1216-1223. 10.1038/s41386-019-0343-6. 74. Krishnan, S., Cler, G.J., Sm",/Users/pujatrivedi/Desktop/MIT/blended_ner_framework/data/papers/multiscale_spatial_transcriptomic/20260602T192339/chunks/chunk_002.txt
striatal myelin,MyelinFeature,"striatal degeneration, autosomal dominant 2",http://purl.obolibrary.org/obo/MONDO_0014835,DOVES,local,,chunk_002,7737,7752,llm_masked_pass,"dou, S.S., Healy, M.P., Papp, D., and Watkins, K.E. (2022). Quantitative MRI reveals differences in striatal myelin in children with DLD. Elife 11. 10.7554/eLife.74242. 75. De Biase, L.M., Schuebel, K.E., Fusfeld, Z",/Users/pujatrivedi/Desktop/MIT/blended_ner_framework/data/papers/multiscale_spatial_transcriptomic/20260602T192339/chunks/chunk_002.txt
Basal Ganglia Microglia,MicroglialCellType,basal ganglia diseases,http://sbmi.uth.tmc.edu/ontology/ochv#1717,OCHV,local,,chunk_002,8015,8038,llm_masked_pass,"Shen, H., Xi, Z.X., et al. (2017). Local Cues Establish and Maintain Region-Specific Phenotypes of Basal Ganglia Microglia. Neuron 95, 341-356 e346. 10.1016/j.neuron.2017.06.020. 76. Woolley, S.C., Rajan, R., Joshua, M., a",/Users/pujatrivedi/Desktop/MIT/blended_ner_framework/data/papers/multiscale_spatial_transcriptomic/20260602T192339/chunks/chunk_002.txt
Parkinson's disease,NeurologicalDisorder,Parkinson disease 17,http://purl.obolibrary.org/obo/MONDO_0013625,DOVES,local,,chunk_002,8534,8553,llm_masked_pass,"al. (2015). Loss of phosphodiesterase 10A expression is associated with progression and severity in Parkinson's disease. Brain 138, 3003-3015. 10.1093/brain/awv219. 78. Beaumont, V., Zhong, S., Lin, H., Xu, W., Bradaia,",/Users/pujatrivedi/Desktop/MIT/blended_ner_framework/data/papers/multiscale_spatial_transcriptomic/20260602T192339/chunks/chunk_002.txt
Cortico-Basal Ganglia Function,NeuralCircuitFunction,basal ganglia disease,http://purl.jp/bio/4/id/200906064440245832,IOBC,local,,chunk_002,8784,8814,llm_masked_pass,"adel, K., Buisson, B., Padovan-Neto, F.E., et al. (2016). Phosphodiesterase 10A Inhibition Improves Cortico-Basal Ganglia Function in Huntington's Disease Models. Neuron 92, 1220-1237. 10.1016/j.neuron.2016.10.064. 79. Stringer, C",/Users/pujatrivedi/Desktop/MIT/blended_ner_framework/data/papers/multiscale_spatial_transcriptomic/20260602T192339/chunks/chunk_002.txt
Huntington's Disease,NeurologicalDisorder,Juvenile-Onset Huntington Disease,http://bioontology.org/projects/ontologies/birnlex#birnlex_12505,BIRNLEX,local,,chunk_002,8818,8838,llm_masked_pass,"o, F.E., et al. (2016). Phosphodiesterase 10A Inhibition Improves Cortico-Basal Ganglia Function in Huntington's Disease Models. Neuron 92, 1220-1237. 10.1016/j.neuron.2016.10.064. 79. Stringer, C., Wang, T., Michaelos,",/Users/pujatrivedi/Desktop/MIT/blended_ner_framework/data/papers/multiscale_spatial_transcriptomic/20260602T192339/chunks/chunk_002.txt
Cellpose,SegmentationTool,100 ML pemetrexed 10 MG/ML Injection,http://purl.obolibrary.org/obo/DRON_00991414,DDSS,local,,chunk_002,8969,8977,llm_masked_pass,"10.1016/j.neuron.2016.10.064. 79. Stringer, C., Wang, T., Michaelos, M., and Pachitariu, M. (2021). Cellpose: a generalist algorithm for cellular segmentation. Nat Methods 18, 100-106. 10.1038/s41592-020-0101",/Users/pujatrivedi/Desktop/MIT/blended_ner_framework/data/papers/multiscale_spatial_transcriptomic/20260602T192339/chunks/chunk_002.txt
SCANPY,SingleCellAnalysisTool,MPL gene exon 10 full mutation analysis,http://purl.bioontology.org/ontology/LNC/LP431057-1,LOINC,local,,chunk_002,9135,9141,llm_masked_pass,"thods 18, 100-106. 10.1038/s41592-020-01018-x. 80. Wolf, F.A., Angerer, P., and Theis, F.J. (2018). SCANPY: large-scale single-cell gene expression data analysis. Genome Biol 19, 15. 10.1186/s13059-017-1382",/Users/pujatrivedi/Desktop/MIT/blended_ner_framework/data/papers/multiscale_spatial_transcriptomic/20260602T192339/chunks/chunk_002.txt
Stereo-seq,SpatialTranscriptomicsTechnique,stereo fundus camera,http://purl.jp/bio/4/id/201606013852084525,IOBC,local,,chunk_002,9558,9568,llm_masked_pass,"ting in Python. Nat Methods 17, 261-272. 10.1038/s41592-019-0686-2. of the human basal ganglia with Stereo-seq and MERFISH+ (A) Overview of study design, donor and sample quality and metadata, tissue sampling s",/Users/pujatrivedi/Desktop/MIT/blended_ner_framework/data/papers/multiscale_spatial_transcriptomic/20260602T192339/chunks/chunk_002.txt
UMAP embedding,AnalysisTechnique,Paraffin Embedding,http://purl.jp/bio/4/id/200906011827781930,IOBC,local,,chunk_002,9846,9860,llm_masked_pass,"or basal ganglia section (donor case ID 2724): left, spatial map with cell-type assignments; right, UMAP embedding resolving 10 major cell classes from the same section. (C) MERFISH+ dataset from an adjacent anteri",/Users/pujatrivedi/Desktop/MIT/blended_ner_framework/data/papers/multiscale_spatial_transcriptomic/20260602T192339/chunks/chunk_002.txt
DRD1,Gene,DRD1 gene,http://www.drugtargetontology.org/dto/DTO_02200081,DTO,local,,chunk_002,10590,10594,llm_masked_pass,"i-scale MERFISH+ enlarged views of the boxed region in (C), showing transcripts for selected genes (DRD1, DRD2, PENK, CCK, SST, CHAT, MBP) (color coded) and other genes (gray coded) that define cell-types",/Users/pujatrivedi/Desktop/MIT/blended_ner_framework/data/papers/multiscale_spatial_transcriptomic/20260602T192339/chunks/chunk_002.txt
DRD2,Gene,DRD2 gene c.-585A>G,http://purl.bioontology.org/ontology/LNC/LP417573-5,LOINC,local,,chunk_002,10596,10600,llm_masked_pass,"e MERFISH+ enlarged views of the boxed region in (C), showing transcripts for selected genes (DRD1, DRD2, PENK, CCK, SST, CHAT, MBP) (color coded) and other genes (gray coded) that define cell-types at mi",/Users/pujatrivedi/Desktop/MIT/blended_ner_framework/data/papers/multiscale_spatial_transcriptomic/20260602T192339/chunks/chunk_002.txt
PENK,Gene,PENK Gene Product,http://purl.obolibrary.org/obo/NCIT_C126495,BERO,local,,chunk_002,10602,10606,llm_masked_pass,"ISH+ enlarged views of the boxed region in (C), showing transcripts for selected genes (DRD1, DRD2, PENK, CCK, SST, CHAT, MBP) (color coded) and other genes (gray coded) that define cell-types at micron-s",/Users/pujatrivedi/Desktop/MIT/blended_ner_framework/data/papers/multiscale_spatial_transcriptomic/20260602T192339/chunks/chunk_002.txt
CCK,Gene,Cck,http://www.ncbi.nlm.nih.gov/gene/12424,NPOKB,local,,chunk_002,10608,10611,llm_masked_pass,"nlarged views of the boxed region in (C), showing transcripts for selected genes (DRD1, DRD2, PENK, CCK, SST, CHAT, MBP) (color coded) and other genes (gray coded) that define cell-types at micron-scale",/Users/pujatrivedi/Desktop/MIT/blended_ner_framework/data/papers/multiscale_spatial_transcriptomic/20260602T192339/chunks/chunk_002.txt
SST,Gene,NS forest marker set of Sst Penk MOp (Mouse).,http://purl.obolibrary.org/obo/PCL_0012529,PCL,local,,chunk_002,10613,10616,llm_masked_pass,"ed views of the boxed region in (C), showing transcripts for selected genes (DRD1, DRD2, PENK, CCK, SST, CHAT, MBP) (color coded) and other genes (gray coded) that define cell-types at micron-scale resol",/Users/pujatrivedi/Desktop/MIT/blended_ner_framework/data/papers/multiscale_spatial_transcriptomic/20260602T192339/chunks/chunk_002.txt
CHAT,Gene,CHAT Gene,http://purl.obolibrary.org/obo/NCIT_C104885,BERO,local,,chunk_002,10618,10622,llm_masked_pass,"ews of the boxed region in (C), showing transcripts for selected genes (DRD1, DRD2, PENK, CCK, SST, CHAT, MBP) (color coded) and other genes (gray coded) that define cell-types at micron-scale resolution.",/Users/pujatrivedi/Desktop/MIT/blended_ner_framework/data/papers/multiscale_spatial_transcriptomic/20260602T192339/chunks/chunk_002.txt
MBP,Gene,MBP kinase,http://purl.jp/bio/4/id/200906068621133500,IOBC,local,,chunk_002,10624,10627,llm_masked_pass,"the boxed region in (C), showing transcripts for selected genes (DRD1, DRD2, PENK, CCK, SST, CHAT, MBP) (color coded) and other genes (gray coded) that define cell-types at micron-scale resolution. See",/Users/pujatrivedi/Desktop/MIT/blended_ner_framework/data/papers/multiscale_spatial_transcriptomic/20260602T192339/chunks/chunk_002.txt
OPC/oligodendrocyte (Oligo) subtypes,GlialSubtypeClass,OPC Pdgfra primary motor cortex oligodendrocyte precursor cell (Mmus),http://purl.obolibrary.org/obo/PCL_0011091,PCL,local,,chunk_002,10949,10985,llm_masked_pass,"ptionally defined basal ganglia (A) Fractional composition of major non-neuronal classes (left) and OPC/oligodendrocyte (Oligo) subtypes (right) for all combined sections and across the anterior-posterior axis (AP 18a, 19a, 26a, 34a). (",/Users/pujatrivedi/Desktop/MIT/blended_ner_framework/data/papers/multiscale_spatial_transcriptomic/20260602T192339/chunks/chunk_002.txt
anterior-posterior axis,AnatomicalAxis,anterior posterior axis,http://uri.interlex.org/tgbugs/uris/readable/atlas/AnteriorPosteriorAxis,NPOKB,local,,chunk_002,11035,11058,llm_masked_pass,"es (left) and OPC/oligodendrocyte (Oligo) subtypes (right) for all combined sections and across the anterior-posterior axis (AP 18a, 19a, 26a, 34a). (B) Spatial distributions of two oligodendrocyte subtypes, Oligo-OPALIN an",/Users/pujatrivedi/Desktop/MIT/blended_ner_framework/data/papers/multiscale_spatial_transcriptomic/20260602T192339/chunks/chunk_002.txt
oligodendrocyte subtypes,GlialSubtypeClass,Oligo L1-6 OPALIN middle temporal gyrus oligodendrocyte (Hsap),http://purl.obolibrary.org/obo/PCL_0023073,PCL,local,,chunk_002,11117,11141,llm_masked_pass,"ns and across the anterior-posterior axis (AP 18a, 19a, 26a, 34a). (B) Spatial distributions of two oligodendrocyte subtypes, Oligo-OPALIN and Oligo-PLEKHG1. Zoomed-in views of the boxed regions: (1) internal capsule, (2) pu",/Users/pujatrivedi/Desktop/MIT/blended_ner_framework/data/papers/multiscale_spatial_transcriptomic/20260602T192339/chunks/chunk_002.txt
Oligo-OPALIN,OligodendrocyteSubtype,NS forest marker set of Oligo L1-6 OPALIN MTG (Human).,http://purl.obolibrary.org/obo/PCL_0024573,PCL,local,,chunk_002,11143,11155,llm_masked_pass,"-posterior axis (AP 18a, 19a, 26a, 34a). (B) Spatial distributions of two oligodendrocyte subtypes, Oligo-OPALIN and Oligo-PLEKHG1. Zoomed-in views of the boxed regions: (1) internal capsule, (2) putamen with str",/Users/pujatrivedi/Desktop/MIT/blended_ner_framework/data/papers/multiscale_spatial_transcriptomic/20260602T192339/chunks/chunk_002.txt
Oligo-PLEKHG1,OligodendrocyteSubtype,NS forest marker set of Oligo OPALIN LOC103790018 M1 (Marmoset).,http://purl.obolibrary.org/obo/PCL_0020583,PCL,local,,chunk_002,11160,11173,llm_masked_pass,"AP 18a, 19a, 26a, 34a). (B) Spatial distributions of two oligodendrocyte subtypes, Oligo-OPALIN and Oligo-PLEKHG1. Zoomed-in views of the boxed regions: (1) internal capsule, (2) putamen with striatopallidal fiber",/Users/pujatrivedi/Desktop/MIT/blended_ner_framework/data/papers/multiscale_spatial_transcriptomic/20260602T192339/chunks/chunk_002.txt
internal capsule,WhiteMatterStructure,Abnormality of the internal capsule,http://purl.obolibrary.org/obo/HP_0012502,UPHENO,local,,chunk_002,11217,11233,llm_masked_pass,"oligodendrocyte subtypes, Oligo-OPALIN and Oligo-PLEKHG1. Zoomed-in views of the boxed regions: (1) internal capsule, (2) putamen with striatopallidal fiber bundles (arrows), and (3) GPe. (C) Heatmap (log1p z-score)",/Users/pujatrivedi/Desktop/MIT/blended_ner_framework/data/papers/multiscale_spatial_transcriptomic/20260602T192339/chunks/chunk_002.txt
putamen,BrainRegion,Putamen or Globus Pallidus,http://purl.obolibrary.org/obo/NCIT_C182245,BERO,local,,chunk_002,11239,11246,llm_masked_pass,"es, Oligo-OPALIN and Oligo-PLEKHG1. Zoomed-in views of the boxed regions: (1) internal capsule, (2) putamen with striatopallidal fiber bundles (arrows), and (3) GPe. (C) Heatmap (log1p z-score) of the top di",/Users/pujatrivedi/Desktop/MIT/blended_ner_framework/data/papers/multiscale_spatial_transcriptomic/20260602T192339/chunks/chunk_002.txt
striatopallidal fiber bundles,WhiteMatterPathway,unmyelinated nerve bundles,http://purl.obolibrary.org/obo/UBERON_0006136,HRA,local,,chunk_002,11252,11281,llm_masked_pass,"LIN and Oligo-PLEKHG1. Zoomed-in views of the boxed regions: (1) internal capsule, (2) putamen with striatopallidal fiber bundles (arrows), and (3) GPe. (C) Heatmap (log1p z-score) of the top differentially expressed genes distin",/Users/pujatrivedi/Desktop/MIT/blended_ner_framework/data/papers/multiscale_spatial_transcriptomic/20260602T192339/chunks/chunk_002.txt
GPe,BrainRegion,Structure of putamen,http://doe-generated-ontology.com/OntoAD#C0034169,ONTOAD,local,,chunk_002,11300,11303,llm_masked_pass,"xed regions: (1) internal capsule, (2) putamen with striatopallidal fiber bundles (arrows), and (3) GPe. (C) Heatmap (log1p z-score) of the top differentially expressed genes distinguishing Oligo-OPALIN",/Users/pujatrivedi/Desktop/MIT/blended_ner_framework/data/papers/multiscale_spatial_transcriptomic/20260602T192339/chunks/chunk_002.txt
astrocytes,GlialCellType,Set of astrocytes,http://purl.org/sig/ont/fma/fma84101,FMA,local,,chunk_002,11459,11469,llm_masked_pass,"expressed genes distinguishing Oligo-OPALIN and Oligo-PLEKHG1 subtypes. (D) UMAP of six subtypes of astrocytes defined based on the MERFISH+ astrocytic genes measured, with expression maps for representative di",/Users/pujatrivedi/Desktop/MIT/blended_ner_framework/data/papers/multiscale_spatial_transcriptomic/20260602T192339/chunks/chunk_002.txt
astrocyte subtype,GlialSubtypeClass,astrocyte of the forebrain,http://purl.obolibrary.org/obo/CL_0012000,UPHENO,local,,chunk_002,11701,11718,llm_masked_pass,c genes. (E) Heatmap (log1p z-score) of the top differentially expressed genes associated with each astrocyte subtype. (F) Fractional composition of astrocyte subtypes for all combined sections and across the anterior,/Users/pujatrivedi/Desktop/MIT/blended_ner_framework/data/papers/multiscale_spatial_transcriptomic/20260602T192339/chunks/chunk_002.txt
white-matter-enriched astrocytes,AstrocyteSubtype,Cerebral white matter disorder,http://purl.jp/bio/4/id/200906064000452682,IOBC,local,,chunk_002,12021,12053,llm_masked_pass,"the six astrocyte subtypes in anterior (AP 18a) and posterior (AP 34a) sections (G), including (H) white-matter-enriched astrocytes (WM_Astro) localized to the internal capsule with high AQP1 expression Color keys are consistent ac",/Users/pujatrivedi/Desktop/MIT/blended_ner_framework/data/papers/multiscale_spatial_transcriptomic/20260602T192339/chunks/chunk_002.txt
WM_Astro,AstrocyteSubtype,Views AP internal rotation and AP external rotation,http://purl.bioontology.org/ontology/LNC/LP35196-2,LOINC,local,,chunk_002,12055,12063,llm_masked_pass,"erior (AP 18a) and posterior (AP 34a) sections (G), including (H) white-matter-enriched astrocytes (WM_Astro) localized to the internal capsule with high AQP1 expression Color keys are consistent across panel",/Users/pujatrivedi/Desktop/MIT/blended_ner_framework/data/papers/multiscale_spatial_transcriptomic/20260602T192339/chunks/chunk_002.txt
AQP1,Gene,AQP1,http://identifiers.org/hgnc/633,HRA,local,,chunk_002,12109,12113,llm_masked_pass,cluding (H) white-matter-enriched astrocytes (WM_Astro) localized to the internal capsule with high AQP1 expression Color keys are consistent across panels (G-J). Astrocyte cell type key as shown in (D).,/Users/pujatrivedi/Desktop/MIT/blended_ner_framework/data/papers/multiscale_spatial_transcriptomic/20260602T192339/chunks/chunk_002.txt
basal ganglia disorders,DiseaseCategory,basal ganglia disorders,http://sbmi.uth.tmc.edu/ontology/ochv#C0004782,OCHV,local,,chunk_002,,,llm_masked_pass_unmapped,,/Users/pujatrivedi/Desktop/MIT/blended_ner_framework/data/papers/multiscale_spatial_transcriptomic/20260602T192339/chunks/chunk_002.txt
MERFISH+,SpatialTranscriptomicsTechnique,basal ganglia disease,http://www.ebi.ac.uk/efo/EFO_0009533,EFO,local,,chunk_003,85,93,llm_masked_pass,"Scale bars as indicated. somatic morphology and projection signatures. (A) Images of MERFISH+ transcripts pseudo-colored to indicate subcellular localization: nuclear (white), cytoplasmic (yell",/Users/pujatrivedi/Desktop/MIT/blended_ner_framework/data/papers/multiscale_spatial_transcriptomic/20260602T192339/chunks/chunk_003.txt
transcripts,RNA,"nuclear-transcribed mRNA catabolic process, meiosis-specific transcripts",http://purl.obolibrary.org/obo/GO_0033621,NIFSTD,local,,chunk_003,94,105,llm_pass1,"Scale bars as indicated. somatic morphology and projection signatures. (A) Images of MERFISH+ transcripts pseudo-colored to indicate subcellular localization: nuclear (white), cytoplasmic (yellow), and put",/Users/pujatrivedi/Desktop/MIT/blended_ner_framework/data/papers/multiscale_spatial_transcriptomic/20260602T192339/chunks/chunk_003.txt
DAPI,CHEMICAL,DAPI,http://stirdf.jst.go.jp/id/200907027652952300,IOBC,local,,chunk_003,377,381,llm_pass1,"localization profiles highlight cell-type-specific soma size, shape, and putative neuritic extent. DAPI shown in blue but largely masked by the nuclear transcript signal. (B) Estimated soma means and ran",/Users/pujatrivedi/Desktop/MIT/blended_ner_framework/data/papers/multiscale_spatial_transcriptomic/20260602T192339/chunks/chunk_003.txt
neuronal cell types,CellTypeCategory,Neuronal Cell Body,http://uri.neuinfo.org/nif/nifstd/sao1044911821,NIFSTD,local,,chunk_003,555,574,llm_masked_pass,"timated soma means and ranges of volumes (µm³) inferred from transcript-density segmentation across neuronal cell types in the human basal ganglia, including those shown in (A). (C) Plot of differential gene expression",/Users/pujatrivedi/Desktop/MIT/blended_ner_framework/data/papers/multiscale_spatial_transcriptomic/20260602T192339/chunks/chunk_003.txt
human basal ganglia,BRAIN_STRUCTURE,basal ganglia disease,http://www.ebi.ac.uk/efo/EFO_0009533,EFO,local,,chunk_003,582,601,llm_pass1,"es of volumes (µm³) inferred from transcript-density segmentation across neuronal cell types in the human basal ganglia, including those shown in (A). (C) Plot of differential gene expression between D1 and D2 matrix MS",/Users/pujatrivedi/Desktop/MIT/blended_ner_framework/data/papers/multiscale_spatial_transcriptomic/20260602T192339/chunks/chunk_003.txt
D2 matrix MSNs,NeuronSubtype,D2 Matrix MSN,http://purl.obolibrary.org/obo/CL_4030047,HRA,local,,chunk_003,689,703,llm_masked_pass,"asal ganglia, including those shown in (A). (C) Plot of differential gene expression between D1 and D2 matrix MSNs measured by MERFISH+. Genes are ranked based on differential expressions. Top differential expresse",/Users/pujatrivedi/Desktop/MIT/blended_ner_framework/data/papers/multiscale_spatial_transcriptomic/20260602T192339/chunks/chunk_003.txt
MERFISH,SpatialTranscriptomicsTechnique,Differential gene expression profiling,http://edamontology.org/operation_3223,EDAM,local,,chunk_003,716,723,llm_masked_pass,se shown in (A). (C) Plot of differential gene expression between D1 and D2 matrix MSNs measured by MERFISH+. Genes are ranked based on differential expressions. Top differential expressed genes are annotate,/Users/pujatrivedi/Desktop/MIT/blended_ner_framework/data/papers/multiscale_spatial_transcriptomic/20260602T192339/chunks/chunk_003.txt
Genes,GENE,Differential gene expression profiling,http://edamontology.org/operation_3223,EDAM,local,,chunk_003,726,731,llm_pass1,n (A). (C) Plot of differential gene expression between D1 and D2 matrix MSNs measured by MERFISH+. Genes are ranked based on differential expressions. Top differential expressed genes are annotated. (D) S,/Users/pujatrivedi/Desktop/MIT/blended_ner_framework/data/papers/multiscale_spatial_transcriptomic/20260602T192339/chunks/chunk_003.txt
genes,GENE,HNPCC genes mutations tested for,http://purl.bioontology.org/ontology/LNC/LP228643-5,LOINC,local,,chunk_003,805,810,llm_pass1,easured by MERFISH+. Genes are ranked based on differential expressions. Top differential expressed genes are annotated. (D) Spatial maps of transcripts localized in putative cellular processes for genes e,/Users/pujatrivedi/Desktop/MIT/blended_ner_framework/data/papers/multiscale_spatial_transcriptomic/20260602T192339/chunks/chunk_003.txt
transcripts,RNA,"nuclear-transcribed mRNA catabolic process, meiosis-specific transcripts",http://purl.obolibrary.org/obo/GO_0033621,NIFSTD,local,,chunk_003,846,857,llm_pass1,"ed on differential expressions. Top differential expressed genes are annotated. (D) Spatial maps of transcripts localized in putative cellular processes for genes enriched in D1 matrix MSNs (RELN, EBF1, SLIT2; t",/Users/pujatrivedi/Desktop/MIT/blended_ner_framework/data/papers/multiscale_spatial_transcriptomic/20260602T192339/chunks/chunk_003.txt
genes,GENE,HNPCC genes mutations tested for,http://purl.bioontology.org/ontology/LNC/LP228643-5,LOINC,local,,chunk_003,903,908,llm_pass1,"d genes are annotated. (D) Spatial maps of transcripts localized in putative cellular processes for genes enriched in D1 matrix MSNs (RELN, EBF1, SLIT2; top) and D2 matrix MSNs (DRD2, PENK, CHRM3; bottom).",/Users/pujatrivedi/Desktop/MIT/blended_ner_framework/data/papers/multiscale_spatial_transcriptomic/20260602T192339/chunks/chunk_003.txt
D1 matrix MSNs,NeuronSubtype,D1 Matrix MSN,http://purl.obolibrary.org/obo/CL_4030043,HRA,local,,chunk_003,921,935,llm_masked_pass,"ted. (D) Spatial maps of transcripts localized in putative cellular processes for genes enriched in D1 matrix MSNs (RELN, EBF1, SLIT2; top) and D2 matrix MSNs (DRD2, PENK, CHRM3; bottom). (E) Section-wide correlati",/Users/pujatrivedi/Desktop/MIT/blended_ner_framework/data/papers/multiscale_spatial_transcriptomic/20260602T192339/chunks/chunk_003.txt
RELN,GENE,RELN Gene,http://purl.obolibrary.org/obo/NCIT_C102799,BERO,local,,chunk_003,937,941,llm_pass1,"maps of transcripts localized in putative cellular processes for genes enriched in D1 matrix MSNs (RELN, EBF1, SLIT2; top) and D2 matrix MSNs (DRD2, PENK, CHRM3; bottom). (E) Section-wide correlation map",/Users/pujatrivedi/Desktop/MIT/blended_ner_framework/data/papers/multiscale_spatial_transcriptomic/20260602T192339/chunks/chunk_003.txt
EBF1,GENE,Ebf1 (Yao - within subclass).,http://purl.obolibrary.org/obo/PCL_0143810,PCL,local,,chunk_003,943,947,llm_pass1,"of transcripts localized in putative cellular processes for genes enriched in D1 matrix MSNs (RELN, EBF1, SLIT2; top) and D2 matrix MSNs (DRD2, PENK, CHRM3; bottom). (E) Section-wide correlation maps of D",/Users/pujatrivedi/Desktop/MIT/blended_ner_framework/data/papers/multiscale_spatial_transcriptomic/20260602T192339/chunks/chunk_003.txt
SLIT2,GENE,SLIT2 (human),http://purl.obolibrary.org/obo/HGNC_11086,PR,local,,chunk_003,949,954,llm_pass1,"nscripts localized in putative cellular processes for genes enriched in D1 matrix MSNs (RELN, EBF1, SLIT2; top) and D2 matrix MSNs (DRD2, PENK, CHRM3; bottom). (E) Section-wide correlation maps of D1 matri",/Users/pujatrivedi/Desktop/MIT/blended_ner_framework/data/papers/multiscale_spatial_transcriptomic/20260602T192339/chunks/chunk_003.txt
MSNs,NeuronSubtype,lung volumes and capacities,http://sbmi.uth.tmc.edu/ontology/ochv#22835,OCHV,local,,chunk_003,975,979,llm_masked_pass,"tive cellular processes for genes enriched in D1 matrix MSNs (RELN, EBF1, SLIT2; top) and D2 matrix MSNs (DRD2, PENK, CHRM3; bottom). (E) Section-wide correlation maps of D1 matrix MSN (top) and D2 matrix",/Users/pujatrivedi/Desktop/MIT/blended_ner_framework/data/papers/multiscale_spatial_transcriptomic/20260602T192339/chunks/chunk_003.txt
DRD2,GENE,DRD2 gene c.-585A>G,http://purl.bioontology.org/ontology/LNC/LP417573-5,LOINC,local,,chunk_003,981,985,llm_pass1,"ellular processes for genes enriched in D1 matrix MSNs (RELN, EBF1, SLIT2; top) and D2 matrix MSNs (DRD2, PENK, CHRM3; bottom). (E) Section-wide correlation maps of D1 matrix MSN (top) and D2 matrix MSN (",/Users/pujatrivedi/Desktop/MIT/blended_ner_framework/data/papers/multiscale_spatial_transcriptomic/20260602T192339/chunks/chunk_003.txt
PENK,GENE,PENK Gene Product,http://purl.obolibrary.org/obo/NCIT_C126495,BERO,local,,chunk_003,987,991,llm_pass1,"r processes for genes enriched in D1 matrix MSNs (RELN, EBF1, SLIT2; top) and D2 matrix MSNs (DRD2, PENK, CHRM3; bottom). (E) Section-wide correlation maps of D1 matrix MSN (top) and D2 matrix MSN (bottom",/Users/pujatrivedi/Desktop/MIT/blended_ner_framework/data/papers/multiscale_spatial_transcriptomic/20260602T192339/chunks/chunk_003.txt
CHRM3,GENE,Matrix Metalloproteinases,http://purl.jp/bio/4/id/200906034375883170,IOBC,local,,chunk_003,993,998,llm_pass1,"esses for genes enriched in D1 matrix MSNs (RELN, EBF1, SLIT2; top) and D2 matrix MSNs (DRD2, PENK, CHRM3; bottom). (E) Section-wide correlation maps of D1 matrix MSN (top) and D2 matrix MSN (bottom) gene",/Users/pujatrivedi/Desktop/MIT/blended_ner_framework/data/papers/multiscale_spatial_transcriptomic/20260602T192339/chunks/chunk_003.txt
putative cellular processes,CELLULAR_COMMUNITY,host cellular processes involved in virus induced gene silencing,http://purl.org/obo/owl/GO#GO_0060144,BIOMODELS,local,,chunk_003,1132,1159,llm_pass1,ation maps of D1 matrix MSN (top) and D2 matrix MSN (bottom) gene expression with the expression in putative cellular processes across the entire posterior section (AP34a). Dashed blue outline marks GPe and dashed yellow outlin,/Users/pujatrivedi/Desktop/MIT/blended_ner_framework/data/papers/multiscale_spatial_transcriptomic/20260602T192339/chunks/chunk_003.txt
posterior section,BASAL_GANGLIA_REGION,Cross section average RGB blue,http://purl.obolibrary.org/obo/SP_0000356,SPTO,local,,chunk_003,1178,1195,llm_pass1,x MSN (bottom) gene expression with the expression in putative cellular processes across the entire posterior section (AP34a). Dashed blue outline marks GPe and dashed yellow outline marks GPi. Projection-biased local,/Users/pujatrivedi/Desktop/MIT/blended_ner_framework/data/papers/multiscale_spatial_transcriptomic/20260602T192339/chunks/chunk_003.txt
GPe,BRAIN_REGION,Structure of putamen,http://doe-generated-ontology.com/OntoAD#C0034169,ONTOAD,local,,chunk_003,1231,1234,llm_pass1,putative cellular processes across the entire posterior section (AP34a). Dashed blue outline marks GPe and dashed yellow outline marks GPi. Projection-biased localization reflects direct (D1→GPi) versus,/Users/pujatrivedi/Desktop/MIT/blended_ner_framework/data/papers/multiscale_spatial_transcriptomic/20260602T192339/chunks/chunk_003.txt
GPi,BRAIN_REGION,Putamen,http://www.radlex.org/RID/RID6551,RADLEX,local,,chunk_003,1267,1270,llm_pass1,the entire posterior section (AP34a). Dashed blue outline marks GPe and dashed yellow outline marks GPi. Projection-biased localization reflects direct (D1→GPi) versus indirect (D2→GPe) pathway topology.,/Users/pujatrivedi/Desktop/MIT/blended_ner_framework/data/papers/multiscale_spatial_transcriptomic/20260602T192339/chunks/chunk_003.txt
direct (D1→GPi),BasalGangliaPathway,STR D1 Gaba_7 direct pathway medium spiny neuron (Mmus),http://purl.obolibrary.org/obo/PCL_0113340,PCL,local,,chunk_003,1312,1327,llm_masked_pass,blue outline marks GPe and dashed yellow outline marks GPi. Projection-biased localization reflects direct (D1→GPi) versus indirect (D2→GPe) pathway topology. (F) Gene expression map of SEMA3E transcripts modules of,/Users/pujatrivedi/Desktop/MIT/blended_ner_framework/data/papers/multiscale_spatial_transcriptomic/20260602T192339/chunks/chunk_003.txt
indirect (D2→GPe),BasalGangliaPathway,STR D2 Gaba_6 indirect pathway medium spiny neuron (Mmus),http://purl.obolibrary.org/obo/PCL_0110849,PCL,local,,chunk_003,1335,1352,llm_masked_pass,and dashed yellow outline marks GPi. Projection-biased localization reflects direct (D1→GPi) versus indirect (D2→GPe) pathway topology. (F) Gene expression map of SEMA3E transcripts modules of the human basal ganglia,/Users/pujatrivedi/Desktop/MIT/blended_ner_framework/data/papers/multiscale_spatial_transcriptomic/20260602T192339/chunks/chunk_003.txt
SEMA3E transcripts,RNA,Sema3E bound to Plexin D1 receptor,http://purl.obolibrary.org/obo/HINO_0018294,HINO,local,,chunk_003,1398,1416,llm_pass1,tion reflects direct (D1→GPi) versus indirect (D2→GPe) pathway topology. (F) Gene expression map of SEMA3E transcripts modules of the human basal ganglia (A) Spatial map of major cell types of the posterior section (as,/Users/pujatrivedi/Desktop/MIT/blended_ner_framework/data/papers/multiscale_spatial_transcriptomic/20260602T192339/chunks/chunk_003.txt
human basal ganglia,BRAIN_STRUCTURE,basal ganglia disease,http://www.ebi.ac.uk/efo/EFO_0009533,EFO,local,,chunk_003,1432,1451,llm_pass1,us indirect (D2→GPe) pathway topology. (F) Gene expression map of SEMA3E transcripts modules of the human basal ganglia (A) Spatial map of major cell types of the posterior section (as shown in Figure 2D) and inferred c,/Users/pujatrivedi/Desktop/MIT/blended_ner_framework/data/papers/multiscale_spatial_transcriptomic/20260602T192339/chunks/chunk_003.txt
posterior section,BASAL_GANGLIA_REGION,Cross section average RGB blue,http://purl.obolibrary.org/obo/SP_0000356,SPTO,local,,chunk_003,1495,1512,llm_pass1,of SEMA3E transcripts modules of the human basal ganglia (A) Spatial map of major cell types of the posterior section (as shown in Figure 2D) and inferred cellular community modules derived from the local neighborhood,/Users/pujatrivedi/Desktop/MIT/blended_ner_framework/data/papers/multiscale_spatial_transcriptomic/20260602T192339/chunks/chunk_003.txt
Allen Human Brain Atlas,NeuroanatomicalResource,Allen Brain Atlas Adult Mouse Ontology,http://mouse.brain-map.org/atlas/index.html#ABAMouse,ASDF,local,,chunk_003,1952,1975,llm_masked_pass,"34a), capturing mesoscale organization. Bottom: Corresponding anatomical reference images from the Allen Human Brain Atlas 59. Pu, putamen; Ca, caudate; NAc, nucleus accumbens; GP, globus pallidus. Color keys are consisten",/Users/pujatrivedi/Desktop/MIT/blended_ner_framework/data/papers/multiscale_spatial_transcriptomic/20260602T192339/chunks/chunk_003.txt
Pu,BRAIN_REGION,Pu (fruit fly),http://purl.obolibrary.org/obo/FlyBase_FBgn0003162,PR,local,,chunk_003,1980,1982,llm_pass1,"rganization. Bottom: Corresponding anatomical reference images from the Allen Human Brain Atlas 59. Pu, putamen; Ca, caudate; NAc, nucleus accumbens; GP, globus pallidus. Color keys are consistent acros",/Users/pujatrivedi/Desktop/MIT/blended_ner_framework/data/papers/multiscale_spatial_transcriptomic/20260602T192339/chunks/chunk_003.txt
putamen,BrainRegion,Putamen or Globus Pallidus,http://purl.obolibrary.org/obo/NCIT_C182245,BERO,local,,chunk_003,1984,1991,llm_masked_pass,"ization. Bottom: Corresponding anatomical reference images from the Allen Human Brain Atlas 59. Pu, putamen; Ca, caudate; NAc, nucleus accumbens; GP, globus pallidus. Color keys are consistent across panels",/Users/pujatrivedi/Desktop/MIT/blended_ner_framework/data/papers/multiscale_spatial_transcriptomic/20260602T192339/chunks/chunk_003.txt
Ca,BRAIN_REGION,globus pallidus degeneration,http://purl.obolibrary.org/obo/UPHENO_0074034,UPHENO,local,,chunk_003,1993,1995,llm_pass1,"Bottom: Corresponding anatomical reference images from the Allen Human Brain Atlas 59. Pu, putamen; Ca, caudate; NAc, nucleus accumbens; GP, globus pallidus. Color keys are consistent across panels in (",/Users/pujatrivedi/Desktop/MIT/blended_ner_framework/data/papers/multiscale_spatial_transcriptomic/20260602T192339/chunks/chunk_003.txt
caudate,BrainRegion,Fusion of the caudate and putamen,http://purl.obolibrary.org/obo/HP_0034180,UPHENO,local,,chunk_003,1997,2004,llm_masked_pass,"om: Corresponding anatomical reference images from the Allen Human Brain Atlas 59. Pu, putamen; Ca, caudate; NAc, nucleus accumbens; GP, globus pallidus. Color keys are consistent across panels in (B). (C) H",/Users/pujatrivedi/Desktop/MIT/blended_ner_framework/data/papers/multiscale_spatial_transcriptomic/20260602T192339/chunks/chunk_003.txt
NAc,BRAIN_REGION,Abnormal globus pallidus morphology,http://purl.obolibrary.org/obo/HP_0002453,UPHENO,local,,chunk_003,2006,2009,llm_pass1,"sponding anatomical reference images from the Allen Human Brain Atlas 59. Pu, putamen; Ca, caudate; NAc, nucleus accumbens; GP, globus pallidus. Color keys are consistent across panels in (B). (C) Heatma",/Users/pujatrivedi/Desktop/MIT/blended_ner_framework/data/papers/multiscale_spatial_transcriptomic/20260602T192339/chunks/chunk_003.txt
nucleus accumbens,BrainRegion,nucleus accumbens septi,http://purl.jp/bio/4/id/200906026769438853,IOBC,local,,chunk_003,2011,2028,llm_masked_pass,"ing anatomical reference images from the Allen Human Brain Atlas 59. Pu, putamen; Ca, caudate; NAc, nucleus accumbens; GP, globus pallidus. Color keys are consistent across panels in (B). (C) Heatmap showing cell-type",/Users/pujatrivedi/Desktop/MIT/blended_ner_framework/data/papers/multiscale_spatial_transcriptomic/20260602T192339/chunks/chunk_003.txt
GP,BRAIN_REGION,Registered GP,http://purl.bioontology.org/ontology/RCTV2/9bE7.00,RCTV2,local,,chunk_003,2030,2032,llm_pass1,"rence images from the Allen Human Brain Atlas 59. Pu, putamen; Ca, caudate; NAc, nucleus accumbens; GP, globus pallidus. Color keys are consistent across panels in (B). (C) Heatmap showing cell-type enr",/Users/pujatrivedi/Desktop/MIT/blended_ner_framework/data/papers/multiscale_spatial_transcriptomic/20260602T192339/chunks/chunk_003.txt
globus pallidus,BrainRegion,Putamen or Globus Pallidus,http://purl.obolibrary.org/obo/NCIT_C182245,BERO,local,,chunk_003,2034,2049,llm_masked_pass,"e images from the Allen Human Brain Atlas 59. Pu, putamen; Ca, caudate; NAc, nucleus accumbens; GP, globus pallidus. Color keys are consistent across panels in (B). (C) Heatmap showing cell-type enrichment scores fo",/Users/pujatrivedi/Desktop/MIT/blended_ner_framework/data/papers/multiscale_spatial_transcriptomic/20260602T192339/chunks/chunk_003.txt
fast-spiking interneurons,NeuronSubtype,Commissural Interneurons,http://purl.jp/bio/4/id/201506074924587030,IOBC,local,,chunk_003,2241,2266,llm_masked_pass,"cores for each community module (rows = cell types; columns = modules). (D) Spatial distribution of fast-spiking interneurons (STR FS PTHLH-PVALB) across A-P levels, highlighting preferential enrichment in caudate. Right: odd",/Users/pujatrivedi/Desktop/MIT/blended_ner_framework/data/papers/multiscale_spatial_transcriptomic/20260602T192339/chunks/chunk_003.txt
STR FS PTHLH-PVALB,NeuronSubtype,PTHLH-PVALB,http://purl.obolibrary.org/obo/CL_4042023,HRA,local,,chunk_003,2268,2286,llm_masked_pass,"dule (rows = cell types; columns = modules). (D) Spatial distribution of fast-spiking interneurons (STR FS PTHLH-PVALB) across A-P levels, highlighting preferential enrichment in caudate. Right: odds-ratio plot quantif",/Users/pujatrivedi/Desktop/MIT/blended_ner_framework/data/papers/multiscale_spatial_transcriptomic/20260602T192339/chunks/chunk_003.txt
caudate,BRAIN_REGION,Fusion of the caudate and putamen,http://purl.obolibrary.org/obo/HP_0034180,UPHENO,local,,chunk_003,2347,2354,llm_pass1,"piking interneurons (STR FS PTHLH-PVALB) across A-P levels, highlighting preferential enrichment in caudate. Right: odds-ratio plot quantifying caudate > putamen representation (* p = 0.021; Wilcoxon rank-su",/Users/pujatrivedi/Desktop/MIT/blended_ner_framework/data/papers/multiscale_spatial_transcriptomic/20260602T192339/chunks/chunk_003.txt
cholinergic interneurons,NeuronSubtype,Cholinergic neuron,http://purl.jp/bio/4/id/200906094084757102,IOBC,local,,chunk_003,2486,2510,llm_masked_pass,"ying caudate > putamen representation (* p = 0.021; Wilcoxon rank-sum). (E) Spatial distribution of cholinergic interneurons (STRd ChAT+) across the A-P axis, showing relative enrichment in putamen compared to caudate. Right",/Users/pujatrivedi/Desktop/MIT/blended_ner_framework/data/papers/multiscale_spatial_transcriptomic/20260602T192339/chunks/chunk_003.txt
STRd ChAT+,NeuronSubtype,CHAT Gene,http://purl.obolibrary.org/obo/NCIT_C104885,BERO,local,,chunk_003,2512,2522,llm_masked_pass,"resentation (* p = 0.021; Wilcoxon rank-sum). (E) Spatial distribution of cholinergic interneurons (STRd ChAT+) across the A-P axis, showing relative enrichment in putamen compared to caudate. Right: odds-ratio",/Users/pujatrivedi/Desktop/MIT/blended_ner_framework/data/papers/multiscale_spatial_transcriptomic/20260602T192339/chunks/chunk_003.txt
putamen,BRAIN_REGION,Putamen or Globus Pallidus,http://purl.obolibrary.org/obo/NCIT_C182245,BERO,local,,chunk_003,2576,2583,llm_pass1,"bution of cholinergic interneurons (STRd ChAT+) across the A-P axis, showing relative enrichment in putamen compared to caudate. Right: odds-ratio plot quantifying putamen > caudate representation (* p = 0.0",/Users/pujatrivedi/Desktop/MIT/blended_ner_framework/data/papers/multiscale_spatial_transcriptomic/20260602T192339/chunks/chunk_003.txt
human basal ganglia,BRAIN_STRUCTURE,basal ganglia disease,http://www.ebi.ac.uk/efo/EFO_0009533,EFO,local,,chunk_003,2800,2819,llm_pass1,"-sum). (F) organization, gene-expression spatial gradients, and cross-species correspondence in the human basal ganglia. (A) UMAP computed based on cellular community analysis restricted to MSN cell types. Leiden cluste",/Users/pujatrivedi/Desktop/MIT/blended_ner_framework/data/papers/multiscale_spatial_transcriptomic/20260602T192339/chunks/chunk_003.txt
MSN cell types,NeuronSubtypeCategory,MSN Gene,http://purl.obolibrary.org/obo/NCIT_C97621,BERO,local,,chunk_003,2890,2904,llm_masked_pass,ce in the human basal ganglia. (A) UMAP computed based on cellular community analysis restricted to MSN cell types. Leiden clustering defines the matrix (purple) and striosome (blue) (left). Different types of MSNs,/Users/pujatrivedi/Desktop/MIT/blended_ner_framework/data/papers/multiscale_spatial_transcriptomic/20260602T192339/chunks/chunk_003.txt
striosome,StriatalCompartment,D2 Striosome MSN,http://purl.obolibrary.org/obo/CL_4030049,HRA,local,,chunk_003,2956,2965,llm_masked_pass,community analysis restricted to MSN cell types. Leiden clustering defines the matrix (purple) and striosome (blue) (left). Different types of MSNs are colored as indicated (right). (B) Spatial maps of strios,/Users/pujatrivedi/Desktop/MIT/blended_ner_framework/data/papers/multiscale_spatial_transcriptomic/20260602T192339/chunks/chunk_003.txt
matrix compartments,StriatalCompartment,"Matrix Metalloproteinases, Secreted",http://purl.bioontology.org/ontology/MESH/D053505,MESH,local,,chunk_003,3073,3092,llm_masked_pass,"(left). Different types of MSNs are colored as indicated (right). (B) Spatial maps of striosome and matrix compartments (defined in A) across anterior-posterior (A-P) sections (AP 18a, 19a, 26a, 34a). (C) Cell-type enri",/Users/pujatrivedi/Desktop/MIT/blended_ner_framework/data/papers/multiscale_spatial_transcriptomic/20260602T192339/chunks/chunk_003.txt
striosome versus matrix compartments,StriatalCompartmentComparison,Graft versus host disease,http://www.orpha.net/ORDO/Orphanet_39812,HOOM_V3,local,,chunk_003,3217,3253,llm_masked_pass,"terior-posterior (A-P) sections (AP 18a, 19a, 26a, 34a). (C) Cell-type enrichment (odds ratios) for striosome versus matrix compartments. Dot size reflects statistical significance (-log₁₀ FDR). P-values are derived using right-tailed c",/Users/pujatrivedi/Desktop/MIT/blended_ner_framework/data/papers/multiscale_spatial_transcriptomic/20260602T192339/chunks/chunk_003.txt
interneuron subtypes,NeuronSubtypeCategory,GABAergic interneuron,http://purl.obolibrary.org/obo/CL_0011005,PCL,local,,chunk_003,3595,3615,llm_masked_pass,odds ratio values associated with the striosome are multiplied by -1. (D) Spatial distributions of interneuron subtypes showing compartmental biases: STR TAC3 GABAergic interneurons enriched in matrix and VIP+ GABAergic,/Users/pujatrivedi/Desktop/MIT/blended_ner_framework/data/papers/multiscale_spatial_transcriptomic/20260602T192339/chunks/chunk_003.txt
STR TAC3 GABAergic interneurons,NeuronSubtype,Inh L3-5 VIP TAC3 primary motor cortex GABAergic interneuron (Hsap),http://purl.obolibrary.org/obo/PCL_0015039,PCL,local,,chunk_003,3646,3677,llm_masked_pass,e multiplied by -1. (D) Spatial distributions of interneuron subtypes showing compartmental biases: STR TAC3 GABAergic interneurons enriched in matrix and VIP+ GABAergic interneurons enriched the 60 transcriptomics cell types ident,/Users/pujatrivedi/Desktop/MIT/blended_ner_framework/data/papers/multiscale_spatial_transcriptomic/20260602T192339/chunks/chunk_003.txt
VIP+ GABAergic interneurons,NeuronSubtype,"L5/6 cck, VIP GABAergic interneuron (Mmus)",http://purl.obolibrary.org/obo/CL_4023019,PCL,local,,chunk_003,3701,3728,llm_masked_pass,euron subtypes showing compartmental biases: STR TAC3 GABAergic interneurons enriched in matrix and VIP+ GABAergic interneurons enriched the 60 transcriptomics cell types identified by MERFISH+. The dot-plot shows 150 different,/Users/pujatrivedi/Desktop/MIT/blended_ner_framework/data/papers/multiscale_spatial_transcriptomic/20260602T192339/chunks/chunk_003.txt
transcriptomics cell types,CellTypeCategory,Mast cell expressed membrane protein 1,http://www.semanticweb.org/ontologies/STO.owl#OWLClass_a9e3575d_5510_40f0_8def_7b4dc7123f71,STO-DRAFT,local,,chunk_003,3745,3771,llm_masked_pass,STR TAC3 GABAergic interneurons enriched in matrix and VIP+ GABAergic interneurons enriched the 60 transcriptomics cell types identified by MERFISH+. The dot-plot shows 150 differential expressed genes out of the 673 MERFISH+,/Users/pujatrivedi/Desktop/MIT/blended_ner_framework/data/papers/multiscale_spatial_transcriptomic/20260602T192339/chunks/chunk_003.txt
pallidus-associated neuronal subtypes,NeuronSubtypeCategory,Microbiology subtypes,http://purl.bioontology.org/ontology/RCD/Xa0Bn,RCD,local,,chunk_003,3957,3994,llm_masked_pass,"e 673 MERFISH+ imaged genes, thus validating the distinction between 60 transcriptomics cell types. pallidus-associated neuronal subtypes across anterior-posterior coronal sections of the human basal ganglia. (A) Relative proportions of",/Users/pujatrivedi/Desktop/MIT/blended_ner_framework/data/papers/multiscale_spatial_transcriptomic/20260602T192339/chunks/chunk_003.txt
human basal ganglia,BRAIN_STRUCTURE,basal ganglia disease,http://www.ebi.ac.uk/efo/EFO_0009533,EFO,local,,chunk_003,4045,4064,llm_pass1,cell types. pallidus-associated neuronal subtypes across anterior-posterior coronal sections of the human basal ganglia. (A) Relative proportions of all neuronal cell types including non-MSN and globus pallidus (GP) neu,/Users/pujatrivedi/Desktop/MIT/blended_ner_framework/data/papers/multiscale_spatial_transcriptomic/20260602T192339/chunks/chunk_003.txt
non-MSN,NeuronSubtypeCategory,Globus pallidus principal cell,http://ontology.neuinfo.org/NIF/BiomaterialEntities/NIF-Cell.owl#nifext_149,NIFCELL,local,,chunk_003,4128,4135,llm_masked_pass,"sections of the human basal ganglia. (A) Relative proportions of all neuronal cell types including non-MSN and globus pallidus (GP) neuron subtypes-as well as CGEand MGE-derived GABAergic neuron subclasses,",/Users/pujatrivedi/Desktop/MIT/blended_ner_framework/data/papers/multiscale_spatial_transcriptomic/20260602T192339/chunks/chunk_003.txt
globus pallidus,BRAIN_REGION,Putamen or Globus Pallidus,http://purl.obolibrary.org/obo/NCIT_C182245,BERO,local,,chunk_003,4140,4155,llm_pass1,"the human basal ganglia. (A) Relative proportions of all neuronal cell types including non-MSN and globus pallidus (GP) neuron subtypes-as well as CGEand MGE-derived GABAergic neuron subclasses, in both combined an",/Users/pujatrivedi/Desktop/MIT/blended_ner_framework/data/papers/multiscale_spatial_transcriptomic/20260602T192339/chunks/chunk_003.txt
CGEand MGE-derived GABAergic neuron subclasses,NeuronSubtypeCategory,GABAergic neuron,http://purl.obolibrary.org/obo/CL_0000617,HRA,local,,chunk_003,4188,4234,llm_masked_pass,"ns of all neuronal cell types including non-MSN and globus pallidus (GP) neuron subtypes-as well as CGEand MGE-derived GABAergic neuron subclasses, in both combined and individual MERFISH+ assays, showing all sections versus AP-specific proportio",/Users/pujatrivedi/Desktop/MIT/blended_ner_framework/data/papers/multiscale_spatial_transcriptomic/20260602T192339/chunks/chunk_003.txt
D1+ and D2+ medium spiny neurons,NeuronSubtype,STR D2 Gaba_6 indirect pathway medium spiny neuron (Mmus),http://purl.obolibrary.org/obo/PCL_0110849,PCL,local,,chunk_003,4367,4399,llm_masked_pass,"MERFISH+ assays, showing all sections versus AP-specific proportions. (B) Spatial distributions of D1+ and D2+ medium spiny neurons (MSNs) across anterior-posterior sections of the human basal ganglia. (C) Spatial distributions of",/Users/pujatrivedi/Desktop/MIT/blended_ner_framework/data/papers/multiscale_spatial_transcriptomic/20260602T192339/chunks/chunk_003.txt
human basal ganglia,BRAIN_STRUCTURE,basal ganglia disease,http://www.ebi.ac.uk/efo/EFO_0009533,EFO,local,,chunk_003,4449,4468,llm_pass1,distributions of D1+ and D2+ medium spiny neurons (MSNs) across anterior-posterior sections of the human basal ganglia. (C) Spatial distributions of diverse non-MSN basal ganglia. (A) Spatial distributions of two oligo,/Users/pujatrivedi/Desktop/MIT/blended_ner_framework/data/papers/multiscale_spatial_transcriptomic/20260602T192339/chunks/chunk_003.txt
oligodendrocyte subtypes,GlialCellSubtypeCategory,Oligo L1-6 OPALIN middle temporal gyrus oligodendrocyte (Hsap),http://purl.obolibrary.org/obo/PCL_0023073,PCL,local,,chunk_003,4563,4587,llm_masked_pass,nglia. (C) Spatial distributions of diverse non-MSN basal ganglia. (A) Spatial distributions of two oligodendrocyte subtypes (Oligo OPALIN and Oligo PLEKHG1) in anterior and posterior sections of the human basal ganglia. (B),/Users/pujatrivedi/Desktop/MIT/blended_ner_framework/data/papers/multiscale_spatial_transcriptomic/20260602T192339/chunks/chunk_003.txt
Oligo OPALIN,OligodendrocyteSubtype,NS forest marker set of Oligo OPALIN LOC103790018 M1 (Marmoset).,http://purl.obolibrary.org/obo/PCL_0020583,PCL,local,,chunk_003,4589,4601,llm_masked_pass,utions of diverse non-MSN basal ganglia. (A) Spatial distributions of two oligodendrocyte subtypes (Oligo OPALIN and Oligo PLEKHG1) in anterior and posterior sections of the human basal ganglia. (B) Spatial subre,/Users/pujatrivedi/Desktop/MIT/blended_ner_framework/data/papers/multiscale_spatial_transcriptomic/20260602T192339/chunks/chunk_003.txt
Oligo PLEKHG1,OligodendrocyteSubtype,Oligo L1-6 OPALIN middle temporal gyrus oligodendrocyte (Hsap),http://purl.obolibrary.org/obo/PCL_0023073,PCL,local,,chunk_003,4606,4619,llm_masked_pass,non-MSN basal ganglia. (A) Spatial distributions of two oligodendrocyte subtypes (Oligo OPALIN and Oligo PLEKHG1) in anterior and posterior sections of the human basal ganglia. (B) Spatial subregion specific dist,/Users/pujatrivedi/Desktop/MIT/blended_ner_framework/data/papers/multiscale_spatial_transcriptomic/20260602T192339/chunks/chunk_003.txt
human basal ganglia,BRAIN_STRUCTURE,basal ganglia disease,http://www.ebi.ac.uk/efo/EFO_0009533,EFO,local,,chunk_003,4663,4682,llm_pass1,oligodendrocyte subtypes (Oligo OPALIN and Oligo PLEKHG1) in anterior and posterior sections of the human basal ganglia. (B) Spatial subregion specific distributions of six astrocyte subtypes across anteriorposterior sa,/Users/pujatrivedi/Desktop/MIT/blended_ner_framework/data/papers/multiscale_spatial_transcriptomic/20260602T192339/chunks/chunk_003.txt
astrocyte subtypes,AstrocyteSubtypeCategory,decreased astrocyte size,http://purl.obolibrary.org/obo/MP_0020435,UPHENO,local,,chunk_003,4736,4754,llm_masked_pass,posterior sections of the human basal ganglia. (B) Spatial subregion specific distributions of six astrocyte subtypes across anteriorposterior sample sections. (C) Spatial expression maps of representative marker gene,/Users/pujatrivedi/Desktop/MIT/blended_ner_framework/data/papers/multiscale_spatial_transcriptomic/20260602T192339/chunks/chunk_003.txt
striosome-matrix boundaries,StriatalCompartmentBoundary,establishment of posterior gap gene boundaries,http://purl.org/obo/owl/GO#GO_0007361,BIOMODELS,local,,chunk_003,4976,5003,llm_masked_pass,ach astrocyte subtype across anterior-posterior sample sections show subregion specific expression. striosome-matrix boundaries. (A) Heatmap of astrocytic gene expression as a function of distance from the striosome-matrix bord,/Users/pujatrivedi/Desktop/MIT/blended_ner_framework/data/papers/multiscale_spatial_transcriptomic/20260602T192339/chunks/chunk_003.txt
astrocytic gene expression,GlialMolecularProfile,Gene expression matrix,http://edamontology.org/data_3112,EDAM,local,,chunk_003,5020,5046,llm_masked_pass,ior sample sections show subregion specific expression. striosome-matrix boundaries. (A) Heatmap of astrocytic gene expression as a function of distance from the striosome-matrix border. Distance is measured relative to the bo,/Users/pujatrivedi/Desktop/MIT/blended_ner_framework/data/papers/multiscale_spatial_transcriptomic/20260602T192339/chunks/chunk_003.txt
striosome-matrix border,StriatalCompartmentBoundary,"somite border disrupted extracellular matrix organization, abnormal",http://purl.obolibrary.org/obo/ZP_0022686,UPHENO,local,,chunk_003,5082,5105,llm_masked_pass,"ome-matrix boundaries. (A) Heatmap of astrocytic gene expression as a function of distance from the striosome-matrix border. Distance is measured relative to the border (center), where 0 represents the striosome-matrix bord",/Users/pujatrivedi/Desktop/MIT/blended_ner_framework/data/papers/multiscale_spatial_transcriptomic/20260602T192339/chunks/chunk_003.txt
astrocytes,GlialCellType,Set of astrocytes,http://purl.org/sig/ont/fma/fma84101,FMA,local,,chunk_003,5368,5378,llm_masked_pass,+500 µm into striosome interiors (positive values). (B) UMAP embedding computed from clustering of astrocytes located within ±500 µm from the striosome-matrix border based on genes shown in (A) in the posterio,/Users/pujatrivedi/Desktop/MIT/blended_ner_framework/data/papers/multiscale_spatial_transcriptomic/20260602T192339/chunks/chunk_003.txt
basal ganglia brain tissue,BrainTissue,basal ganglia disease,http://purl.jp/bio/4/id/200906064440245832,IOBC,local,,chunk_003,5989,6015,llm_masked_pass,ers as a function TABLE 1226 REAGENT or RESOURCE SOURCE IDENTIFIER Biological samples Healthy adult basal ganglia brain tissue University of California Irvine BICAN Brain Bank Case#UCI-2724 Case#UCI-3924 Case#UCI-1311 Case#UCI,/Users/pujatrivedi/Desktop/MIT/blended_ner_framework/data/papers/multiscale_spatial_transcriptomic/20260602T192339/chunks/chunk_003.txt
Stereo-seq,SpatialTranscriptomicsTechnique,stereo fundus camera,http://purl.jp/bio/4/id/201606013852084525,IOBC,local,,chunk_003,7609,7619,llm_masked_pass,ium persulfate Sigma-Aldrich Cat#215589-100G Agilent Technologies D1000 Reagents Agilent Cat# D1000 Stereo-seq Permeabilization Set for Chip-on-a-slide V1.1 Complete Genomics Cat#211SP11118-CG Stereo-seq Transc,/Users/pujatrivedi/Desktop/MIT/blended_ner_framework/data/papers/multiscale_spatial_transcriptomic/20260602T192339/chunks/chunk_003.txt
basal ganglia,BRAIN_STRUCTURE,basal ganglia disease,http://www.ebi.ac.uk/efo/EFO_0009533,EFO,local,,chunk_003,8749,8762,llm_pass1,", each pre-dissected postmortem human coronal brain slab, which is 5-10 mm thick and containing the basal ganglia, was used in this study. To prepare adjacent brain sections for experiments, a tissue block measuri",/Users/pujatrivedi/Desktop/MIT/blended_ner_framework/data/papers/multiscale_spatial_transcriptomic/20260602T192339/chunks/chunk_003.txt
basal ganglia components,BrainRegionCategory,basal ganglia disease,http://purl.obolibrary.org/obo/DOID_679,BAO,local,,chunk_003,8900,8924,llm_masked_pass,"djacent brain sections for experiments, a tissue block measuring up to 4 cm × 5 cm and encompassing basal ganglia components was further dissected out of each coronal brain slab, quickly embedded in OCT embedding medium, and",/Users/pujatrivedi/Desktop/MIT/blended_ner_framework/data/papers/multiscale_spatial_transcriptomic/20260602T192339/chunks/chunk_003.txt
isopentane,CHEMICAL,isopentane concentration,http://purl.dataone.org/odo/ECSO_00001625,ECSO,local,,chunk_003,9054,9064,llm_pass1,"each coronal brain slab, quickly embedded in OCT embedding medium, and frozen in dry ice prechilled isopentane (SigmaAldrich, M33631). Cryosections of 10 µm and 16 µm thickness were then obtained using a Leica",/Users/pujatrivedi/Desktop/MIT/blended_ner_framework/data/papers/multiscale_spatial_transcriptomic/20260602T192339/chunks/chunk_003.txt
spatial transcriptomics,SpatialTranscriptomicsTechnique,Visium Spatial Gene Expression,http://www.ebi.ac.uk/efo/EFO_0010961,EFO,local,,chunk_003,9603,9626,llm_masked_pass,"28 mm dimensions (Figure 1). Sample processing for Stereo-seq For Stereo-seq, tissue fixation and spatial transcriptomics procedures were conducted in accordance with the manufacturer's protocol and established methods. B",/Users/pujatrivedi/Desktop/MIT/blended_ner_framework/data/papers/multiscale_spatial_transcriptomic/20260602T192339/chunks/chunk_003.txt
methanol,CHEMICAL,Methanol &#x7C; Tissue and Smears &#x7C; Drug toxicology,http://purl.bioontology.org/ontology/LNC/LP391444-9,LOINC,local,,chunk_003,9830,9838,llm_pass1,"ly, tissue sections mounted on Stereo-seq chips were dried at 37°C (5 min), then fixed in precooled methanol (SigmaAldrich, 1060071000) for 30 mins at -20 °C. After fixation, sections were stained with Qubit™",/Users/pujatrivedi/Desktop/MIT/blended_ner_framework/data/papers/multiscale_spatial_transcriptomic/20260602T192339/chunks/chunk_003.txt
Qubit™ ssDNA Assay Kit,CHEMICAL,DNA extraction assay kit,http://purl.obolibrary.org/obo/NGBO_6000238,NGBO,local,,chunk_003,9932,9954,llm_pass1,"thanol (SigmaAldrich, 1060071000) for 30 mins at -20 °C. After fixation, sections were stained with Qubit™ ssDNA Assay Kit (Invitrogen, Q10212) and incubated in the dark for 5 mins, washed with 0.1× SSC buffer with 5% RNas",/Users/pujatrivedi/Desktop/MIT/blended_ner_framework/data/papers/multiscale_spatial_transcriptomic/20260602T192339/chunks/chunk_003.txt
RNase inhibitor,CHEMICAL,HIV-1 RNase H inhibitor,http://purl.obolibrary.org/obo/CHEBI_52629,BIOMODELS,local,,chunk_003,10050,10065,llm_pass1,"Kit (Invitrogen, Q10212) and incubated in the dark for 5 mins, washed with 0.1× SSC buffer with 5% RNase inhibitor (0.05 U/mL, New England Biolabs, M0314L), the nuclei-stained tissue section was imaged using the FI",/Users/pujatrivedi/Desktop/MIT/blended_ner_framework/data/papers/multiscale_spatial_transcriptomic/20260602T192339/chunks/chunk_003.txt
Qubit dsDNA HS Assay Kit,CHEMICAL,Calcium Assay Kit,http://www.bioassayontology.org/bao#BAO_0003092,BAO,local,,chunk_003,10993,11017,llm_pass1,". After size selection, amplification, and purification, cDNA concentrations were measured with the Qubit dsDNA HS Assay Kit (Invitrogen, Q32854). The distribution of cDNA fragment size was also measured using Agilent's D500",/Users/pujatrivedi/Desktop/MIT/blended_ner_framework/data/papers/multiscale_spatial_transcriptomic/20260602T192339/chunks/chunk_003.txt
genes,GENE,HNPCC genes mutations tested for,http://purl.bioontology.org/ontology/LNC/LP228643-5,LOINC,local,,chunk_003,11593,11598,llm_pass1,", 100008555). MERFISH+ design and methodology 1. Gene selection: First, we compiled 992 candidate genes that comprised 150 canonical cell type marker genes, 20 control genes (housekeeping genes) and 822",/Users/pujatrivedi/Desktop/MIT/blended_ner_framework/data/papers/multiscale_spatial_transcriptomic/20260602T192339/chunks/chunk_003.txt
Human basal ganglia,BRAIN_STRUCTURE,basal ganglia  ( human ),https://purl.brain-bican.org/ontology/hbao/HBA_4276,PCL,local,,chunk_003,11787,11806,llm_pass1,s) and 822 genes that were differentially expressed between Group level cell types in the reference Human basal ganglia snRNA-seq dataset from the Allen Brain Institute (RRID:SCR_006491). We then refined the list by rem,/Users/pujatrivedi/Desktop/MIT/blended_ner_framework/data/papers/multiscale_spatial_transcriptomic/20260602T192339/chunks/chunk_003.txt
snRNA-seq,SingleNucleusTranscriptomicsTechnique,increased mature snRNA level,http://purl.obolibrary.org/obo/FYPO_0004206,UPHENO,local,,chunk_003,11807,11816,llm_masked_pass,t were differentially expressed between Group level cell types in the reference Human basal ganglia snRNA-seq dataset from the Allen Brain Institute (RRID:SCR_006491). We then refined the list by removing non-,/Users/pujatrivedi/Desktop/MIT/blended_ner_framework/data/papers/multiscale_spatial_transcriptomic/20260602T192339/chunks/chunk_003.txt
smFISH,MolecularImagingTechnique,smFISH quantification,http://purl.obolibrary.org/obo/TEMP#251000000156,VIMM,local,,chunk_003,13058,13064,llm_masked_pass,"gn by adding a 4th readout sequence in order to help us to troubleshoot MERFISH experiments through smFISH imaging. To design the primary probes, we first generated overlapping 40-mer target sequences from",/Users/pujatrivedi/Desktop/MIT/blended_ner_framework/data/papers/multiscale_spatial_transcriptomic/20260602T192339/chunks/chunk_003.txt
medium spiny neurons,NeuronSubtype,Excitotoxicity Damage of Striatum Medium Spiny Neurons in Huntington Disease,urn:agi-pathway:uuid-eb0af87d-5e76-4826-9444-ee515e97051b,BPT,local,,chunk_003,,,llm_masked_pass_unmapped,,/Users/pujatrivedi/Desktop/MIT/blended_ner_framework/data/papers/multiscale_spatial_transcriptomic/20260602T192339/chunks/chunk_003.txt
GP neuron subtypes,NeuronSubtypeCategory,GP to GP generated transaction,http://purl.bioontology.org/ontology/RCTV2/9b0x.00,RCTV2,local,,chunk_003,,,llm_masked_pass_unmapped,,/Users/pujatrivedi/Desktop/MIT/blended_ner_framework/data/papers/multiscale_spatial_transcriptomic/20260602T192339/chunks/chunk_003.txt
RNA,RNA,"obsolete transcription factor activity, sequence-specific DNA binding, RNA polymerase recruiting",http://purl.obolibrary.org/obo/GO_0001011,BERO,local,,chunk_004,494,497,llm_pass1,"product was purified and concentrated with Zymo DNA clean & concentrator-25 (Zymo Research, D4006). RNA was generated from the purified PCR-amplified DNA through in-vitro transcription (IVT) using HiScri",/Users/pujatrivedi/Desktop/MIT/blended_ner_framework/data/papers/multiscale_spatial_transcriptomic/20260602T192339/chunks/chunk_004.txt
RNA,RNA,"obsolete transcription factor activity, sequence-specific DNA binding, RNA polymerase recruiting",http://purl.obolibrary.org/obo/GO_0001011,BERO,local,,chunk_004,700,703,llm_pass1,"T7 ARCA mRNA kit (NEB, E2060S). Next, single strand DNA (ssDNA) was generated from the IVT-derived RNA through reverse transcription (RT) using Thermo Scientific Maxima Reverse Transcriptase (Thermo Fis",/Users/pujatrivedi/Desktop/MIT/blended_ner_framework/data/papers/multiscale_spatial_transcriptomic/20260602T192339/chunks/chunk_004.txt
RNA,RNA,"obsolete transcription factor activity, sequence-specific DNA binding, RNA polymerase recruiting",http://purl.obolibrary.org/obo/GO_0001011,BERO,local,,chunk_004,917,920,llm_pass1,", EP0743). The RT product went through alkaline hydrolysis (1:1 of 1M NaOH and 0.5M EDTA) to remove RNA followed by ssDNA (encoding probes) purification using Zymo Oligo Clean & Concentrator (Zymo Resear",/Users/pujatrivedi/Desktop/MIT/blended_ner_framework/data/papers/multiscale_spatial_transcriptomic/20260602T192339/chunks/chunk_004.txt
ssDNA,DNA,ssDNA virus infectious disease,http://www.owl-ontologies.com/NPOntology.owl#DOID_0050499,NATPRO,local,,chunk_004,933,938,llm_pass1,"T product went through alkaline hydrolysis (1:1 of 1M NaOH and 0.5M EDTA) to remove RNA followed by ssDNA (encoding probes) purification using Zymo Oligo Clean & Concentrator (Zymo Research, D4061). The co",/Users/pujatrivedi/Desktop/MIT/blended_ner_framework/data/papers/multiscale_spatial_transcriptomic/20260602T192339/chunks/chunk_004.txt
encoding probes,DNA,Probes and primers,http://edamontology.org/topic_0632,BERO,local,,chunk_004,1293,1308,llm_pass1,"on (RRID:SCR_019547). During the RT step, the forward primer introduced an acrydite anchor into the encoding probes which allowed the encoding probes to covalently bind with the polyacrylamide gel post encoding prob",/Users/pujatrivedi/Desktop/MIT/blended_ner_framework/data/papers/multiscale_spatial_transcriptomic/20260602T192339/chunks/chunk_004.txt
encoding probes,DNA,Probes and primers,http://edamontology.org/topic_0632,BERO,local,,chunk_004,1327,1342,llm_pass1,"T step, the forward primer introduced an acrydite anchor into the encoding probes which allowed the encoding probes to covalently bind with the polyacrylamide gel post encoding probes hybridization. Adaptor and rea",/Users/pujatrivedi/Desktop/MIT/blended_ner_framework/data/papers/multiscale_spatial_transcriptomic/20260602T192339/chunks/chunk_004.txt
Adaptor probes,DNA,DNA Probes,http://purl.obolibrary.org/obo/MESH_D015342,BERO,local,,chunk_004,1467,1481,llm_pass1,the polyacrylamide gel post encoding probes hybridization. Adaptor and readout probe preparation: Adaptor probes (total 28 adaptors) and readout probes (total 3 readout probes each tagged with one of the three fl,/Users/pujatrivedi/Desktop/MIT/blended_ner_framework/data/papers/multiscale_spatial_transcriptomic/20260602T192339/chunks/chunk_004.txt
Adaptor probes,DNA,DNA Probes,http://purl.obolibrary.org/obo/MESH_D015342,BERO,local,,chunk_004,1668,1682,llm_pass1,"the three fluorophores: 5Alex750N/3AlexF750N, 5Cy5/3Cy5Sp, 5Cy3/3Cy3Sp) were purchased from IDT. Adaptor probes and readout probes were diluted with a pre-hybridization buffer (PreHB, 0.1% Tween-20, 35% formamid",/Users/pujatrivedi/Desktop/MIT/blended_ner_framework/data/papers/multiscale_spatial_transcriptomic/20260602T192339/chunks/chunk_004.txt
CellPath,CELLULAR_COMMUNITY,coverslip,http://www.bioassayontology.org/bao#BAO_0010021,BAO,local,,chunk_004,1928,1936,llm_pass1,"1:2000, respectively. 5. Silanization and PDL-coating of coverslips: 50mm x 64mm glass coverslips (CellPath, SAF-5064-02A) were incubated in 18.5% HCl in methanol for 30 min at room temperature (RT) followed",/Users/pujatrivedi/Desktop/MIT/blended_ner_framework/data/papers/multiscale_spatial_transcriptomic/20260602T192339/chunks/chunk_004.txt
MERFISH+,SpatialTranscriptomicsTechnique,basal ganglia disease,http://www.ebi.ac.uk/efo/EFO_0009533,EFO,local,,chunk_004,2780,2788,llm_masked_pass,". Finally, silanized and PDL-coated coverslips were stored at -20°C until use (good for 6 months). MERFISH+ sample preparation: Human postmortem basal ganglia samples in OCT block were sectioned (16 µm thic",/Users/pujatrivedi/Desktop/MIT/blended_ner_framework/data/papers/multiscale_spatial_transcriptomic/20260602T192339/chunks/chunk_004.txt
basal ganglia,Brain_Region,basal ganglia disease,http://www.ebi.ac.uk/efo/EFO_0009533,EFO,local,,chunk_004,2827,2840,llm_pass1,were stored at -20°C until use (good for 6 months). MERFISH+ sample preparation: Human postmortem basal ganglia samples in OCT block were sectioned (16 µm thick) using cryostat (Leica CM1850) at -20°C and mounte,/Users/pujatrivedi/Desktop/MIT/blended_ner_framework/data/papers/multiscale_spatial_transcriptomic/20260602T192339/chunks/chunk_004.txt
DAPI,NuclearStain,DAPI,http://stirdf.jst.go.jp/id/200907027652952300,IOBC,local,,chunk_004,4933,4937,llm_masked_pass,detected image features corresponding to local minima and local maxima intensity points within the DAPI channel using the same procedure as in the spot detection step. These features were then used to re,/Users/pujatrivedi/Desktop/MIT/blended_ner_framework/data/papers/multiscale_spatial_transcriptomic/20260602T192339/chunks/chunk_004.txt
cell segmentation,ImageAnalysisTechnique,decreased neutrophil nuclear segmentation,http://purl.obolibrary.org/obo/MP_0021174,UPHENO,local,,chunk_004,5913,5930,llm_masked_pass,".01, in order to improve the contrast of the nuclei boundaries. Then for each z-plane, we performed cell segmentation using the Cellpose 'nuclei' model 79 with the parameters: diameter = 23, flow_threshold = -10 and c",/Users/pujatrivedi/Desktop/MIT/blended_ner_framework/data/papers/multiscale_spatial_transcriptomic/20260602T192339/chunks/chunk_004.txt
Cellpose 'nuclei' model,CellSegmentationModel,decreased pontine nuclei cell number,http://purl.obolibrary.org/obo/MP_0020713,UPHENO,local,,chunk_004,5941,5964,llm_masked_pass,"contrast of the nuclei boundaries. Then for each z-plane, we performed cell segmentation using the Cellpose 'nuclei' model 79 with the parameters: diameter = 23, flow_threshold = -10 and cellprob_threshold = -10. Next, we",/Users/pujatrivedi/Desktop/MIT/blended_ner_framework/data/papers/multiscale_spatial_transcriptomic/20260602T192339/chunks/chunk_004.txt
Leiden clustering algorithm,ClusteringTechnique,Factor V Leiden mutation,http://purl.jp/bio/4/id/201106043337906104,IOBC,local,,chunk_004,7812,7839,llm_masked_pass,"se_rep = 'X', n_neighbors = 15). Then, the communities formed in the graph were clustered using the Leiden clustering algorithm, scanpy.tl.leiden(resolution = 1). Finally, the UMAP embedding of the clustered data was obtained b",/Users/pujatrivedi/Desktop/MIT/blended_ner_framework/data/papers/multiscale_spatial_transcriptomic/20260602T192339/chunks/chunk_004.txt
UMAP embedding,DimensionalityReductionTechnique,Paraffin Embedding,http://purl.jp/bio/4/id/200906011827781930,IOBC,local,,chunk_004,7888,7902,llm_masked_pass,"ere clustered using the Leiden clustering algorithm, scanpy.tl.leiden(resolution = 1). Finally, the UMAP embedding of the clustered data was obtained by projecting the high dimensional clustering into 2D space, sca",/Users/pujatrivedi/Desktop/MIT/blended_ner_framework/data/papers/multiscale_spatial_transcriptomic/20260602T192339/chunks/chunk_004.txt
Cross-species Basal ganglion cell type taxonomy,CellTypeTaxonomy,dysgenesis of the basal ganglion,http://purl.obolibrary.org/obo/UPHENO_0047369,UPHENO,local,,chunk_004,8112,8159,llm_masked_pass,"p(resolution = 1, min_dist = 0.1). The annotation of cell types was done by mapping the data to the Cross-species Basal ganglion cell type taxonomy from the Allen institute through cell_type_mapper (the python backend for MapMyCells, RRID:SCR_0246",/Users/pujatrivedi/Desktop/MIT/blended_ner_framework/data/papers/multiscale_spatial_transcriptomic/20260602T192339/chunks/chunk_004.txt
MapMyCells,CellTypeMappingTool,Implant cardioverter defibrillator using two electrode leads,http://purl.bioontology.org/ontology/RCTV2/793F100,RCTV2,local,,chunk_004,8234,8244,llm_masked_pass,"nglion cell type taxonomy from the Allen institute through cell_type_mapper (the python backend for MapMyCells, RRID:SCR_024672) using two precomputed supporting files shared through the BICAN consortium: query",/Users/pujatrivedi/Desktop/MIT/blended_ner_framework/data/papers/multiscale_spatial_transcriptomic/20260602T192339/chunks/chunk_004.txt
astrocytes,GlialCellType,Set of astrocytes,http://purl.org/sig/ont/fma/fma84101,FMA,local,,chunk_004,8509,8519,llm_masked_pass,ecomputed_stats (HDF5 file that defines the taxonomy). We performed the subclustering analysis for astrocytes using only astrocytic genes in order to avoid artifacts from cross-talk or contamination from other,/Users/pujatrivedi/Desktop/MIT/blended_ner_framework/data/papers/multiscale_spatial_transcriptomic/20260602T192339/chunks/chunk_004.txt
astrocytic genes,CellTypeMarkerSet,astrocytic phosphoprotein PEA-15 (rat),http://purl.obolibrary.org/obo/PR_Q5U318,PR,local,,chunk_004,8531,8547,llm_masked_pass,file that defines the taxonomy). We performed the subclustering analysis for astrocytes using only astrocytic genes in order to avoid artifacts from cross-talk or contamination from other cell types. To identify the,/Users/pujatrivedi/Desktop/MIT/blended_ner_framework/data/papers/multiscale_spatial_transcriptomic/20260602T192339/chunks/chunk_004.txt
globus pallidus,Brain_Region,Putamen or Globus Pallidus,http://purl.obolibrary.org/obo/NCIT_C182245,BERO,local,,chunk_004,9640,9655,llm_pass1,"ysis We performed spatial module analysis with two different approaches, ( 1 however, the internal globus pallidus module partially overlapped with adjacent white matter tracts; its boundary was refined using the s",/Users/pujatrivedi/Desktop/MIT/blended_ner_framework/data/papers/multiscale_spatial_transcriptomic/20260602T192339/chunks/chunk_004.txt
white matter tracts,BrainAnatomy,telencephalic white matter tracts  ( human ),https://purl.brain-bican.org/ontology/hbao/HBA_9230,PCL,local,,chunk_004,9698,9717,llm_masked_pass,"ent approaches, ( 1 however, the internal globus pallidus module partially overlapped with adjacent white matter tracts; its boundary was refined using the spatial location of GPi Shell neurons, which delineated the GPi",/Users/pujatrivedi/Desktop/MIT/blended_ner_framework/data/papers/multiscale_spatial_transcriptomic/20260602T192339/chunks/chunk_004.txt
GPi Shell neurons,NeuronType,disorder of GPI anchor biosynthesis,http://purl.obolibrary.org/obo/MONDO_0024321,EFO,local,,chunk_004,9774,9791,llm_masked_pass,"verlapped with adjacent white matter tracts; its boundary was refined using the spatial location of GPi Shell neurons, which delineated the GPi border with high precision. To identify spatial modules corresponding to",/Users/pujatrivedi/Desktop/MIT/blended_ner_framework/data/papers/multiscale_spatial_transcriptomic/20260602T192339/chunks/chunk_004.txt
MSN cell types,NeuronType,MSN Gene,http://purl.obolibrary.org/obo/NCIT_C97621,BERO,local,,chunk_004,10076,10090,llm_masked_pass,cedure to that used in global spatial modules analysis. The main differences were that we only used MSN cell types when building the cell type composition matrix and we only included the cells in the striatum for t,/Users/pujatrivedi/Desktop/MIT/blended_ner_framework/data/papers/multiscale_spatial_transcriptomic/20260602T192339/chunks/chunk_004.txt
striatum,Brain_Region,striatum,http://purl.obolibrary.org/obo/UBERON_0002435,UPHENO,local,,chunk_004,10176,10184,llm_pass1,MSN cell types when building the cell type composition matrix and we only included the cells in the striatum for the analysis as the Striosome and Matrix compartments exist only in this part of the Basal gang,/Users/pujatrivedi/Desktop/MIT/blended_ner_framework/data/papers/multiscale_spatial_transcriptomic/20260602T192339/chunks/chunk_004.txt
Striosome and Matrix compartments,StriatalCompartment,"Powder, Solvent and Matrix for Implantation Matrix Dosage Form",http://purl.obolibrary.org/obo/NCIT_C149858,BERO,local,,chunk_004,10209,10242,llm_masked_pass,"cell type composition matrix and we only included the cells in the striatum for the analysis as the Striosome and Matrix compartments exist only in this part of the Basal ganglia. In detail, we first built a K-nearest neighbor graph",/Users/pujatrivedi/Desktop/MIT/blended_ner_framework/data/papers/multiscale_spatial_transcriptomic/20260602T192339/chunks/chunk_004.txt
Basal ganglia,Brain_Region,Basal Ganglia Diseases,http://doe-generated-ontology.com/OntoAD#C0004782,ONTOAD,local,,chunk_004,10274,10287,llm_pass1,"e striatum for the analysis as the Striosome and Matrix compartments exist only in this part of the Basal ganglia. In detail, we first built a K-nearest neighbor graph based on the spatial location of MSN subtypes",/Users/pujatrivedi/Desktop/MIT/blended_ner_framework/data/papers/multiscale_spatial_transcriptomic/20260602T192339/chunks/chunk_004.txt
MSN subtypes,NeuronSubtype,MSN subfamily gene,http://www.drugtargetontology.org/dto/DTO_03400288,DTO,local,,chunk_004,10375,10387,llm_masked_pass,"asal ganglia. In detail, we first built a K-nearest neighbor graph based on the spatial location of MSN subtypes using the scikit-learn package 82, then we queried the graph to identify 50 nearest MSNs for each c",/Users/pujatrivedi/Desktop/MIT/blended_ner_framework/data/papers/multiscale_spatial_transcriptomic/20260602T192339/chunks/chunk_004.txt
striatum,BrainRegion,striatum,http://purl.obolibrary.org/obo/UBERON_0002435,UPHENO,local,,chunk_004,10498,10506,llm_masked_pass,"scikit-learn package 82, then we queried the graph to identify 50 nearest MSNs for each cell in the striatum. Next, as explained in 14, we defined the composition matrix as distance weighted frequency count o",/Users/pujatrivedi/Desktop/MIT/blended_ner_framework/data/papers/multiscale_spatial_transcriptomic/20260602T192339/chunks/chunk_004.txt
stereo-seq,SpatialTranscriptomicsTechnique,single-cell gene expression analysis,http://purl.obolibrary.org/obo/ERO_0001564,ERO,local,,chunk_004,14257,14267,llm_masked_pass,"er as the observed explained variance. Analysis of gene expression gradients in the striatum using stereo-seq data To quantify the gene expression gradient along the ventromedial to dorsolateral (VM-DL) axis,",/Users/pujatrivedi/Desktop/MIT/blended_ner_framework/data/papers/multiscale_spatial_transcriptomic/20260602T192339/chunks/chunk_004.txt
internal capsule,WhiteMatterTract,Abnormality of the internal capsule,http://purl.obolibrary.org/obo/HP_0012502,UPHENO,local,,chunk_004,14380,14396,llm_masked_pass,"ntify the gene expression gradient along the ventromedial to dorsolateral (VM-DL) axis, we used the internal capsule as our reference since it is located approximately along this axis. We first rotated the brain sect",/Users/pujatrivedi/Desktop/MIT/blended_ner_framework/data/papers/multiscale_spatial_transcriptomic/20260602T192339/chunks/chunk_004.txt
Gene Ontology enrichment analysis,FunctionalEnrichmentTechnique,gene ontology enrichment analysis,https://bio.scai.fraunhofer.de/ontology/COVID_0000104,COVID-19,local,,chunk_004,15319,15352,llm_masked_pass,se standard deviation is below 0.2 and reported their mean correlation coefficient as final value. Gene Ontology enrichment analysis for spatial modules We performed gene ontology enrichment analysis using the enricher function fro,/Users/pujatrivedi/Desktop/MIT/blended_ner_framework/data/papers/multiscale_spatial_transcriptomic/20260602T192339/chunks/chunk_004.txt
subcellular transcript distributions,SubcellularTranscriptomics,subcellular protein immunohistochemistry assay,http://purl.obolibrary.org/obo/OBI_0002168,OBO,local,,chunk_004,16154,16190,llm_masked_pass,"oss the regions to quantify the relative abundance across the regions. Density-based clustering of subcellular transcript distributions For each cell type, we first selected 100 cells whose differential gene expression correlated most",/Users/pujatrivedi/Desktop/MIT/blended_ner_framework/data/papers/multiscale_spatial_transcriptomic/20260602T192339/chunks/chunk_004.txt
neuritic,NeuriteLocalization,presence of neuritic plaque,http://scai.fraunhofer.de/AlzheimerOntology#presence_of_neuritic_plaque,NIO,local,,chunk_004,16792,16800,llm_masked_pass,"omputed the median distance between neighboring transcripts in both the somatic and putative distal neuritic spaces using the KDTree function from the SciPy package 81. Following this, we performed density-ba",/Users/pujatrivedi/Desktop/MIT/blended_ner_framework/data/papers/multiscale_spatial_transcriptomic/20260602T192339/chunks/chunk_004.txt
somatic transcripts,SubcellularLocalization,Somatic Spine,http://ontology.neuinfo.org/NIF/BiomaterialEntities/NIF-Subcellular.owl#sao2048514053,NIFSUBCELL,local,,chunk_004,16931,16950,llm_masked_pass,"on from the SciPy package 81. Following this, we performed density-based clustering to identify the somatic transcripts corresponding to each cell. To achieve this, we used the DBSCAN function from the scikit-learn pack",/Users/pujatrivedi/Desktop/MIT/blended_ner_framework/data/papers/multiscale_spatial_transcriptomic/20260602T192339/chunks/chunk_004.txt
mouse homologues of human basal ganglia cell types,ComparativeCellTypeMapping,Dysgenesis of the basal ganglia,http://purl.obolibrary.org/obo/HP_0025102,UPHENO,local,,chunk_004,17352,17402,llm_masked_pass,scripts as neuritic if they are within 20 microns from the nearest somatic transcript. Identifying mouse homologues of human basal ganglia cell types To identify the mouse homologues of the cell types detected in our human Basal ganglia MERFISH dat,/Users/pujatrivedi/Desktop/MIT/blended_ner_framework/data/papers/multiscale_spatial_transcriptomic/20260602T192339/chunks/chunk_004.txt
Basal ganglia,Brain_Region,Basal Ganglia Diseases,http://doe-generated-ontology.com/OntoAD#C0004782,ONTOAD,local,,chunk_004,17477,17490,llm_pass1,"basal ganglia cell types To identify the mouse homologues of the cell types detected in our human Basal ganglia MERFISH dataset, we used the imputed whole mouse brain MERFISH spatial transcriptomic dataset from",/Users/pujatrivedi/Desktop/MIT/blended_ner_framework/data/papers/multiscale_spatial_transcriptomic/20260602T192339/chunks/chunk_004.txt
whole mouse brain MERFISH spatial transcriptomic dataset,SpatialTranscriptomicsDataset,coordinated dataset,http://uri.interlex.org/tgbugs/uris/readable/atlas/CoordinatedDataset,NPOKB,local,,chunk_004,17528,17584,llm_masked_pass,"mologues of the cell types detected in our human Basal ganglia MERFISH dataset, we used the imputed whole mouse brain MERFISH spatial transcriptomic dataset from an earlier publication 10. First, we manually insepcted the mouse MERFISH data to identify tis",/Users/pujatrivedi/Desktop/MIT/blended_ner_framework/data/papers/multiscale_spatial_transcriptomic/20260602T192339/chunks/chunk_004.txt
caudoputamen,Brain_Region,Caudoputamen,http://mouse.brain-map.org/atlas/index.html#CP,ASDF,local,,chunk_004,17843,17855,llm_pass1,"ose covered in the human samples. We selected the sections of C57BL6J-638850.39 -50, which show the caudoputamen and globus pallidus regions.",/Users/pujatrivedi/Desktop/MIT/blended_ner_framework/data/papers/multiscale_spatial_transcriptomic/20260602T192339/chunks/chunk_004.txt
globus pallidus,Brain_Region,Putamen or Globus Pallidus,http://purl.obolibrary.org/obo/NCIT_C182245,BERO,local,,chunk_004,17860,17875,llm_pass1,"e human samples. We selected the sections of C57BL6J-638850.39 -50, which show the caudoputamen and globus pallidus regions.",/Users/pujatrivedi/Desktop/MIT/blended_ner_framework/data/papers/multiscale_spatial_transcriptomic/20260602T192339/chunks/chunk_004.txt
STR,BrainRegionAbbreviation,STR D2 Gaba_3 indirect pathway medium spiny neuron (Mmus),http://purl.obolibrary.org/obo/PCL_0113358,PCL,local,,chunk_005,46,49,llm_masked_pass,"Then we used the parcellation_division label ""STR"" and ""PAL"" in the dataset to select all cells located in the mouse striatum and pallidum. Next, we",/Users/pujatrivedi/Desktop/MIT/blended_ner_framework/data/papers/multiscale_spatial_transcriptomic/20260602T192339/chunks/chunk_005.txt
PAL,BrainRegionAbbreviation,protein PAL OF QUIRKY (Arabidopsis thaliana),http://purl.obolibrary.org/obo/PR_Q9LF06,PR,local,,chunk_005,56,59,llm_masked_pass,"Then we used the parcellation_division label ""STR"" and ""PAL"" in the dataset to select all cells located in the mouse striatum and pallidum. Next, we filtered t",/Users/pujatrivedi/Desktop/MIT/blended_ner_framework/data/papers/multiscale_spatial_transcriptomic/20260602T192339/chunks/chunk_005.txt
mouse,ORGANISM,abnormal dorsal striatum average cell area,http://purl.obolibrary.org/obo/MP_0020625,UPHENO,local,,chunk_005,111,116,llm_pass1,"d the parcellation_division label ""STR"" and ""PAL"" in the dataset to select all cells located in the mouse striatum and pallidum. Next, we filtered the data by removing low abundance cell types; cell types",/Users/pujatrivedi/Desktop/MIT/blended_ner_framework/data/papers/multiscale_spatial_transcriptomic/20260602T192339/chunks/chunk_005.txt
striatum,BRAIN_REGION,striatum,http://purl.obolibrary.org/obo/UBERON_0002435,UPHENO,local,,chunk_005,117,125,llm_pass1,"parcellation_division label ""STR"" and ""PAL"" in the dataset to select all cells located in the mouse striatum and pallidum. Next, we filtered the data by removing low abundance cell types; cell types with less",/Users/pujatrivedi/Desktop/MIT/blended_ner_framework/data/papers/multiscale_spatial_transcriptomic/20260602T192339/chunks/chunk_005.txt
pallidum,BRAIN_REGION,Pallidum,http://api.brain-map.org/api/v2/data/Structure/803,NPOKB,local,,chunk_005,130,138,llm_pass1,"division label ""STR"" and ""PAL"" in the dataset to select all cells located in the mouse striatum and pallidum. Next, we filtered the data by removing low abundance cell types; cell types with less than 150 cel",/Users/pujatrivedi/Desktop/MIT/blended_ner_framework/data/papers/multiscale_spatial_transcriptomic/20260602T192339/chunks/chunk_005.txt
mouse,ORGANISM,abnormal dorsal striatum average cell area,http://purl.obolibrary.org/obo/MP_0020625,UPHENO,local,,chunk_005,267,272,llm_pass1,by removing low abundance cell types; cell types with less than 150 cell counts. We then mapped the mouse genes to their human orthologs using the mouse human homologous gene table from the Mouse Genome in,/Users/pujatrivedi/Desktop/MIT/blended_ner_framework/data/papers/multiscale_spatial_transcriptomic/20260602T192339/chunks/chunk_005.txt
genes,GENE,HNPCC genes mutations tested for,http://purl.bioontology.org/ontology/LNC/LP228643-5,LOINC,local,,chunk_005,273,278,llm_pass1,oving low abundance cell types; cell types with less than 150 cell counts. We then mapped the mouse genes to their human orthologs using the mouse human homologous gene table from the Mouse Genome informat,/Users/pujatrivedi/Desktop/MIT/blended_ner_framework/data/papers/multiscale_spatial_transcriptomic/20260602T192339/chunks/chunk_005.txt
mouse,ORGANISM,abnormal dorsal striatum average cell area,http://purl.obolibrary.org/obo/MP_0020625,UPHENO,local,,chunk_005,314,319,llm_pass1,"s with less than 150 cell counts. We then mapped the mouse genes to their human orthologs using the mouse human homologous gene table from the Mouse Genome informatics (MGI) database. Next, we identified t",/Users/pujatrivedi/Desktop/MIT/blended_ner_framework/data/papers/multiscale_spatial_transcriptomic/20260602T192339/chunks/chunk_005.txt
Mouse Genome informatics (MGI) database,GenomicDatabase,genome informatics,http://purl.jp/bio/4/id/200906061248548466,IOBC,local,,chunk_005,357,396,llm_masked_pass,"apped the mouse genes to their human orthologs using the mouse human homologous gene table from the Mouse Genome informatics (MGI) database. Next, we identified the genes shared between the mouse and human MERFISH dataset and reduced the g",/Users/pujatrivedi/Desktop/MIT/blended_ner_framework/data/papers/multiscale_spatial_transcriptomic/20260602T192339/chunks/chunk_005.txt
genes,GENE,HNPCC genes mutations tested for,http://purl.bioontology.org/ontology/LNC/LP228643-5,LOINC,local,,chunk_005,422,427,llm_pass1,"man homologous gene table from the Mouse Genome informatics (MGI) database. Next, we identified the genes shared between the mouse and human MERFISH dataset and reduced the gene expression matrix in both m",/Users/pujatrivedi/Desktop/MIT/blended_ner_framework/data/papers/multiscale_spatial_transcriptomic/20260602T192339/chunks/chunk_005.txt
mouse,ORGANISM,abnormal dorsal striatum average cell area,http://purl.obolibrary.org/obo/MP_0020625,UPHENO,local,,chunk_005,447,452,llm_pass1,"from the Mouse Genome informatics (MGI) database. Next, we identified the genes shared between the mouse and human MERFISH dataset and reduced the gene expression matrix in both mouse and human to the com",/Users/pujatrivedi/Desktop/MIT/blended_ner_framework/data/papers/multiscale_spatial_transcriptomic/20260602T192339/chunks/chunk_005.txt
MERFISH dataset,SpatialTranscriptomicsDataset,gene expression dataset,http://www.ebi.ac.uk/efo/swo/SWO_0000554,ERO,local,,chunk_005,463,478,llm_masked_pass,"Genome informatics (MGI) database. Next, we identified the genes shared between the mouse and human MERFISH dataset and reduced the gene expression matrix in both mouse and human to the common genes. Following this,",/Users/pujatrivedi/Desktop/MIT/blended_ner_framework/data/papers/multiscale_spatial_transcriptomic/20260602T192339/chunks/chunk_005.txt
mouse,ORGANISM,abnormal dorsal striatum average cell area,http://purl.obolibrary.org/obo/MP_0020625,UPHENO,local,,chunk_005,526,531,llm_pass1,"s shared between the mouse and human MERFISH dataset and reduced the gene expression matrix in both mouse and human to the common genes. Following this, we computed the pseudobulk gene expression of each c",/Users/pujatrivedi/Desktop/MIT/blended_ner_framework/data/papers/multiscale_spatial_transcriptomic/20260602T192339/chunks/chunk_005.txt
genes,GENE,HNPCC genes mutations tested for,http://purl.bioontology.org/ontology/LNC/LP228643-5,LOINC,local,,chunk_005,556,561,llm_pass1,"human MERFISH dataset and reduced the gene expression matrix in both mouse and human to the common genes. Following this, we computed the pseudobulk gene expression of each cell type at the supertype leve",/Users/pujatrivedi/Desktop/MIT/blended_ner_framework/data/papers/multiscale_spatial_transcriptomic/20260602T192339/chunks/chunk_005.txt
mouse,ORGANISM,abnormal dorsal striatum average cell area,http://purl.obolibrary.org/obo/MP_0020625,UPHENO,local,,chunk_005,671,676,llm_pass1,"g this, we computed the pseudobulk gene expression of each cell type at the supertype level for the mouse and at the group level for the human. Then we performed the Pearson correlation between the mouse a",/Users/pujatrivedi/Desktop/MIT/blended_ner_framework/data/papers/multiscale_spatial_transcriptomic/20260602T192339/chunks/chunk_005.txt
mouse,ORGANISM,abnormal dorsal striatum average cell area,http://purl.obolibrary.org/obo/MP_0020625,UPHENO,local,,chunk_005,769,774,llm_pass1,"e mouse and at the group level for the human. Then we performed the Pearson correlation between the mouse and human expression values. Through this approach, we identified the mouse homologs of the human D",/Users/pujatrivedi/Desktop/MIT/blended_ner_framework/data/papers/multiscale_spatial_transcriptomic/20260602T192339/chunks/chunk_005.txt
human,ORGANISM,reservosome matrix,http://purl.obolibrary.org/obo/GO_0106125,BERO,local,,chunk_005,867,872,llm_pass1,"e mouse and human expression values. Through this approach, we identified the mouse homologs of the human D1 Matrix and Striosome MSNs. Both Main Figure 7 Figure 1. Figure 2. Figure 3. Figure 4. Figur",/Users/pujatrivedi/Desktop/MIT/blended_ner_framework/data/papers/multiscale_spatial_transcriptomic/20260602T192339/chunks/chunk_005.txt
Striosome MSNs,NEURON_TYPE,figure,http://semanticscience.org/resource/SIO_000080,HHEARP,local,,chunk_005,887,901,llm_pass1,"pression values. Through this approach, we identified the mouse homologs of the human D1 Matrix and Striosome MSNs. Both Main Figure 7 Figure 1. Figure 2. Figure 3. Figure 4. Figure 5. Figure 6. Figure 7. F",/Users/pujatrivedi/Desktop/MIT/blended_ner_framework/data/papers/multiscale_spatial_transcriptomic/20260602T192339/chunks/chunk_005.txt
UCI BICAN Brain Bank,NeuroResource,brain bank,http://purl.jp/bio/4/id/200906009242673313,IOBC,local,,chunk_005,1390,1410,llm_masked_pass,"zabeth and Edwin Monuki, along with our UCI colleagues, for their contributions to establishing the UCI BICAN Brain Bank and supporting the collection of neurotypical human brain samples. This work was in part funded by",/Users/pujatrivedi/Desktop/MIT/blended_ner_framework/data/papers/multiscale_spatial_transcriptomic/20260602T192339/chunks/chunk_005.txt
human,ORGANISM,reservosome matrix,http://purl.obolibrary.org/obo/GO_0106125,BERO,local,,chunk_005,1457,1462,llm_pass1,ontributions to establishing the UCI BICAN Brain Bank and supporting the collection of neurotypical human brain samples. This work was in part funded by the NIH grant [UM1MH130994 Center for Multiomic Huma,/Users/pujatrivedi/Desktop/MIT/blended_ner_framework/data/papers/multiscale_spatial_transcriptomic/20260602T192339/chunks/chunk_005.txt
UM1MH130994 Center for Multiomic Human Brain Cell Atlas,GRANT,Center for cancer control and information services,http://purl.jp/bio/4/id/200906009348001756,IOBC,local,,chunk_005,1525,1580,llm_pass1,the collection of neurotypical human brain samples. This work was in part funded by the NIH grant [UM1MH130994 Center for Multiomic Human Brain Cell Atlas] and UC Irvine Center for Neural Circuit technology development funds. This publication was support,/Users/pujatrivedi/Desktop/MIT/blended_ner_framework/data/papers/multiscale_spatial_transcriptomic/20260602T192339/chunks/chunk_005.txt
Brain Initiative Cell Atlas Network,NeuroResource,gene network,http://purl.jp/bio/4/id/200906006760243650,IOBC,local,,chunk_005,1711,1746,llm_masked_pass,"al Circuit technology development funds. This publication was supported and coordinated through the Brain Initiative Cell Atlas Network (BICAN, RRID:SCR_022794). AUTHOR CONTRIBUTIONS Supplementary Materials Supplementary Movie 1. ME",/Users/pujatrivedi/Desktop/MIT/blended_ner_framework/data/papers/multiscale_spatial_transcriptomic/20260602T192339/chunks/chunk_005.txt
MERFISH+ spatial transcriptomics,SpatialTranscriptomicsTechnique,library preparation for spatial transcriptomics,http://www.ebi.ac.uk/efo/EFO_0700012,EFO,local,,chunk_005,1844,1876,llm_masked_pass,"rk (BICAN, RRID:SCR_022794). AUTHOR CONTRIBUTIONS Supplementary Materials Supplementary Movie 1. MERFISH+ spatial transcriptomics of a large human basal ganglia section visualized across scales. The movie depicts successively gre",/Users/pujatrivedi/Desktop/MIT/blended_ner_framework/data/papers/multiscale_spatial_transcriptomic/20260602T192339/chunks/chunk_005.txt
basal ganglia,BRAIN_REGION,basal ganglia disease,http://www.ebi.ac.uk/efo/EFO_0009533,EFO,local,,chunk_005,1894,1907,llm_pass1,Supplementary Materials Supplementary Movie 1. MERFISH+ spatial transcriptomics of a large human basal ganglia section visualized across scales. The movie depicts successively greater magnified views starting f,/Users/pujatrivedi/Desktop/MIT/blended_ner_framework/data/papers/multiscale_spatial_transcriptomic/20260602T192339/chunks/chunk_005.txt
RNA transcripts,MolecularEntity,RNA processing pathway,http://purl.obolibrary.org/obo/PW_0001567,PW,local,,chunk_005,2178,2193,llm_masked_pass,"e, revealing transcriptionally distinct cell types and local cellular neighborhoods, and individual RNA transcripts visualized at submicrometer precision (color-coded by gene identity). Table S1. Human brain sample",/Users/pujatrivedi/Desktop/MIT/blended_ner_framework/data/papers/multiscale_spatial_transcriptomic/20260602T192339/chunks/chunk_005.txt
submicrometer precision,ImagingResolution,precision grip,http://purl.jp/bio/4/id/201306082988346042,IOBC,local,,chunk_005,2208,2231,llm_masked_pass,"distinct cell types and local cellular neighborhoods, and individual RNA transcripts visualized at submicrometer precision (color-coded by gene identity). Table S1. Human brain sample information. Detailed information on",/Users/pujatrivedi/Desktop/MIT/blended_ner_framework/data/papers/multiscale_spatial_transcriptomic/20260602T192339/chunks/chunk_005.txt
Stereo-seq,SpatialTranscriptomicsTechnique,stereo fundus camera,http://purl.jp/bio/4/id/201606013852084525,IOBC,local,,chunk_005,2703,2713,llm_masked_pass,"ed to the MERFISH+ encoding probes, adaptor probes, and readout probes and the gene panel codebook. Stereo-seq Analysis Workflow STOmics RRID:SCR_025001 STAR http://code.google.com/p/rna-star/ RRID:SCR_004463 E",/Users/pujatrivedi/Desktop/MIT/blended_ner_framework/data/papers/multiscale_spatial_transcriptomic/20260602T192339/chunks/chunk_005.txt
Allen Institute for Brain Science,NeuroResource,Carney Institute for Brain Science,http://www.wikidata.org/entity/Q105753097,HHEARVS,local,,chunk_005,3187,3220,llm_masked_pass,TapeStation Laptop Agilent RRID:SCR_019547 Other 50mm x 64mm glass coverslips CellPath SAF-5064-02A Allen Institute for Brain Science http://www.brain-map.org RRID:SCR_006491 BRAIN Initiative Cell Atlas Network BRAIN Initiative Cell,/Users/pujatrivedi/Desktop/MIT/blended_ner_framework/data/papers/multiscale_spatial_transcriptomic/20260602T192339/chunks/chunk_005.txt
Brain Image Library (BIL),NeuroResource,brain image,http://purl.jp/bio/4/id/200906078912432918,IOBC,local,,chunk_005,3350,3375,llm_masked_pass,:SCR_006491 BRAIN Initiative Cell Atlas Network BRAIN Initiative Cell Atlas Network RRID:SCR_022794 Brain Image Library (BIL) Brain Image Library (BIL) RRID:SCR_017272 NeMOarchive Neuroscience Multi-omic Archive (NeMO Archive,/Users/pujatrivedi/Desktop/MIT/blended_ner_framework/data/papers/multiscale_spatial_transcriptomic/20260602T192339/chunks/chunk_005.txt
Neuroscience Multi-omic Archive (NeMO Archive),NeuroResource,Archive facility identification number:ID:Pt:Cancer.XXX:Nom,http://purl.bioontology.org/ontology/LNC/42106-5,LOINC,local,,chunk_005,3430,3476,llm_masked_pass,ork RRID:SCR_022794 Brain Image Library (BIL) Brain Image Library (BIL) RRID:SCR_017272 NeMOarchive Neuroscience Multi-omic Archive (NeMO Archive) RRID:SCR_016152 Echo Revolution microscope Discover Echo RRID: SCR_027699 MGI DNBSEQ-T7 Genetic Seq,/Users/pujatrivedi/Desktop/MIT/blended_ner_framework/data/papers/multiscale_spatial_transcriptomic/20260602T192339/chunks/chunk_005.txt
DAPI,NuclearStain,DAPI,http://stirdf.jst.go.jp/id/200907027652952300,IOBC,local,,chunk_005,4372,4376,llm_masked_pass,"Preparation of multi-centimeter tissue sections for Stereo-seq and MERFISH+ molecules; 405 nm for DAPI) at 0.4µm step size (25 frames per field of view/channel, total frames=100/field of view). After im",/Users/pujatrivedi/Desktop/MIT/blended_ner_framework/data/papers/multiscale_spatial_transcriptomic/20260602T192339/chunks/chunk_005.txt
nuclei-staining,HistologicalTechnique,mage-ml files,http://www.ebi.ac.uk/efo/swo/SWO_0000268,ERO,local,,chunk_005,4920,4935,llm_masked_pass,"e takes three files as an input: (1) paired-end FASTQ files, (2) mask file and (3) mosaic image of nuclei-staining. The first read in the fastq files contains coordinate ID (CID) -spatial location identifier barcod",/Users/pujatrivedi/Desktop/MIT/blended_ner_framework/data/papers/multiscale_spatial_transcriptomic/20260602T192339/chunks/chunk_005.txt
mRNA,MolecularEntity,mRNA expression variant,http://purl.obolibrary.org/obo/WBPhenotype_0000114,WB-PHENOTYPE,local,,chunk_005,5160,5164,llm_masked_pass,"to each DNA nano ball on the stereo-seq chip, and the Molecular ID (MID) -artificially synthesized mRNAspecific sequence that helps differentiate the number of reads contributed by mRNA expression level",/Users/pujatrivedi/Desktop/MIT/blended_ner_framework/data/papers/multiscale_spatial_transcriptomic/20260602T192339/chunks/chunk_005.txt
STAR aligner,BioinformaticsTool,mask aligner,http://purl.obolibrary.org/obo/ERO_0000851,ERO,local,,chunk_005,5807,5819,llm_masked_pass,ntains the actual sequence of the captured mRNA. These were aligned to a reference genome using the STAR aligner. The reference genome ‫ܥ‬: is the number of cells in sample i that does not belong to a cell type o,/Users/pujatrivedi/Desktop/MIT/blended_ner_framework/data/papers/multiscale_spatial_transcriptomic/20260602T192339/chunks/chunk_005.txt
striosome borders,BrainCompartmentBoundary,D2 Striosome MSN,http://purl.obolibrary.org/obo/CL_4030049,HRA,local,,chunk_005,6329,6346,llm_masked_pass,"ion test, as described above. Cell type organization and gene expression gradients with respect to striosome borders We first identified the contours for striosome borders from the spatial map of the brain section u",/Users/pujatrivedi/Desktop/MIT/blended_ner_framework/data/papers/multiscale_spatial_transcriptomic/20260602T192339/chunks/chunk_005.txt
striosome,BrainCompartment,D2 Striosome MSN,http://purl.obolibrary.org/obo/CL_4030049,HRA,local,,chunk_005,6385,6394,llm_masked_pass,d gene expression gradients with respect to striosome borders We first identified the contours for striosome borders from the spatial map of the brain section using the function findcontours from the Opencv p,/Users/pujatrivedi/Desktop/MIT/blended_ner_framework/data/papers/multiscale_spatial_transcriptomic/20260602T192339/chunks/chunk_005.txt
striosome compartment,BrainCompartment,anterior compartment syndrome,http://www.ebi.ac.uk/efo/EFO_1000808,EFO,local,,chunk_005,6664,6685,llm_masked_pass,nce of each cell from the contour of the nearest striosome. We set the distance of cells within the striosome compartment as positive and negative for those that are outside. Then we binned the distance into bins of size,/Users/pujatrivedi/Desktop/MIT/blended_ner_framework/data/papers/multiscale_spatial_transcriptomic/20260602T192339/chunks/chunk_005.txt
somatic transcripts,SubcellularTranscriptEntity,Somatic Spine,http://ontology.neuinfo.org/NIF/BiomaterialEntities/NIF-Subcellular.owl#sao2048514053,NIFSUBCELL,local,,chunk_005,7488,7507,llm_masked_pass,"gene expression on the distance of cells from the striosomes. Computing the volume of cells using somatic transcripts: To quantify the volume of a cell, we generated a tetrahedral mesh from the point cloud formed by",/Users/pujatrivedi/Desktop/MIT/blended_ner_framework/data/papers/multiscale_spatial_transcriptomic/20260602T192339/chunks/chunk_005.txt
neurons,CellType,forebrain generation of neurons,http://purl.obolibrary.org/obo/GO_0021872,PCL,local,,chunk_005,8343,8350,llm_masked_pass,rrounded by density transcript from nearby cells or their processes. Quantifying the projection of neurons using distribution of subcellular transcripts As the MERFISH imaging data is acquired on a field o,/Users/pujatrivedi/Desktop/MIT/blended_ner_framework/data/papers/multiscale_spatial_transcriptomic/20260602T192339/chunks/chunk_005.txt
subcellular transcripts,SubcellularTranscriptEntity,Distribution of Subcellular Neuronal Components,http://bmkeg.isi.edu/neuDIGs#Distribution_of_Subcellular_Neuronal_Components,NEUDIGS,local,,chunk_005,8373,8396,llm_masked_pass,"from nearby cells or their processes. Quantifying the projection of neurons using distribution of subcellular transcripts As the MERFISH imaging data is acquired on a field of view by field of view basis, the decoded tra",/Users/pujatrivedi/Desktop/MIT/blended_ner_framework/data/papers/multiscale_spatial_transcriptomic/20260602T192339/chunks/chunk_005.txt
neuron projection,NeuralProjection,arrested neuron projection morphogenesis,http://purl.obolibrary.org/obo/UPHENO_0019067,UPHENO,local,,chunk_005,8608,8625,llm_masked_pass,"rmation is organized separately for each FOV. For this reason, we performed the quantification of a neuron projection to a target region by aggregating the information within each FOV. For every gene in each FOV, we f",/Users/pujatrivedi/Desktop/MIT/blended_ner_framework/data/papers/multiscale_spatial_transcriptomic/20260602T192339/chunks/chunk_005.txt
STRd D1 Matrix,CellType,D1 protein,http://purl.jp/bio/4/id/200906055585066279,IOBC,local,,chunk_005,8951,8965,llm_masked_pass,"rmalized them across genes and all FOVs. Next, we computed the differential gene expression between STRd D1 Matrix and STRd D2 matrix MSNs. The differential expression was quantified as a difference-in-difference:",/Users/pujatrivedi/Desktop/MIT/blended_ner_framework/data/papers/multiscale_spatial_transcriptomic/20260602T192339/chunks/chunk_005.txt
STRd D2 matrix MSNs,CellType,Gene expression matrix,http://edamontology.org/data_3112,EDAM,local,,chunk_005,8970,8989,llm_masked_pass,"s genes and all FOVs. Next, we computed the differential gene expression between STRd D1 Matrix and STRd D2 matrix MSNs. The differential expression was quantified as a difference-in-difference: the deviation of STRd D1",/Users/pujatrivedi/Desktop/MIT/blended_ner_framework/data/papers/multiscale_spatial_transcriptomic/20260602T192339/chunks/chunk_005.txt
extracellular transcripts,SubcellularTranscriptEntity,gene expression involved in extracellular matrix organization,http://purl.obolibrary.org/obo/GO_1901148,UPHENO,local,,chunk_005,9326,9351,llm_masked_pass,"m that mean. Finally, we quantified the projection strength as the dot product between log count of extracellular transcripts and the differential gene expression scores. A Cell types -MERFISH+ 1 cm 1 cm STRd D1 Striosome ST",/Users/pujatrivedi/Desktop/MIT/blended_ner_framework/data/papers/multiscale_spatial_transcriptomic/20260602T192339/chunks/chunk_005.txt
STRd D1 Striosome,CellType,D1 protein,http://purl.jp/bio/4/id/200906055585066279,IOBC,local,,chunk_005,9431,9448,llm_masked_pass,cellular transcripts and the differential gene expression scores. A Cell types -MERFISH+ 1 cm 1 cm STRd D1 Striosome STRd D1 Matrix D1 MSN STRd D2 Striosome STRd D2 Matrix PDYN DRD1 DRD2 D2 MSN Cell types (snRNA-seq),/Users/pujatrivedi/Desktop/MIT/blended_ner_framework/data/papers/multiscale_spatial_transcriptomic/20260602T192339/chunks/chunk_005.txt
D1 MSN,CellType,cyclin D1 gene,http://purl.jp/bio/4/id/200906090035819911,IOBC,local,,chunk_005,9464,9470,llm_masked_pass,erential gene expression scores. A Cell types -MERFISH+ 1 cm 1 cm STRd D1 Striosome STRd D1 Matrix D1 MSN STRd D2 Striosome STRd D2 Matrix PDYN DRD1 DRD2 D2 MSN Cell types (snRNA-seq) Cell types (MERFISH+),/Users/pujatrivedi/Desktop/MIT/blended_ner_framework/data/papers/multiscale_spatial_transcriptomic/20260602T192339/chunks/chunk_005.txt
STRd D2 Striosome,CellType,D2 protein,http://purl.jp/bio/4/id/200906044288913670,IOBC,local,,chunk_005,9471,9488,llm_masked_pass,l gene expression scores. A Cell types -MERFISH+ 1 cm 1 cm STRd D1 Striosome STRd D1 Matrix D1 MSN STRd D2 Striosome STRd D2 Matrix PDYN DRD1 DRD2 D2 MSN Cell types (snRNA-seq) Cell types (MERFISH+) STR D1D2 Hybrid S,/Users/pujatrivedi/Desktop/MIT/blended_ner_framework/data/papers/multiscale_spatial_transcriptomic/20260602T192339/chunks/chunk_005.txt
STRd D2 Matrix,CellType,D2 protein,http://purl.jp/bio/4/id/200906044288913670,IOBC,local,,chunk_005,9489,9503,llm_masked_pass,scores. A Cell types -MERFISH+ 1 cm 1 cm STRd D1 Striosome STRd D1 Matrix D1 MSN STRd D2 Striosome STRd D2 Matrix PDYN DRD1 DRD2 D2 MSN Cell types (snRNA-seq) Cell types (MERFISH+) STR D1D2 Hybrid STRv D1 NUDAP 1,/Users/pujatrivedi/Desktop/MIT/blended_ner_framework/data/papers/multiscale_spatial_transcriptomic/20260602T192339/chunks/chunk_005.txt
PDYN,Gene,D1 protein,http://purl.jp/bio/4/id/200906055585066279,IOBC,local,,chunk_005,9504,9508,llm_masked_pass,types -MERFISH+ 1 cm 1 cm STRd D1 Striosome STRd D1 Matrix D1 MSN STRd D2 Striosome STRd D2 Matrix PDYN DRD1 DRD2 D2 MSN Cell types (snRNA-seq) Cell types (MERFISH+) STR D1D2 Hybrid STRv D1 NUDAP 1 STRd,/Users/pujatrivedi/Desktop/MIT/blended_ner_framework/data/papers/multiscale_spatial_transcriptomic/20260602T192339/chunks/chunk_005.txt
DRD1,Gene,DRD1 gene,http://www.drugtargetontology.org/dto/DTO_02200081,DTO,local,,chunk_005,9509,9513,llm_masked_pass,s -MERFISH+ 1 cm 1 cm STRd D1 Striosome STRd D1 Matrix D1 MSN STRd D2 Striosome STRd D2 Matrix PDYN DRD1 DRD2 D2 MSN Cell types (snRNA-seq) Cell types (MERFISH+) STR D1D2 Hybrid STRv D1 NUDAP 1 STRd D2 Hy,/Users/pujatrivedi/Desktop/MIT/blended_ner_framework/data/papers/multiscale_spatial_transcriptomic/20260602T192339/chunks/chunk_005.txt
DRD2,Gene,DRD2 gene c.-585A>G,http://purl.bioontology.org/ontology/LNC/LP417573-5,LOINC,local,,chunk_005,9514,9518,llm_masked_pass,RFISH+ 1 cm 1 cm STRd D1 Striosome STRd D1 Matrix D1 MSN STRd D2 Striosome STRd D2 Matrix PDYN DRD1 DRD2 D2 MSN Cell types (snRNA-seq) Cell types (MERFISH+) STR D1D2 Hybrid STRv D1 NUDAP 1 STRd D2 Hybrid,/Users/pujatrivedi/Desktop/MIT/blended_ner_framework/data/papers/multiscale_spatial_transcriptomic/20260602T192339/chunks/chunk_005.txt
D2 MSN,CellType,D2 protein,http://purl.jp/bio/4/id/200906044288913670,IOBC,local,,chunk_005,9519,9525,llm_masked_pass,+ 1 cm 1 cm STRd D1 Striosome STRd D1 Matrix D1 MSN STRd D2 Striosome STRd D2 Matrix PDYN DRD1 DRD2 D2 MSN Cell types (snRNA-seq) Cell types (MERFISH+) STR D1D2 Hybrid STRv D1 NUDAP 1 STRd D2 Hybrid 2 mm 0.,/Users/pujatrivedi/Desktop/MIT/blended_ner_framework/data/papers/multiscale_spatial_transcriptomic/20260602T192339/chunks/chunk_005.txt
snRNA-seq,TranscriptomicsTechnique,increased mature snRNA level,http://purl.obolibrary.org/obo/FYPO_0004206,UPHENO,local,,chunk_005,9538,9547,llm_masked_pass,Striosome STRd D1 Matrix D1 MSN STRd D2 Striosome STRd D2 Matrix PDYN DRD1 DRD2 D2 MSN Cell types (snRNA-seq) Cell types (MERFISH+) STR D1D2 Hybrid STRv D1 NUDAP 1 STRd D2 Hybrid 2 mm 0.5 mm 150 m 10 m B C D,/Users/pujatrivedi/Desktop/MIT/blended_ner_framework/data/papers/multiscale_spatial_transcriptomic/20260602T192339/chunks/chunk_005.txt
STR D1D2 Hybrid,CellType,STR D2 Gaba_5 indirect pathway medium spiny neuron (Mmus),http://purl.obolibrary.org/obo/PCL_0110848,PCL,local,,chunk_005,9571,9586,llm_masked_pass,STRd D2 Striosome STRd D2 Matrix PDYN DRD1 DRD2 D2 MSN Cell types (snRNA-seq) Cell types (MERFISH+) STR D1D2 Hybrid STRv D1 NUDAP 1 STRd D2 Hybrid 2 mm 0.5 mm 150 m 10 m B C D E F G H I K 0.5 cm 1 cm GPi Core GPi Sh,/Users/pujatrivedi/Desktop/MIT/blended_ner_framework/data/papers/multiscale_spatial_transcriptomic/20260602T192339/chunks/chunk_005.txt
STRv D1 NUDAP,CellType,STRv D1 MSN,http://purl.obolibrary.org/obo/CL_4030051,HRA,local,,chunk_005,9587,9600,llm_masked_pass,e STRd D2 Matrix PDYN DRD1 DRD2 D2 MSN Cell types (snRNA-seq) Cell types (MERFISH+) STR D1D2 Hybrid STRv D1 NUDAP 1 STRd D2 Hybrid 2 mm 0.5 mm 150 m 10 m B C D E F G H I K 0.5 cm 1 cm GPi Core GPi Shell 1 cm J 1 c,/Users/pujatrivedi/Desktop/MIT/blended_ner_framework/data/papers/multiscale_spatial_transcriptomic/20260602T192339/chunks/chunk_005.txt
STRd D2 Hybrid,CellType,intergeneric hybrid,http://purl.jp/bio/4/id/200906041920464810,IOBC,local,,chunk_005,9603,9617,llm_masked_pass,PDYN DRD1 DRD2 D2 MSN Cell types (snRNA-seq) Cell types (MERFISH+) STR D1D2 Hybrid STRv D1 NUDAP 1 STRd D2 Hybrid 2 mm 0.5 mm 150 m 10 m B C D E F G H I K 0.5 cm 1 cm GPi Core GPi Shell 1 cm J 1 cm 0.5 cm 1 cm GPe,/Users/pujatrivedi/Desktop/MIT/blended_ner_framework/data/papers/multiscale_spatial_transcriptomic/20260602T192339/chunks/chunk_005.txt
GPi Core,BrainSubdivision,GPI anchor release,http://purl.org/obo/owl/GO#GO_0006507,BIOMODELS,local,,chunk_005,9671,9679,llm_masked_pass,STR D1D2 Hybrid STRv D1 NUDAP 1 STRd D2 Hybrid 2 mm 0.5 mm 150 m 10 m B C D E F G H I K 0.5 cm 1 cm GPi Core GPi Shell 1 cm J 1 cm 0.5 cm 1 cm GPe SOX6-CTXND1 CN LHX6-GBX1 1 cm 0 100 80 60 40 20 Percent (%) M,/Users/pujatrivedi/Desktop/MIT/blended_ner_framework/data/papers/multiscale_spatial_transcriptomic/20260602T192339/chunks/chunk_005.txt
GPi Shell,BrainSubdivision,GPI anchor release,http://purl.org/obo/owl/GO#GO_0006507,BIOMODELS,local,,chunk_005,9680,9689,llm_masked_pass,Hybrid STRv D1 NUDAP 1 STRd D2 Hybrid 2 mm 0.5 mm 150 m 10 m B C D E F G H I K 0.5 cm 1 cm GPi Core GPi Shell 1 cm J 1 cm 0.5 cm 1 cm GPe SOX6-CTXND1 CN LHX6-GBX1 1 cm 0 100 80 60 40 20 Percent (%) M Dopa CN G,/Users/pujatrivedi/Desktop/MIT/blended_ner_framework/data/papers/multiscale_spatial_transcriptomic/20260602T192339/chunks/chunk_005.txt
GPe SOX6-CTXND1,CellType,15 cm dish,http://www.bioassayontology.org/bao#BAO_0010017,BAO,local,,chunk_005,9714,9729,llm_masked_pass,rid 2 mm 0.5 mm 150 m 10 m B C D E F G H I K 0.5 cm 1 cm GPi Core GPi Shell 1 cm J 1 cm 0.5 cm 1 cm GPe SOX6-CTXND1 CN LHX6-GBX1 1 cm 0 100 80 60 40 20 Percent (%) M Dopa CN GABA-Glut CN CGE GABA F M GABA Cx GABA Im,/Users/pujatrivedi/Desktop/MIT/blended_ner_framework/data/papers/multiscale_spatial_transcriptomic/20260602T192339/chunks/chunk_005.txt
CN LHX6-GBX1,CellType,CN,http://purl.obolibrary.org/obo/OLAS_2161968,OLAS,local,,chunk_005,9730,9742,llm_masked_pass,150 m 10 m B C D E F G H I K 0.5 cm 1 cm GPi Core GPi Shell 1 cm J 1 cm 0.5 cm 1 cm GPe SOX6-CTXND1 CN LHX6-GBX1 1 cm 0 100 80 60 40 20 Percent (%) M Dopa CN GABA-Glut CN CGE GABA F M GABA Cx GABA Immune Vascular,/Users/pujatrivedi/Desktop/MIT/blended_ner_framework/data/papers/multiscale_spatial_transcriptomic/20260602T192339/chunks/chunk_005.txt
Dopa CN,CellType,CN,http://purl.obolibrary.org/obo/OLAS_2161968,OLAS,local,,chunk_005,9780,9787,llm_masked_pass,GPi Shell 1 cm J 1 cm 0.5 cm 1 cm GPe SOX6-CTXND1 CN LHX6-GBX1 1 cm 0 100 80 60 40 20 Percent (%) M Dopa CN GABA-Glut CN CGE GABA F M GABA Cx GABA Immune Vascular Astro-Epen OPC-Oligo CN MGE GABA CN LGE GABA,/Users/pujatrivedi/Desktop/MIT/blended_ner_framework/data/papers/multiscale_spatial_transcriptomic/20260602T192339/chunks/chunk_005.txt
GABA-Glut CN,CellType,CN,http://purl.obolibrary.org/obo/OLAS_2161968,OLAS,local,,chunk_005,9788,9800,llm_masked_pass,l 1 cm J 1 cm 0.5 cm 1 cm GPe SOX6-CTXND1 CN LHX6-GBX1 1 cm 0 100 80 60 40 20 Percent (%) M Dopa CN GABA-Glut CN CGE GABA F M GABA Cx GABA Immune Vascular Astro-Epen OPC-Oligo CN MGE GABA CN LGE GABA F M Glut Maj,/Users/pujatrivedi/Desktop/MIT/blended_ner_framework/data/papers/multiscale_spatial_transcriptomic/20260602T192339/chunks/chunk_005.txt
CGE GABA,CellType,GABA Plasma Membrane Transport Proteins,http://purl.jp/bio/4/id/200906011294245853,IOBC,local,,chunk_005,9801,9809,llm_masked_pass,0.5 cm 1 cm GPe SOX6-CTXND1 CN LHX6-GBX1 1 cm 0 100 80 60 40 20 Percent (%) M Dopa CN GABA-Glut CN CGE GABA F M GABA Cx GABA Immune Vascular Astro-Epen OPC-Oligo CN MGE GABA CN LGE GABA F M Glut Major cell c,/Users/pujatrivedi/Desktop/MIT/blended_ner_framework/data/papers/multiscale_spatial_transcriptomic/20260602T192339/chunks/chunk_005.txt
F M GABA,CellType,GABA Plasma Membrane Transport Proteins,http://purl.jp/bio/4/id/200906011294245853,IOBC,local,,chunk_005,9810,9818,llm_masked_pass,cm GPe SOX6-CTXND1 CN LHX6-GBX1 1 cm 0 100 80 60 40 20 Percent (%) M Dopa CN GABA-Glut CN CGE GABA F M GABA Cx GABA Immune Vascular Astro-Epen OPC-Oligo CN MGE GABA CN LGE GABA F M Glut Major cell classes 10,/Users/pujatrivedi/Desktop/MIT/blended_ner_framework/data/papers/multiscale_spatial_transcriptomic/20260602T192339/chunks/chunk_005.txt
Cx GABA,CellType,GABA Plasma Membrane Transport Proteins,http://purl.jp/bio/4/id/200906011294245853,IOBC,local,,chunk_005,9819,9826,llm_masked_pass,OX6-CTXND1 CN LHX6-GBX1 1 cm 0 100 80 60 40 20 Percent (%) M Dopa CN GABA-Glut CN CGE GABA F M GABA Cx GABA Immune Vascular Astro-Epen OPC-Oligo CN MGE GABA CN LGE GABA F M Glut Major cell classes 100 80 60,/Users/pujatrivedi/Desktop/MIT/blended_ner_framework/data/papers/multiscale_spatial_transcriptomic/20260602T192339/chunks/chunk_005.txt
Astro-Epen,CellClass,GABA Plasma Membrane Transport Proteins,http://purl.jp/bio/4/id/200906011294245853,IOBC,local,,chunk_005,9843,9853,llm_masked_pass,1 cm 0 100 80 60 40 20 Percent (%) M Dopa CN GABA-Glut CN CGE GABA F M GABA Cx GABA Immune Vascular Astro-Epen OPC-Oligo CN MGE GABA CN LGE GABA F M Glut Major cell classes 100 80 60 40 20 Percent (%) STRd D2 H,/Users/pujatrivedi/Desktop/MIT/blended_ner_framework/data/papers/multiscale_spatial_transcriptomic/20260602T192339/chunks/chunk_005.txt
OPC-Oligo,CellClass,GABA Plasma Membrane Transport Proteins,http://purl.jp/bio/4/id/200906011294245853,IOBC,local,,chunk_005,9854,9863,llm_masked_pass,80 60 40 20 Percent (%) M Dopa CN GABA-Glut CN CGE GABA F M GABA Cx GABA Immune Vascular Astro-Epen OPC-Oligo CN MGE GABA CN LGE GABA F M Glut Major cell classes 100 80 60 40 20 Percent (%) STRd D2 Hybrid STRv,/Users/pujatrivedi/Desktop/MIT/blended_ner_framework/data/papers/multiscale_spatial_transcriptomic/20260602T192339/chunks/chunk_005.txt
CN MGE GABA,CellType,GABA Plasma Membrane Transport Proteins,http://purl.jp/bio/4/id/200906011294245853,IOBC,local,,chunk_005,9864,9875,llm_masked_pass,0 Percent (%) M Dopa CN GABA-Glut CN CGE GABA F M GABA Cx GABA Immune Vascular Astro-Epen OPC-Oligo CN MGE GABA CN LGE GABA F M Glut Major cell classes 100 80 60 40 20 Percent (%) STRd D2 Hybrid STRv D1 NUDAP ST,/Users/pujatrivedi/Desktop/MIT/blended_ner_framework/data/papers/multiscale_spatial_transcriptomic/20260602T192339/chunks/chunk_005.txt
CN LGE GABA,CellType,GABA Plasma Membrane Transport Proteins,http://purl.jp/bio/4/id/200906011294245853,IOBC,local,,chunk_005,9876,9887,llm_masked_pass,) M Dopa CN GABA-Glut CN CGE GABA F M GABA Cx GABA Immune Vascular Astro-Epen OPC-Oligo CN MGE GABA CN LGE GABA F M Glut Major cell classes 100 80 60 40 20 Percent (%) STRd D2 Hybrid STRv D1 NUDAP STRv D1 STR D1,/Users/pujatrivedi/Desktop/MIT/blended_ner_framework/data/papers/multiscale_spatial_transcriptomic/20260602T192339/chunks/chunk_005.txt
STRv D1,CellType,D1 protein,http://purl.jp/bio/4/id/200906055585066279,IOBC,local,,chunk_005,9959,9966,llm_masked_pass,ligo CN MGE GABA CN LGE GABA F M Glut Major cell classes 100 80 60 40 20 Percent (%) STRd D2 Hybrid STRv D1 NUDAP STRv D1 STR D1D2 Hybrid STRv D2 STRd D1 Striosome STRd D1 Matrix STRd D2 Matrix STRd D2 Strio,/Users/pujatrivedi/Desktop/MIT/blended_ner_framework/data/papers/multiscale_spatial_transcriptomic/20260602T192339/chunks/chunk_005.txt
STRv D2,CellType,D2 protein,http://purl.jp/bio/4/id/200906044288913670,IOBC,local,,chunk_005,9997,10004,llm_masked_pass,Major cell classes 100 80 60 40 20 Percent (%) STRd D2 Hybrid STRv D1 NUDAP STRv D1 STR D1D2 Hybrid STRv D2 STRd D1 Striosome STRd D1 Matrix STRd D2 Matrix STRd D2 Striosome MSN cell proportions 100 80 60 40,/Users/pujatrivedi/Desktop/MIT/blended_ner_framework/data/papers/multiscale_spatial_transcriptomic/20260602T192339/chunks/chunk_005.txt
GPe MEIS2-SOX6,CellType,Xanthomonas albilineans GPE PC73,http://purl.obolibrary.org/obo/NCBITaxon_380358,PLANTSO,local,,chunk_005,10150,10164,llm_masked_pass,ix STRd D2 Striosome MSN cell proportions 100 80 60 40 20 Percent (%) AP26 AP34 ALL GPe SOX6-CTXND1 GPe MEIS2-SOX6 CN LHX6-GBX1 GPin-BF Chol GPi Core GPi Shell GP cell proportions 60 Transcriptomic cell types All c,/Users/pujatrivedi/Desktop/MIT/blended_ner_framework/data/papers/multiscale_spatial_transcriptomic/20260602T192339/chunks/chunk_005.txt
GPin-BF Chol,CellType,Xanthomonas albilineans GPE PC73,http://purl.obolibrary.org/obo/NCBITaxon_380358,PLANTSO,local,,chunk_005,10178,10190,llm_masked_pass,l proportions 100 80 60 40 20 Percent (%) AP26 AP34 ALL GPe SOX6-CTXND1 GPe MEIS2-SOX6 CN LHX6-GBX1 GPin-BF Chol GPi Core GPi Shell GP cell proportions 60 Transcriptomic cell types All cell types Oligo OPALIN STR,/Users/pujatrivedi/Desktop/MIT/blended_ner_framework/data/papers/multiscale_spatial_transcriptomic/20260602T192339/chunks/chunk_005.txt
Oligo OPALIN,CellType,NS forest marker set of Oligo OPALIN LOC103790018 M1 (Marmoset).,http://purl.obolibrary.org/obo/PCL_0020583,PCL,local,,chunk_005,10274,10286,llm_masked_pass,BX1 GPin-BF Chol GPi Core GPi Shell GP cell proportions 60 Transcriptomic cell types All cell types Oligo OPALIN STRd D1 Striosome Oligo PLEKHG1 STRd D1 Matrix GPe MEIS2-SOX6 STRd D2 Striosome GPe SOX6-CTXND1 STR,/Users/pujatrivedi/Desktop/MIT/blended_ner_framework/data/papers/multiscale_spatial_transcriptomic/20260602T192339/chunks/chunk_005.txt
Oligo PLEKHG1,CellType,Oligo L1-6 OPALIN middle temporal gyrus oligodendrocyte (Hsap),http://purl.obolibrary.org/obo/PCL_0023073,PCL,local,,chunk_005,10305,10318,llm_masked_pass,hell GP cell proportions 60 Transcriptomic cell types All cell types Oligo OPALIN STRd D1 Striosome Oligo PLEKHG1 STRd D1 Matrix GPe MEIS2-SOX6 STRd D2 Striosome GPe SOX6-CTXND1 STRd D2 Matrix CN LHX6-GBX1 STRv D2,/Users/pujatrivedi/Desktop/MIT/blended_ner_framework/data/papers/multiscale_spatial_transcriptomic/20260602T192339/chunks/chunk_005.txt
OPC,CellType,OPC loss,http://scai.fraunhofer.de/MSOntology#OPC_loss,MSO,local,,chunk_005,10504,10507,llm_masked_pass,6-GBX1 STRv D2 GPin-BF Chol STRd D2 Hybrid GPi Core STRv D1 NUDAP GPi Shell STR D1D2 Hybrid STRv D1 OPC...... 1 2 3 4 1 2 3 4 2.5 mm AP18 AP19 AP26 AP34 ALL AP18 AP19 AP26 AP34 ALL Pearsons correlation c,/Users/pujatrivedi/Desktop/MIT/blended_ner_framework/data/papers/multiscale_spatial_transcriptomic/20260602T192339/chunks/chunk_005.txt
Ca,BrainRegionAbbreviation,globus pallidus degeneration,http://purl.obolibrary.org/obo/UPHENO_0074034,UPHENO,local,,chunk_005,10634,10636,llm_masked_pass,mm AP18 AP19 AP26 AP34 ALL AP18 AP19 AP26 AP34 ALL Pearsons correlation coefficient 0.0 0.2 0.4 0.6 Ca Pu NAc Ca Pu NAc Ca Pu Ca Pu GPe GPe GPi GPi STRd D1 Matrix STRd D2 Matrix STR D1D2 Hybrid STRd D1,/Users/pujatrivedi/Desktop/MIT/blended_ner_framework/data/papers/multiscale_spatial_transcriptomic/20260602T192339/chunks/chunk_005.txt
Pu,BrainRegionAbbreviation,Pu (fruit fly),http://purl.obolibrary.org/obo/FlyBase_FBgn0003162,PR,local,,chunk_005,10637,10639,llm_masked_pass,AP18 AP19 AP26 AP34 ALL AP18 AP19 AP26 AP34 ALL Pearsons correlation coefficient 0.0 0.2 0.4 0.6 Ca Pu NAc Ca Pu NAc Ca Pu Ca Pu GPe GPe GPi GPi STRd D1 Matrix STRd D2 Matrix STR D1D2 Hybrid STRd D1 Str,/Users/pujatrivedi/Desktop/MIT/blended_ner_framework/data/papers/multiscale_spatial_transcriptomic/20260602T192339/chunks/chunk_005.txt
NAc,BrainRegionAbbreviation,Abnormal globus pallidus morphology,http://purl.obolibrary.org/obo/HP_0002453,UPHENO,local,,chunk_005,10640,10643,llm_masked_pass,8 AP19 AP26 AP34 ALL AP18 AP19 AP26 AP34 ALL Pearsons correlation coefficient 0.0 0.2 0.4 0.6 Ca Pu NAc Ca Pu NAc Ca Pu Ca Pu GPe GPe GPi GPi STRd D1 Matrix STRd D2 Matrix STR D1D2 Hybrid STRd D1 Strioso,/Users/pujatrivedi/Desktop/MIT/blended_ner_framework/data/papers/multiscale_spatial_transcriptomic/20260602T192339/chunks/chunk_005.txt
basal ganglia,BrainRegion,basal ganglia disease,http://www.ebi.ac.uk/efo/EFO_0009533,EFO,local,,chunk_005,10827,10840,llm_masked_pass,STRd D1 Striosome Main Figure 2 Main Figure 6 Figure S1. Figure S4. Figure S5. Figure S8. The basal ganglia Curr Biol Segregated basal ganglia output pathways correspond to genetically divergent neuronal s,/Users/pujatrivedi/Desktop/MIT/blended_ner_framework/data/papers/multiscale_spatial_transcriptomic/20260602T192339/chunks/chunk_005.txt
basal ganglia output pathways,NeuralCircuit,basal ganglia diseases,http://sbmi.uth.tmc.edu/ontology/ochv#1717,OCHV,local,,chunk_005,10864,10893,llm_masked_pass,Figure 6 Figure S1. Figure S4. Figure S5. Figure S8. The basal ganglia Curr Biol Segregated basal ganglia output pathways correspond to genetically divergent neuronal subclasses Cell Rep Functional neuroanatomy of the b,/Users/pujatrivedi/Desktop/MIT/blended_ner_framework/data/papers/multiscale_spatial_transcriptomic/20260602T192339/chunks/chunk_005.txt
neuronal subclasses,CellClass,Neuronal loss in basal ganglia,http://purl.obolibrary.org/obo/HP_0200147,HP,local,,chunk_005,10930,10949,llm_masked_pass,al ganglia Curr Biol Segregated basal ganglia output pathways correspond to genetically divergent neuronal subclasses Cell Rep Functional neuroanatomy of the basal ganglia. Cold Spring Harb Perspect Med 2 Transcrip,/Users/pujatrivedi/Desktop/MIT/blended_ner_framework/data/papers/multiscale_spatial_transcriptomic/20260602T192339/chunks/chunk_005.txt
medium spiny neurons,CellType,Excitotoxicity Damage of Striatum Medium Spiny Neurons in Huntington Disease,urn:agi-pathway:uuid-eb0af87d-5e76-4826-9444-ee515e97051b,BPT,local,,chunk_005,11084,11104,llm_masked_pass,of the basal ganglia. Cold Spring Harb Perspect Med 2 Transcriptional and anatomical diversity of medium spiny neurons in the primate striatum Curr Biol A marmoset brain cell census reveals regional specialization of,/Users/pujatrivedi/Desktop/MIT/blended_ner_framework/data/papers/multiscale_spatial_transcriptomic/20260602T192339/chunks/chunk_005.txt
primate striatum,BrainRegion,Excitotoxicity Damage of Striatum Medium Spiny Neurons in Huntington Disease,urn:agi-pathway:uuid-eb0af87d-5e76-4826-9444-ee515e97051b,BPT,local,,chunk_005,11112,11128,llm_masked_pass,Spring Harb Perspect Med 2 Transcriptional and anatomical diversity of medium spiny neurons in the primate striatum Curr Biol A marmoset brain cell census reveals regional specialization of cellular identities Sc,/Users/pujatrivedi/Desktop/MIT/blended_ner_framework/data/papers/multiscale_spatial_transcriptomic/20260602T192339/chunks/chunk_005.txt
marmoset brain,BrainAnatomy,absent regional part of brain in the brain,http://purl.obolibrary.org/obo/UPHENO_0026424,UPHENO,local,,chunk_005,11143,11157,llm_masked_pass,nscriptional and anatomical diversity of medium spiny neurons in the primate striatum Curr Biol A marmoset brain cell census reveals regional specialization of cellular identities Sci Adv Direct and indirect pa,/Users/pujatrivedi/Desktop/MIT/blended_ner_framework/data/papers/multiscale_spatial_transcriptomic/20260602T192339/chunks/chunk_005.txt
Direct and indirect pathways of basal ganglia,NeuralCircuit,basal ganglia disease,http://www.ebi.ac.uk/efo/EFO_0009533,EFO,local,,chunk_005,11235,11280,llm_masked_pass,Biol A marmoset brain cell census reveals regional specialization of cellular identities Sci Adv Direct and indirect pathways of basal ganglia: a critical reappraisal Nat Neurosci Basal ganglia: Uniting circuit logic between matrix and stri,/Users/pujatrivedi/Desktop/MIT/blended_ner_framework/data/papers/multiscale_spatial_transcriptomic/20260602T192339/chunks/chunk_005.txt
matrix and striosome,BrainCompartments,s1103. Basal ganglia and related structures,http://who.int/icf#s1103,ICF,local,,chunk_005,11365,11385,llm_masked_pass,f basal ganglia: a critical reappraisal Nat Neurosci Basal ganglia: Uniting circuit logic between matrix and striosome Curr Biol Striosomes control dopamine via dual pathways paralleling canonical basal ganglia circu,/Users/pujatrivedi/Desktop/MIT/blended_ner_framework/data/papers/multiscale_spatial_transcriptomic/20260602T192339/chunks/chunk_005.txt
Striosomes,BrainCompartment,basal ganglia diseases,http://sbmi.uth.tmc.edu/ontology/ochv#1717,OCHV,local,,chunk_005,11398,11408,llm_masked_pass,raisal Nat Neurosci Basal ganglia: Uniting circuit logic between matrix and striosome Curr Biol Striosomes control dopamine via dual pathways paralleling canonical basal ganglia circuits Curr Biol Transcr,/Users/pujatrivedi/Desktop/MIT/blended_ner_framework/data/papers/multiscale_spatial_transcriptomic/20260602T192339/chunks/chunk_005.txt
dopamine,Neurotransmitter,basal ganglia diseases,http://sbmi.uth.tmc.edu/ontology/ochv#1717,OCHV,local,,chunk_005,11417,11425,llm_masked_pass,i Basal ganglia: Uniting circuit logic between matrix and striosome Curr Biol Striosomes control dopamine via dual pathways paralleling canonical basal ganglia circuits Curr Biol Transcriptomic diversity,/Users/pujatrivedi/Desktop/MIT/blended_ner_framework/data/papers/multiscale_spatial_transcriptomic/20260602T192339/chunks/chunk_005.txt
adult human brain,BrainAnatomy,Adult Brain Neoplasm,http://purl.obolibrary.org/obo/NCIT_C7710,OMCO,local,,chunk_005,11551,11568,llm_masked_pass,ling canonical basal ganglia circuits Curr Biol Transcriptomic diversity of cell types across the adult human brain Science A high-resolution transcriptomic and spatial atlas of cell types in the whole mouse brain,/Users/pujatrivedi/Desktop/MIT/blended_ner_framework/data/papers/multiscale_spatial_transcriptomic/20260602T192339/chunks/chunk_005.txt
whole mouse brain,BrainAnatomy,brain cancer,http://purl.obolibrary.org/obo/DOID_1319,ODAE,local,,chunk_005,11651,11668,llm_masked_pass,adult human brain Science A high-resolution transcriptomic and spatial atlas of cell types in the whole mouse brain Nature Interneuron diversity in the human dorsal striatum Nat Commun Cell-Type-Specific Control,/Users/pujatrivedi/Desktop/MIT/blended_ner_framework/data/papers/multiscale_spatial_transcriptomic/20260602T192339/chunks/chunk_005.txt
human dorsal striatum,BrainRegion,Striatum dorsal region,http://api.brain-map.org/api/v2/data/Structure/485,NPOKB,local,,chunk_005,11707,11728,llm_masked_pass,omic and spatial atlas of cell types in the whole mouse brain Nature Interneuron diversity in the human dorsal striatum Nat Commun Cell-Type-Specific Control of Brainstem Locomotor Circuits by Basal Ganglia Cell The,/Users/pujatrivedi/Desktop/MIT/blended_ner_framework/data/papers/multiscale_spatial_transcriptomic/20260602T192339/chunks/chunk_005.txt
Brainstem Locomotor Circuits,NeuralCircuit,Brainstem vertigo,http://purl.jp/bio/4/id/200906020730182241,IOBC,local,,chunk_005,11772,11800,llm_masked_pass,"ture Interneuron diversity in the human dorsal striatum Nat Commun Cell-Type-Specific Control of Brainstem Locomotor Circuits by Basal Ganglia Cell The Molecular, Cellular, and Systems-Level Structure of the Basal Ganglia",/Users/pujatrivedi/Desktop/MIT/blended_ner_framework/data/papers/multiscale_spatial_transcriptomic/20260602T192339/chunks/chunk_005.txt
external globus pallidus,BrainRegion,Lateral globus pallidus,http://purl.org/sig/ont/fma/fma61839,FMA,local,,chunk_005,12347,12371,llm_masked_pass,of individuals with Tourette syndrome Proc Natl Acad Sci U S A Cell and circuit complexity of the external globus pallidus Nat Neurosci Transcriptional Networks Controlled by NKX2-1 in the Development of Forebrain GABAer,/Users/pujatrivedi/Desktop/MIT/blended_ner_framework/data/papers/multiscale_spatial_transcriptomic/20260602T192339/chunks/chunk_005.txt
dorsal striatum,BrainRegion,Dorsal striatum,http://purl.org/sig/ont/fma/fma77620,FMA,local,,chunk_005,12618,12633,llm_masked_pass,ecializations among the Cells of the Adult Mouse Brain Cell External globus pallidus input to the dorsal striatum regulates habitual seeking behavior in male mice Nat Commun On the Role of Arkypallidal and Proto,/Users/pujatrivedi/Desktop/MIT/blended_ner_framework/data/papers/multiscale_spatial_transcriptomic/20260602T192339/chunks/chunk_005.txt
Arkypallidal and Prototypical Neurons,CellType,forebrain generation of neurons,http://purl.obolibrary.org/obo/GO_0021872,OFL,local,,chunk_005,12711,12748,llm_masked_pass,to the dorsal striatum regulates habitual seeking behavior in male mice Nat Commun On the Role of Arkypallidal and Prototypical Neurons for Phase Transitions in the External Pallidum J Neurosci Spatial Transcriptomics and In Situ Seq,/Users/pujatrivedi/Desktop/MIT/blended_ner_framework/data/papers/multiscale_spatial_transcriptomic/20260602T192339/chunks/chunk_005.txt
External Pallidum,BrainRegion,Melanoma in situ of ear and external auricular canal,http://purl.bioontology.org/ontology/RCTV2/B828200,RCTV2,local,,chunk_005,12778,12795,llm_masked_pass,mice Nat Commun On the Role of Arkypallidal and Prototypical Neurons for Phase Transitions in the External Pallidum J Neurosci Spatial Transcriptomics and In Situ Sequencing to Study Alzheimer's Disease Single-ce,/Users/pujatrivedi/Desktop/MIT/blended_ner_framework/data/papers/multiscale_spatial_transcriptomic/20260602T192339/chunks/chunk_005.txt
Alzheimer's Disease,Disease,Alzheimer disease 18,http://purl.obolibrary.org/obo/MONDO_0014265,DOVES,local,,chunk_005,12865,12884,llm_masked_pass,tions in the External Pallidum J Neurosci Spatial Transcriptomics and In Situ Sequencing to Study Alzheimer's Disease Single-cell and spatial transcriptomics: deciphering brain complexity in health and disease Nat R,/Users/pujatrivedi/Desktop/MIT/blended_ner_framework/data/papers/multiscale_spatial_transcriptomic/20260602T192339/chunks/chunk_005.txt
Mammalian Brain,BrainAnatomy,"brain spatial pattern, abnormal",http://purl.obolibrary.org/obo/ZP_0014967,UPHENO,local,,chunk_005,13111,13126,llm_masked_pass,architecture using spatial transcriptomics Nature Spatial Transcriptomics: Molecular Maps of the Mammalian Brain Annu Rev Neurosci Sequencing-free whole-genome spatial transcriptomics at single-molecule resolut,/Users/pujatrivedi/Desktop/MIT/blended_ner_framework/data/papers/multiscale_spatial_transcriptomic/20260602T192339/chunks/chunk_005.txt
macaque claustrum,BrainRegion,"claustrum bone absence of anatomical entity, abnormal",http://purl.obolibrary.org/obo/ZP_0146942,UPHENO,local,,chunk_005,13307,13324,llm_masked_pass,"le-molecule resolution Single-cell spatial transcriptome atlas and whole-brain connectivity of the macaque claustrum Cell Cytology, architecture, development, and connections of the primate striatum: Hints for huma",/Users/pujatrivedi/Desktop/MIT/blended_ner_framework/data/papers/multiscale_spatial_transcriptomic/20260602T192339/chunks/chunk_005.txt
hypothalamic preoptic region,BrainRegion,anterior hypothalamic region,http://purl.obolibrary.org/obo/UBERON_0002550,UPHENO,local,,chunk_005,13713,13741,llm_masked_pass,"ization (MERFISH) Methods Enzymol Molecular, spatial, and functional single-cell profiling of the hypothalamic preoptic region Science High-performance multiplexed fluorescence in situ hybridization in culture and tissue wit",/Users/pujatrivedi/Desktop/MIT/blended_ner_framework/data/papers/multiscale_spatial_transcriptomic/20260602T192339/chunks/chunk_005.txt
macaque cortex,BrainRegion,Purkinje cell layer of cerebellar cortex,http://bioontology.org/projects/ontologies/birnlex#birnlex_818,BIRNLEX,local,,chunk_005,14247,14261,llm_masked_pass,tomic methods Nat Methods Single-cell spatial transcriptome reveals cell-type organization in the macaque cortex Cell Cross-species single-cell spatial transcriptomic atlases of the cerebellar cortex Science,/Users/pujatrivedi/Desktop/MIT/blended_ner_framework/data/papers/multiscale_spatial_transcriptomic/20260602T192339/chunks/chunk_005.txt
cerebellar cortex,BrainRegion,Purkinje cell layer of cerebellar cortex,http://bioontology.org/projects/ontologies/birnlex#birnlex_818,BIRNLEX,local,,chunk_005,14333,14350,llm_masked_pass,zation in the macaque cortex Cell Cross-species single-cell spatial transcriptomic atlases of the cerebellar cortex Science Single-cell spatial transcriptome atlas and whole-brain connectivity of the macaque claus,/Users/pujatrivedi/Desktop/MIT/blended_ner_framework/data/papers/multiscale_spatial_transcriptomic/20260602T192339/chunks/chunk_005.txt
visual cortex,BrainRegion,visual cortex disorder,http://purl.obolibrary.org/obo/MONDO_0003584,DOVES,local,,chunk_005,14674,14687,llm_masked_pass,al profiling of the interplay between cell type-and vision-dependent transcriptomic programs in the visual cortex Proc Natl Acad Sci U S A Single-cell spatial transcriptomics reveals distinct patterns of dysregu,/Users/pujatrivedi/Desktop/MIT/blended_ner_framework/data/papers/multiscale_spatial_transcriptomic/20260602T192339/chunks/chunk_005.txt
Trem2(R47H) Alzheimer's risk gene mutation,DiseaseAssociatedMutation,Alzheimer risk factor gene,http://scai.fraunhofer.de/AlzheimerOntology#Alzheimer_risk_factor_gene,NIO,local,,chunk_005,14844,14886,llm_masked_pass,tomics reveals distinct patterns of dysregulation in non-neuronal and neuronal cells induced by the Trem2(R47H) Alzheimer's risk gene mutation Mol Psychiatry Re-activation of neurogenic niches in aging brain Genome-Scale Imaging of the 3D,/Users/pujatrivedi/Desktop/MIT/blended_ner_framework/data/papers/multiscale_spatial_transcriptomic/20260602T192339/chunks/chunk_005.txt
neurogenic niches,NeurodevelopmentalEntity,"Urinary Bladder, Neurogenic [Disease/Finding]",http://purl.bioontology.org/ontology/NDFRT/N0000000565,NDFRT,local,,chunk_005,14921,14938,llm_masked_pass,l cells induced by the Trem2(R47H) Alzheimer's risk gene mutation Mol Psychiatry Re-activation of neurogenic niches in aging brain Genome-Scale Imaging of the 3D Organization and Transcriptional Activity of Chromat,/Users/pujatrivedi/Desktop/MIT/blended_ner_framework/data/papers/multiscale_spatial_transcriptomic/20260602T192339/chunks/chunk_005.txt
Chromatin,MolecularEntity,progressive alteration of chromatin involved in cell aging,http://purl.org/obo/owl/GO#GO_0001301,BIOMODELS,local,,chunk_005,15031,15040,llm_masked_pass,"niches in aging brain Genome-Scale Imaging of the 3D Organization and Transcriptional Activity of Chromatin Cell MERFISH+, a large-scale, multi-omics spatial technology resolves the molecular holograms of",/Users/pujatrivedi/Desktop/MIT/blended_ner_framework/data/papers/multiscale_spatial_transcriptomic/20260602T192339/chunks/chunk_005.txt
human and non-human primate basal ganglia,BrainRegion,basal ganglia disease,http://www.ebi.ac.uk/efo/EFO_0009533,EFO,local,,chunk_005,15231,15272,llm_masked_pass,grams of the 3D human developing heart bioRxiv A cross-species spatial transcriptomic atlas of the human and non-human primate basal ganglia bioRxiv D1 and D2 dopamine-receptor modulation of striatal glutamatergic signaling in striatal me,/Users/pujatrivedi/Desktop/MIT/blended_ner_framework/data/papers/multiscale_spatial_transcriptomic/20260602T192339/chunks/chunk_005.txt
D1 and D2 dopamine-receptor,Receptor,dopamine receptor D1 agonist therapy,http://purl.obolibrary.org/obo/MAXO_0001333,MAXO,local,,chunk_005,15283,15310,llm_masked_pass,oss-species spatial transcriptomic atlas of the human and non-human primate basal ganglia bioRxiv D1 and D2 dopamine-receptor modulation of striatal glutamatergic signaling in striatal medium spiny neurons Trends Neurosci R,/Users/pujatrivedi/Desktop/MIT/blended_ner_framework/data/papers/multiscale_spatial_transcriptomic/20260602T192339/chunks/chunk_005.txt
striatal glutamatergic signaling,MolecularPathway,autosomal dominant striatal neurodegeneration type 1,http://purl.obolibrary.org/obo/MONDO_0012205,EFO,local,,chunk_005,15325,15357,llm_masked_pass,f the human and non-human primate basal ganglia bioRxiv D1 and D2 dopamine-receptor modulation of striatal glutamatergic signaling in striatal medium spiny neurons Trends Neurosci Receptors are Morphologically Distinct and Diffe,/Users/pujatrivedi/Desktop/MIT/blended_ner_framework/data/papers/multiscale_spatial_transcriptomic/20260602T192339/chunks/chunk_005.txt
striatal medium spiny neurons,CellType,striatal medium spiny neuron differentiation,http://purl.org/obo/owl/GO#GO_0021773,BIOMODELS,local,,chunk_005,15361,15390,llm_masked_pass,sal ganglia bioRxiv D1 and D2 dopamine-receptor modulation of striatal glutamatergic signaling in striatal medium spiny neurons Trends Neurosci Receptors are Morphologically Distinct and Differently Affected by Dopamine Dener,/Users/pujatrivedi/Desktop/MIT/blended_ner_framework/data/papers/multiscale_spatial_transcriptomic/20260602T192339/chunks/chunk_005.txt
Dopamine Denervation,NeuropathologicalProcess,dopamine d2 receptor,http://sbmi.uth.tmc.edu/ontology/ochv#13917,OCHV,local,,chunk_005,15476,15496,llm_masked_pass,spiny neurons Trends Neurosci Receptors are Morphologically Distinct and Differently Affected by Dopamine Denervation in Mice Striatal Neurons Expressing D(1) and D The dopamine D1-D2 receptor heteromer localizes in,/Users/pujatrivedi/Desktop/MIT/blended_ner_framework/data/papers/multiscale_spatial_transcriptomic/20260602T192339/chunks/chunk_005.txt
Striatal Neurons,CellType,dopamine d2 receptor,http://sbmi.uth.tmc.edu/ontology/ochv#13917,OCHV,local,,chunk_005,15506,15522,llm_masked_pass,i Receptors are Morphologically Distinct and Differently Affected by Dopamine Denervation in Mice Striatal Neurons Expressing D(1) and D The dopamine D1-D2 receptor heteromer localizes in dynorphin/enkephalin neur,/Users/pujatrivedi/Desktop/MIT/blended_ner_framework/data/papers/multiscale_spatial_transcriptomic/20260602T192339/chunks/chunk_005.txt
dopamine D1-D2 receptor heteromer,ReceptorComplex,dopamine receptor D1 agonist,http://purl.obolibrary.org/obo/CHEBI_131795,BAO,local,,chunk_005,15550,15583,llm_masked_pass,d Differently Affected by Dopamine Denervation in Mice Striatal Neurons Expressing D(1) and D The dopamine D1-D2 receptor heteromer localizes in dynorphin/enkephalin neurons: increased high affinity state following amphetamine and,/Users/pujatrivedi/Desktop/MIT/blended_ner_framework/data/papers/multiscale_spatial_transcriptomic/20260602T192339/chunks/chunk_005.txt
dynorphin/enkephalin neurons,CellType,forebrain generation of neurons,http://purl.obolibrary.org/obo/GO_0021872,NIFDYS,local,,chunk_005,15597,15625,llm_masked_pass,in Mice Striatal Neurons Expressing D(1) and D The dopamine D1-D2 receptor heteromer localizes in dynorphin/enkephalin neurons: increased high affinity state following amphetamine and in schizophrenia J Biol Chem Downregulat,/Users/pujatrivedi/Desktop/MIT/blended_ner_framework/data/papers/multiscale_spatial_transcriptomic/20260602T192339/chunks/chunk_005.txt
schizophrenia,Disease,chronic state latent schizophrenia with acute exacerbation,http://www.owl-ontologies.com/NPOntology.owl#DOID_10645,NATPRO,local,,chunk_005,15686,15699,llm_masked_pass,calizes in dynorphin/enkephalin neurons: increased high affinity state following amphetamine and in schizophrenia J Biol Chem Downregulation of GABA Transporter 3 (GAT3) is Associated with Deficient Oxidative GA,/Users/pujatrivedi/Desktop/MIT/blended_ner_framework/data/papers/multiscale_spatial_transcriptomic/20260602T192339/chunks/chunk_005.txt
GABA Transporter 3 (GAT3),Transporter,sodium- and chloride-dependent GABA transporter 3 (human),http://purl.obolibrary.org/obo/PR_P48066,PR,local,,chunk_005,15732,15757,llm_masked_pass,ased high affinity state following amphetamine and in schizophrenia J Biol Chem Downregulation of GABA Transporter 3 (GAT3) is Associated with Deficient Oxidative GABA Metabolism in Human Induced Pluripotent Stem Cell-Deriv,/Users/pujatrivedi/Desktop/MIT/blended_ner_framework/data/papers/multiscale_spatial_transcriptomic/20260602T192339/chunks/chunk_005.txt
Oxidative GABA Metabolism,MolecularPathway,GABA Plasma Membrane Transport Proteins,http://purl.jp/bio/4/id/200906011294245853,IOBC,local,,chunk_005,15787,15812,llm_masked_pass,chizophrenia J Biol Chem Downregulation of GABA Transporter 3 (GAT3) is Associated with Deficient Oxidative GABA Metabolism in Human Induced Pluripotent Stem Cell-Derived Astrocytes in Alzheimer's Disease Neurochem Res Mo,/Users/pujatrivedi/Desktop/MIT/blended_ner_framework/data/papers/multiscale_spatial_transcriptomic/20260602T192339/chunks/chunk_005.txt
Astrocytes,CellType,Normal Human Astrocytes,http://www.ebi.ac.uk/efo/EFO_0002777,EFO,local,,chunk_005,15860,15870,llm_masked_pass,Associated with Deficient Oxidative GABA Metabolism in Human Induced Pluripotent Stem Cell-Derived Astrocytes in Alzheimer's Disease Neurochem Res Molecular basis of human GABA transporter 3 inhibition Nat,/Users/pujatrivedi/Desktop/MIT/blended_ner_framework/data/papers/multiscale_spatial_transcriptomic/20260602T192339/chunks/chunk_005.txt
human GABA transporter 3 inhibition,MolecularProcess,GABA Plasma Membrane Transport Proteins,http://purl.jp/bio/4/id/200906011294245853,IOBC,local,,chunk_005,15929,15964,llm_masked_pass,Pluripotent Stem Cell-Derived Astrocytes in Alzheimer's Disease Neurochem Res Molecular basis of human GABA transporter 3 inhibition Nat Commun Three-Dimensional Spatial Analyses of Cholinergic Neuronal Distributions Across The Mo,/Users/pujatrivedi/Desktop/MIT/blended_ner_framework/data/papers/multiscale_spatial_transcriptomic/20260602T192339/chunks/chunk_005.txt
Cholinergic Neuronal Distributions,CellularDistribution,Set of cholinergic cells of globus pallidus [Ch3],http://purl.org/sig/ont/fma/fma84397,FMA,local,,chunk_005,16016,16050,llm_masked_pass,"lar basis of human GABA transporter 3 inhibition Nat Commun Three-Dimensional Spatial Analyses of Cholinergic Neuronal Distributions Across The Mouse Septum, Nucleus Basalis, Globus Pallidus, Nucleus Accumbens, and Caudate-Putamen",/Users/pujatrivedi/Desktop/MIT/blended_ner_framework/data/papers/multiscale_spatial_transcriptomic/20260602T192339/chunks/chunk_005.txt
Mouse Septum,BrainRegion,Triangular nucleus of septum,http://api.brain-map.org/api/v2/data/Structure/581,NPOKB,local,,chunk_005,16062,16074,llm_masked_pass,"on Nat Commun Three-Dimensional Spatial Analyses of Cholinergic Neuronal Distributions Across The Mouse Septum, Nucleus Basalis, Globus Pallidus, Nucleus Accumbens, and Caudate-Putamen Neuroinformatics Mouse",/Users/pujatrivedi/Desktop/MIT/blended_ner_framework/data/papers/multiscale_spatial_transcriptomic/20260602T192339/chunks/chunk_005.txt
Nucleus Basalis,BrainRegion,nucleus amygdalae basalis lateralis,http://www.radlex.org/RID/RID20973,RADLEX,local,,chunk_005,16076,16091,llm_masked_pass,"Three-Dimensional Spatial Analyses of Cholinergic Neuronal Distributions Across The Mouse Septum, Nucleus Basalis, Globus Pallidus, Nucleus Accumbens, and Caudate-Putamen Neuroinformatics Mouse and human striata",/Users/pujatrivedi/Desktop/MIT/blended_ner_framework/data/papers/multiscale_spatial_transcriptomic/20260602T192339/chunks/chunk_005.txt
Globus Pallidus,BrainRegion,globus pallidus degeneration,http://purl.obolibrary.org/obo/UPHENO_0074034,UPHENO,local,,chunk_005,16093,16108,llm_masked_pass,"al Spatial Analyses of Cholinergic Neuronal Distributions Across The Mouse Septum, Nucleus Basalis, Globus Pallidus, Nucleus Accumbens, and Caudate-Putamen Neuroinformatics Mouse and human striatal projection neur",/Users/pujatrivedi/Desktop/MIT/blended_ner_framework/data/papers/multiscale_spatial_transcriptomic/20260602T192339/chunks/chunk_005.txt
Nucleus Accumbens,BrainRegion,nucleus accumbens,http://purl.obolibrary.org/obo/XAO_0004575,XAO,local,,chunk_005,16110,16127,llm_masked_pass,"es of Cholinergic Neuronal Distributions Across The Mouse Septum, Nucleus Basalis, Globus Pallidus, Nucleus Accumbens, and Caudate-Putamen Neuroinformatics Mouse and human striatal projection neurons compared -somat",/Users/pujatrivedi/Desktop/MIT/blended_ner_framework/data/papers/multiscale_spatial_transcriptomic/20260602T192339/chunks/chunk_005.txt
Caudate-Putamen,BrainRegion,Putamen,http://www.radlex.org/RID/RID6551,RADLEX,local,,chunk_005,16133,16148,llm_masked_pass,"nal Distributions Across The Mouse Septum, Nucleus Basalis, Globus Pallidus, Nucleus Accumbens, and Caudate-Putamen Neuroinformatics Mouse and human striatal projection neurons compared -somatodendritic arbor, spi",/Users/pujatrivedi/Desktop/MIT/blended_ner_framework/data/papers/multiscale_spatial_transcriptomic/20260602T192339/chunks/chunk_005.txt
striatal projection neurons,CellType,Cortico striatal,http://uri.interlex.org/tgbugs/uris/readable/CorticoStriatal,NPOKB,local,,chunk_005,16184,16211,llm_masked_pass,"Basalis, Globus Pallidus, Nucleus Accumbens, and Caudate-Putamen Neuroinformatics Mouse and human striatal projection neurons compared -somatodendritic arbor, spines and in silico analyses PLoS Comput Biol Globus pallidus d",/Users/pujatrivedi/Desktop/MIT/blended_ner_framework/data/papers/multiscale_spatial_transcriptomic/20260602T192339/chunks/chunk_005.txt
Globus pallidus degeneration,NeuropathologicalProcess,globus pallidus degeneration,http://purl.obolibrary.org/obo/UPHENO_0074034,UPHENO,local,,chunk_005,16294,16322,llm_masked_pass,"rojection neurons compared -somatodendritic arbor, spines and in silico analyses PLoS Comput Biol Globus pallidus degeneration and clinicopathological features of Huntington disease",/Users/pujatrivedi/Desktop/MIT/blended_ner_framework/data/papers/multiscale_spatial_transcriptomic/20260602T192339/chunks/chunk_005.txt
Huntington disease,Disease,Juvenile-Onset Huntington Disease,http://bioontology.org/projects/ontologies/birnlex#birnlex_12505,BIRNLEX,local,,chunk_005,16359,16377,llm_masked_pass,silico analyses PLoS Comput Biol Globus pallidus degeneration and clinicopathological features of Huntington disease,/Users/pujatrivedi/Desktop/MIT/blended_ner_framework/data/papers/multiscale_spatial_transcriptomic/20260602T192339/chunks/chunk_005.txt
forebrain GABAergic neurons,CellType,forebrain generation of neurons,http://purl.org/obo/owl/GO#GO_0021872,BIOMODELS,local,,chunk_005,,,llm_masked_pass_unmapped,,/Users/pujatrivedi/Desktop/MIT/blended_ner_framework/data/papers/multiscale_spatial_transcriptomic/20260602T192339/chunks/chunk_005.txt
human MERFISH dataset,SpatialTranscriptomicsDataset,anatomical dataset,http://uri.interlex.org/tgbugs/uris/readable/atlas/AnatomicalDataset,NPOKB,local,,chunk_005,,,llm_masked_pass_unmapped,,/Users/pujatrivedi/Desktop/MIT/blended_ner_framework/data/papers/multiscale_spatial_transcriptomic/20260602T192339/chunks/chunk_005.txt
Basal Ganglia,BASAL_GANGLIA_REGION,basal ganglia diseases,http://sbmi.uth.tmc.edu/ontology/ochv#1717,OCHV,local,,chunk_006,12,25,llm_pass1,Ann Neurol Basal Ganglia disorders associated with imbalances in the striatal striosome and matrix compartments Front Neuro,/Users/pujatrivedi/Desktop/MIT/blended_ner_framework/data/papers/multiscale_spatial_transcriptomic/20260602T192339/chunks/chunk_006.txt
striatal striosome and matrix compartments,BrainCompartment,autosomal dominant striatal neurodegeneration type 1,http://purl.obolibrary.org/obo/MONDO_0012205,DOVES,local,,chunk_006,70,112,llm_masked_pass,Ann Neurol Basal Ganglia disorders associated with imbalances in the striatal striosome and matrix compartments Front Neuroanat Semaphorin regulation of cellular morphology Annu Rev Cell Dev Biol Semaphorins,/Users/pujatrivedi/Desktop/MIT/blended_ner_framework/data/papers/multiscale_spatial_transcriptomic/20260602T192339/chunks/chunk_006.txt
Semaphorin,MoleculeFamily,semaphorin receptor binding,http://purl.obolibrary.org/obo/GO_0030215,NIGO,local,,chunk_006,131,141,llm_masked_pass,ders associated with imbalances in the striatal striosome and matrix compartments Front Neuroanat Semaphorin regulation of cellular morphology Annu Rev Cell Dev Biol Semaphorins and their Signaling Mechanis,/Users/pujatrivedi/Desktop/MIT/blended_ner_framework/data/papers/multiscale_spatial_transcriptomic/20260602T192339/chunks/chunk_006.txt
Semaphorins,GENE,Semaphorins,http://purl.jp/bio/4/id/200906055388201490,IOBC,local,,chunk_006,201,212,llm_pass1,ompartments Front Neuroanat Semaphorin regulation of cellular morphology Annu Rev Cell Dev Biol Semaphorins and their Signaling Mechanisms Methods Mol Biol Semaphorins and the dynamic regulation of synapse,/Users/pujatrivedi/Desktop/MIT/blended_ner_framework/data/papers/multiscale_spatial_transcriptomic/20260602T192339/chunks/chunk_006.txt
Semaphorins,GENE,Semaphorins,http://purl.jp/bio/4/id/200906055388201490,IOBC,local,,chunk_006,263,274,llm_pass1,"r morphology Annu Rev Cell Dev Biol Semaphorins and their Signaling Mechanisms Methods Mol Biol Semaphorins and the dynamic regulation of synapse assembly, refinement, and function Curr Opin Neurobiol Spat",/Users/pujatrivedi/Desktop/MIT/blended_ner_framework/data/papers/multiscale_spatial_transcriptomic/20260602T192339/chunks/chunk_006.txt
"synapse assembly, refinement, and function",SynapticProcess,increased regulation of synapse assembly,http://purl.obolibrary.org/obo/UPHENO_0055127,UPHENO,local,,chunk_006,305,347,llm_masked_pass,"phorins and their Signaling Mechanisms Methods Mol Biol Semaphorins and the dynamic regulation of synapse assembly, refinement, and function Curr Opin Neurobiol Spatially organized cellular communities form the developing human heart Nat",/Users/pujatrivedi/Desktop/MIT/blended_ner_framework/data/papers/multiscale_spatial_transcriptomic/20260602T192339/chunks/chunk_006.txt
Spatially organized cellular communities,CELLULAR_COMMUNITY,regulation of cellular chaperone-mediated protein complex assembly,http://purl.org/obo/owl/GO#GO_0090034,BIOMODELS,local,,chunk_006,370,410,llm_pass1,"rins and the dynamic regulation of synapse assembly, refinement, and function Curr Opin Neurobiol Spatially organized cellular communities form the developing human heart Nature Comprehensive cellular-resolution atlas of the adult human",/Users/pujatrivedi/Desktop/MIT/blended_ner_framework/data/papers/multiscale_spatial_transcriptomic/20260602T192339/chunks/chunk_006.txt
adult human brain,BrainStructure,Adult Brain Neoplasm,http://purl.obolibrary.org/obo/NCIT_C7710,OMCO,local,,chunk_006,499,516,llm_masked_pass,communities form the developing human heart Nature Comprehensive cellular-resolution atlas of the adult human brain J Comp Neurol Transcriptional vulnerabilities of striatal neurons in human and rodent models of H,/Users/pujatrivedi/Desktop/MIT/blended_ner_framework/data/papers/multiscale_spatial_transcriptomic/20260602T192339/chunks/chunk_006.txt
striatal neurons,CellType,"striatal degeneration, autosomal dominant 2",http://purl.obolibrary.org/obo/MONDO_0014835,DOVES,local,,chunk_006,568,584,llm_masked_pass,llular-resolution atlas of the adult human brain J Comp Neurol Transcriptional vulnerabilities of striatal neurons in human and rodent models of Huntington's disease Nat Commun Striosomes and Matrisomes: Scaffold,/Users/pujatrivedi/Desktop/MIT/blended_ner_framework/data/papers/multiscale_spatial_transcriptomic/20260602T192339/chunks/chunk_006.txt
Huntington's disease,NeurodegenerativeDisease,basal ganglia disease,http://www.ebi.ac.uk/efo/EFO_0009533,EFO,local,,chunk_006,615,635,llm_masked_pass,n J Comp Neurol Transcriptional vulnerabilities of striatal neurons in human and rodent models of Huntington's disease Nat Commun Striosomes and Matrisomes: Scaffolds for Dynamic Coupling of Volition and Action Annu,/Users/pujatrivedi/Desktop/MIT/blended_ner_framework/data/papers/multiscale_spatial_transcriptomic/20260602T192339/chunks/chunk_006.txt
Striosomes and Matrisomes,BrainCompartment,Huntington disease and related disorders,http://purl.obolibrary.org/obo/MONDO_0000167,EFO,local,,chunk_006,649,674,llm_masked_pass,vulnerabilities of striatal neurons in human and rodent models of Huntington's disease Nat Commun Striosomes and Matrisomes: Scaffolds for Dynamic Coupling of Volition and Action Annu Rev Neurosci Innovations present in t,/Users/pujatrivedi/Desktop/MIT/blended_ner_framework/data/papers/multiscale_spatial_transcriptomic/20260602T192339/chunks/chunk_006.txt
interneuron repertoire,CellTypeGroup,GABAergic interneuron,http://purl.obolibrary.org/obo/CL_0011005,PCL,local,,chunk_006,785,807,llm_masked_pass,for Dynamic Coupling of Volition and Action Annu Rev Neurosci Innovations present in the primate interneuron repertoire Nature The development and evolution of inhibitory neurons in primate cerebrum Nature Conservat,/Users/pujatrivedi/Desktop/MIT/blended_ner_framework/data/papers/multiscale_spatial_transcriptomic/20260602T192339/chunks/chunk_006.txt
inhibitory neurons,CellType,inhibitory interneuron,http://purl.obolibrary.org/obo/CL_0000498,HRA,local,,chunk_006,850,868,llm_masked_pass,Innovations present in the primate interneuron repertoire Nature The development and evolution of inhibitory neurons in primate cerebrum Nature Conservation and alteration of mammalian striatal interneurons Nature,/Users/pujatrivedi/Desktop/MIT/blended_ner_framework/data/papers/multiscale_spatial_transcriptomic/20260602T192339/chunks/chunk_006.txt
primate cerebrum,BrainRegion,Primate Diseases,http://purl.jp/bio/4/id/200906022882392678,IOBC,local,,chunk_006,872,888,llm_masked_pass,the primate interneuron repertoire Nature The development and evolution of inhibitory neurons in primate cerebrum Nature Conservation and alteration of mammalian striatal interneurons Nature Differential input,/Users/pujatrivedi/Desktop/MIT/blended_ner_framework/data/papers/multiscale_spatial_transcriptomic/20260602T192339/chunks/chunk_006.txt
mammalian striatal interneurons,CellType,autosomal dominant striatal neurodegeneration type 1,http://purl.obolibrary.org/obo/MONDO_0012205,DOVES,local,,chunk_006,929,960,llm_masked_pass,ent and evolution of inhibitory neurons in primate cerebrum Nature Conservation and alteration of mammalian striatal interneurons Nature Differential inputs to striatal cholinergic and parvalbumin interneurons imply functional,/Users/pujatrivedi/Desktop/MIT/blended_ner_framework/data/papers/multiscale_spatial_transcriptomic/20260602T192339/chunks/chunk_006.txt
striatal cholinergic and parvalbumin interneurons,CellTypeGroup,autosomal dominant striatal neurodegeneration type 1,http://purl.obolibrary.org/obo/MONDO_0012205,EFO,local,,chunk_006,993,1042,llm_masked_pass,ure Conservation and alteration of mammalian striatal interneurons Nature Differential inputs to striatal cholinergic and parvalbumin interneurons imply functional distinctions Continuous and Discrete Neuron Types of the Adult Murine Striatum N,/Users/pujatrivedi/Desktop/MIT/blended_ner_framework/data/papers/multiscale_spatial_transcriptomic/20260602T192339/chunks/chunk_006.txt
Adult Murine Striatum,BrainRegion,Degeneration of the striatum,http://purl.obolibrary.org/obo/HP_0040140,UPHENO,local,,chunk_006,1118,1139,llm_masked_pass,parvalbumin interneurons imply functional distinctions Continuous and Discrete Neuron Types of the Adult Murine Striatum Neuron The Basal Ganglia Over 500 Million Years Curr Biol The mouse cortico-basal gangliathalam,/Users/pujatrivedi/Desktop/MIT/blended_ner_framework/data/papers/multiscale_spatial_transcriptomic/20260602T192339/chunks/chunk_006.txt
Basal Ganglia,BASAL_GANGLIA_REGION,basal ganglia diseases,http://sbmi.uth.tmc.edu/ontology/ochv#1717,OCHV,local,,chunk_006,1153,1166,llm_pass1,tional distinctions Continuous and Discrete Neuron Types of the Adult Murine Striatum Neuron The Basal Ganglia Over 500 Million Years Curr Biol The mouse cortico-basal gangliathalamic network Nature Next ge,/Users/pujatrivedi/Desktop/MIT/blended_ner_framework/data/papers/multiscale_spatial_transcriptomic/20260602T192339/chunks/chunk_006.txt
mouse cortico-basal gangliathalamic network,NeuralCircuit,basal ganglia disease,http://www.ebi.ac.uk/efo/EFO_0009533,EFO,local,,chunk_006,1206,1249,llm_masked_pass,ypes of the Adult Murine Striatum Neuron The Basal Ganglia Over 500 Million Years Curr Biol The mouse cortico-basal gangliathalamic network Nature Next generation Scikit-learn: Machine Learning in Python J. Mach. Learn. Res Single-cel,/Users/pujatrivedi/Desktop/MIT/blended_ner_framework/data/papers/multiscale_spatial_transcriptomic/20260602T192339/chunks/chunk_006.txt
Single-cell brain organoid screening,Technique,Neoplasm of unspecified nature of brain,http://purl.bioontology.org/ontology/RCTV2/BA06.00,RCTV2,local,,chunk_006,1339,1375,llm_masked_pass,ic network Nature Next generation Scikit-learn: Machine Learning in Python J. Mach. Learn. Res Single-cell brain organoid screening identifies developmental defects in autism Nature (F) Fractional composition of MSN subtypes for,/Users/pujatrivedi/Desktop/MIT/blended_ner_framework/data/papers/multiscale_spatial_transcriptomic/20260602T192339/chunks/chunk_006.txt
autism,NeurodevelopmentalDisorder,Autism Spectrum Disorder,http://purl.obolibrary.org/obo/DOID_0060041,HHEAR,local,,chunk_006,1412,1418,llm_masked_pass,"thon J. Mach. Learn. Res Single-cell brain organoid screening identifies developmental defects in autism Nature (F) Fractional composition of MSN subtypes for all sections combined, then along the A-P a",/Users/pujatrivedi/Desktop/MIT/blended_ner_framework/data/papers/multiscale_spatial_transcriptomic/20260602T192339/chunks/chunk_006.txt
MSN subtypes,CellTypeGroup,MSN subfamily gene,http://www.drugtargetontology.org/dto/DTO_03400288,DTO,local,,chunk_006,1458,1470,llm_masked_pass,"rganoid screening identifies developmental defects in autism Nature (F) Fractional composition of MSN subtypes for all sections combined, then along the A-P axis (AP 18a, 19a, 26a, 34a shown for each section st",/Users/pujatrivedi/Desktop/MIT/blended_ner_framework/data/papers/multiscale_spatial_transcriptomic/20260602T192339/chunks/chunk_006.txt
STR D1D2 Hybrid,StriatalNeuronSubtype,STR D2 Gaba_5 indirect pathway medium spiny neuron (Mmus),http://purl.obolibrary.org/obo/PCL_0110848,PCL,local,,chunk_006,1612,1627,llm_masked_pass,"A-P axis (AP 18a, 19a, 26a, 34a shown for each section stacked bars). (G) Spatial distributions of STR D1D2 Hybrid, STRv D1 NUDAP, and STRd D2 Hybrid MSNs at anterior (AP 19a) and posterior (AP 34a) sections. (H) M",/Users/pujatrivedi/Desktop/MIT/blended_ner_framework/data/papers/multiscale_spatial_transcriptomic/20260602T192339/chunks/chunk_006.txt
STRv D1 NUDAP,StriatalNeuronSubtype,STRv D1 MSN,http://purl.obolibrary.org/obo/CL_4030051,HRA,local,,chunk_006,1629,1642,llm_masked_pass,", 19a, 26a, 34a shown for each section stacked bars). (G) Spatial distributions of STR D1D2 Hybrid, STRv D1 NUDAP, and STRd D2 Hybrid MSNs at anterior (AP 19a) and posterior (AP 34a) sections. (H) Multiscale spati",/Users/pujatrivedi/Desktop/MIT/blended_ner_framework/data/papers/multiscale_spatial_transcriptomic/20260602T192339/chunks/chunk_006.txt
STRd D2 Hybrid MSNs,StriatalNeuronSubtype,intergeneric hybrid,http://purl.jp/bio/4/id/200906041920464810,IOBC,local,,chunk_006,1648,1667,llm_masked_pass,"wn for each section stacked bars). (G) Spatial distributions of STR D1D2 Hybrid, STRv D1 NUDAP, and STRd D2 Hybrid MSNs at anterior (AP 19a) and posterior (AP 34a) sections. (H) Multiscale spatial gene-expression maps f",/Users/pujatrivedi/Desktop/MIT/blended_ner_framework/data/papers/multiscale_spatial_transcriptomic/20260602T192339/chunks/chunk_006.txt
Multiscale spatial gene-expression maps,SpatialTranscriptomics,Visium Spatial Gene Expression,http://www.ebi.ac.uk/efo/EFO_0010961,EFO,local,,chunk_006,1726,1765,llm_masked_pass,"d, STRv D1 NUDAP, and STRd D2 Hybrid MSNs at anterior (AP 19a) and posterior (AP 34a) sections. (H) Multiscale spatial gene-expression maps for PDYN, DRD1, and DRD2 in a posterior section (AP 34a) showing PDYN-enriched striosomes and D1/D2",/Users/pujatrivedi/Desktop/MIT/blended_ner_framework/data/papers/multiscale_spatial_transcriptomic/20260602T192339/chunks/chunk_006.txt
PDYN,GENE,D1 protein,http://purl.jp/bio/4/id/200906055585066279,IOBC,local,,chunk_006,1770,1774,llm_pass1,"anterior (AP 19a) and posterior (AP 34a) sections. (H) Multiscale spatial gene-expression maps for PDYN, DRD1, and DRD2 in a posterior section (AP 34a) showing PDYN-enriched striosomes and D1/D2 MSNs pre",/Users/pujatrivedi/Desktop/MIT/blended_ner_framework/data/papers/multiscale_spatial_transcriptomic/20260602T192339/chunks/chunk_006.txt
DRD1,GENE,DRD1 gene,http://www.drugtargetontology.org/dto/DTO_02200081,DTO,local,,chunk_006,1776,1780,llm_pass1,"ior (AP 19a) and posterior (AP 34a) sections. (H) Multiscale spatial gene-expression maps for PDYN, DRD1, and DRD2 in a posterior section (AP 34a) showing PDYN-enriched striosomes and D1/D2 MSNs predomina",/Users/pujatrivedi/Desktop/MIT/blended_ner_framework/data/papers/multiscale_spatial_transcriptomic/20260602T192339/chunks/chunk_006.txt
DRD2,GENE,DRD2 gene c.-585A>G,http://purl.bioontology.org/ontology/LNC/LP417573-5,LOINC,local,,chunk_006,1786,1790,llm_pass1,"a) and posterior (AP 34a) sections. (H) Multiscale spatial gene-expression maps for PDYN, DRD1, and DRD2 in a posterior section (AP 34a) showing PDYN-enriched striosomes and D1/D2 MSNs predominantly in th",/Users/pujatrivedi/Desktop/MIT/blended_ner_framework/data/papers/multiscale_spatial_transcriptomic/20260602T192339/chunks/chunk_006.txt
PDYN,Gene,D1 protein,http://purl.jp/bio/4/id/200906055585066279,IOBC,local,,chunk_006,1831,1835,llm_masked_pass,"scale spatial gene-expression maps for PDYN, DRD1, and DRD2 in a posterior section (AP 34a) showing PDYN-enriched striosomes and D1/D2 MSNs predominantly in the putamen matrix territories. Boxed regions s",/Users/pujatrivedi/Desktop/MIT/blended_ner_framework/data/papers/multiscale_spatial_transcriptomic/20260602T192339/chunks/chunk_006.txt
D1/D2 MSNs,CellTypeGroup,DRD2 gene,http://purl.jp/bio/4/id/201006033817596501,IOBC,local,,chunk_006,1860,1870,llm_masked_pass,"maps for PDYN, DRD1, and DRD2 in a posterior section (AP 34a) showing PDYN-enriched striosomes and D1/D2 MSNs predominantly in the putamen matrix territories. Boxed regions show sequential progressively magnif",/Users/pujatrivedi/Desktop/MIT/blended_ner_framework/data/papers/multiscale_spatial_transcriptomic/20260602T192339/chunks/chunk_006.txt
putamen matrix territories,BrainCompartment,Putamen matrix medium spiny cell,http://ontology.neuinfo.org/NIF/BiomaterialEntities/NIF-Cell.owl#nlx_cell_20090308,NIFCELL,local,,chunk_006,1892,1918,llm_masked_pass,n a posterior section (AP 34a) showing PDYN-enriched striosomes and D1/D2 MSNs predominantly in the putamen matrix territories. Boxed regions show sequential progressively magnified centimeter→millimeter→micron-scale views. Ce,/Users/pujatrivedi/Desktop/MIT/blended_ner_framework/data/papers/multiscale_spatial_transcriptomic/20260602T192339/chunks/chunk_006.txt
DRD1,GENE,DRD1 gene,http://www.drugtargetontology.org/dto/DTO_02200081,DTO,local,,chunk_006,2103,2107,llm_pass1,"scale views. Cell-segmented higher-magnification panels highlight representative gene expression of DRD1 in D1 MSN (1), DRD2 in D2 MSN (2), DRD1 and PDYN Mesoscale cellular community architecture of the",/Users/pujatrivedi/Desktop/MIT/blended_ner_framework/data/papers/multiscale_spatial_transcriptomic/20260602T192339/chunks/chunk_006.txt
D1 MSN,StriatalNeuronSubtype,cyclin D1 gene,http://purl.jp/bio/4/id/200906090035819911,IOBC,local,,chunk_006,2111,2117,llm_masked_pass,"ews. Cell-segmented higher-magnification panels highlight representative gene expression of DRD1 in D1 MSN (1), DRD2 in D2 MSN (2), DRD1 and PDYN Mesoscale cellular community architecture of the human basa",/Users/pujatrivedi/Desktop/MIT/blended_ner_framework/data/papers/multiscale_spatial_transcriptomic/20260602T192339/chunks/chunk_006.txt
DRD2,GENE,DRD2 gene c.-585A>G,http://purl.bioontology.org/ontology/LNC/LP417573-5,LOINC,local,,chunk_006,2123,2127,llm_pass1,"gmented higher-magnification panels highlight representative gene expression of DRD1 in D1 MSN (1), DRD2 in D2 MSN (2), DRD1 and PDYN Mesoscale cellular community architecture of the human basal ganglia""",/Users/pujatrivedi/Desktop/MIT/blended_ner_framework/data/papers/multiscale_spatial_transcriptomic/20260602T192339/chunks/chunk_006.txt
D2 MSN,StriatalNeuronSubtype,D2 protein,http://purl.jp/bio/4/id/200906044288913670,IOBC,local,,chunk_006,2131,2137,llm_masked_pass,"higher-magnification panels highlight representative gene expression of DRD1 in D1 MSN (1), DRD2 in D2 MSN (2), DRD1 and PDYN Mesoscale cellular community architecture of the human basal ganglia""). (E) Zoo",/Users/pujatrivedi/Desktop/MIT/blended_ner_framework/data/papers/multiscale_spatial_transcriptomic/20260602T192339/chunks/chunk_006.txt
DRD1,GENE,DRD1 gene,http://www.drugtargetontology.org/dto/DTO_02200081,DTO,local,,chunk_006,2143,2147,llm_pass1,"fication panels highlight representative gene expression of DRD1 in D1 MSN (1), DRD2 in D2 MSN (2), DRD1 and PDYN Mesoscale cellular community architecture of the human basal ganglia""). (E) Zoomed-in vie",/Users/pujatrivedi/Desktop/MIT/blended_ner_framework/data/papers/multiscale_spatial_transcriptomic/20260602T192339/chunks/chunk_006.txt
PDYN,GENE,D1 protein,http://purl.jp/bio/4/id/200906055585066279,IOBC,local,,chunk_006,2152,2156,llm_pass1,"panels highlight representative gene expression of DRD1 in D1 MSN (1), DRD2 in D2 MSN (2), DRD1 and PDYN Mesoscale cellular community architecture of the human basal ganglia""). (E) Zoomed-in view of D1 a",/Users/pujatrivedi/Desktop/MIT/blended_ner_framework/data/papers/multiscale_spatial_transcriptomic/20260602T192339/chunks/chunk_006.txt
cellular community architecture,NeuroanatomicalOrganization,DRD2 gene,http://purl.jp/bio/4/id/201006033817596501,IOBC,local,,chunk_006,2168,2199,llm_masked_pass,"representative gene expression of DRD1 in D1 MSN (1), DRD2 in D2 MSN (2), DRD1 and PDYN Mesoscale cellular community architecture of the human basal ganglia""). (E) Zoomed-in view of D1 and D2 MSNs within the boxed region of the p",/Users/pujatrivedi/Desktop/MIT/blended_ner_framework/data/papers/multiscale_spatial_transcriptomic/20260602T192339/chunks/chunk_006.txt
human basal ganglia,BASAL_GANGLIA_REGION,basal ganglia disease,http://www.ebi.ac.uk/efo/EFO_0009533,EFO,local,,chunk_006,2207,2226,llm_pass1,"in D1 MSN (1), DRD2 in D2 MSN (2), DRD1 and PDYN Mesoscale cellular community architecture of the human basal ganglia""). (E) Zoomed-in view of D1 and D2 MSNs within the boxed region of the posterior section (AP 34a) i",/Users/pujatrivedi/Desktop/MIT/blended_ner_framework/data/papers/multiscale_spatial_transcriptomic/20260602T192339/chunks/chunk_006.txt
D1 and D2 MSNs,CellTypeGroup,level of serine/threonine-protein kinase D2 in blood,http://purl.obolibrary.org/obo/OBA_2051648,EFO,local,,chunk_006,2252,2266,llm_masked_pass,"PDYN Mesoscale cellular community architecture of the human basal ganglia""). (E) Zoomed-in view of D1 and D2 MSNs within the boxed region of the posterior section (AP 34a) in (D) PyVista: 3D plotting and mesh ana",/Users/pujatrivedi/Desktop/MIT/blended_ner_framework/data/papers/multiscale_spatial_transcriptomic/20260602T192339/chunks/chunk_006.txt
cellular community analysis,AnalysisTechnique,single-cell gene expression analysis,http://purl.obolibrary.org/obo/ERO_0001564,ERO,local,,chunk_006,2623,2650,llm_masked_pass,wn in this figure and subsequent figures denote the anatomical regional boundaries derived from the cellular community analysis (further described later in the results section of Journal of Open Source Software (B) High correla,/Users/pujatrivedi/Desktop/MIT/blended_ner_framework/data/papers/multiscale_spatial_transcriptomic/20260602T192339/chunks/chunk_006.txt
MERFISH+,SpatialTranscriptomicsTechnique,basal ganglia disease,http://www.ebi.ac.uk/efo/EFO_0009533,EFO,local,,chunk_006,2763,2771,llm_masked_pass,cribed later in the results section of Journal of Open Source Software (B) High correlation between MERFISH+ defined cell types and snRNA-seq-defined clusters. (C) Fractional composition of 12 major cell type,/Users/pujatrivedi/Desktop/MIT/blended_ner_framework/data/papers/multiscale_spatial_transcriptomic/20260602T192339/chunks/chunk_006.txt
snRNA-seq-defined clusters,SingleNucleusRNASequencing,Clusters of differentiation,http://purl.bioontology.org/ontology/LNC/LP32944-8,LOINC,local,,chunk_006,2795,2821,llm_masked_pass,ion of Journal of Open Source Software (B) High correlation between MERFISH+ defined cell types and snRNA-seq-defined clusters. (C) Fractional composition of 12 major cell types for all sections combined and across the anterio,/Users/pujatrivedi/Desktop/MIT/blended_ner_framework/data/papers/multiscale_spatial_transcriptomic/20260602T192339/chunks/chunk_006.txt
Allen institute human brain atlas,BrainAtlas,Allen Brain Atlas Adult Mouse Ontology,http://mouse.brain-map.org/atlas/index.html#ABAMouse,ASDF,local,,chunk_006,2996,3029,llm_masked_pass,"ed and across the anteriorposterior (A-P) axis / position (AP 18a, 19a, 26a, 34a), defined based on Allen institute human brain atlas 59 (stacked bars). (D) Spatial distributions of MERFISH+ mapped cell types in the brain section sam",/Users/pujatrivedi/Desktop/MIT/blended_ner_framework/data/papers/multiscale_spatial_transcriptomic/20260602T192339/chunks/chunk_006.txt
MERFISH+ mapped cell types,CellTypeMapping,cell types,http://purl.obolibrary.org/obo/LMHA_00135,HRA,local,,chunk_006,3078,3104,llm_masked_pass,"defined based on Allen institute human brain atlas 59 (stacked bars). (D) Spatial distributions of MERFISH+ mapped cell types in the brain section samples across the AP axis (left -right AP 18a, 19a, 26a, 34a) in STRd D1 Stri",/Users/pujatrivedi/Desktop/MIT/blended_ner_framework/data/papers/multiscale_spatial_transcriptomic/20260602T192339/chunks/chunk_006.txt
STRd D1 Striosome,StriatalNeuronSubtype,D1 protein,http://purl.jp/bio/4/id/200906055585066279,IOBC,local,,chunk_006,3192,3209,llm_masked_pass,"d cell types in the brain section samples across the AP axis (left -right AP 18a, 19a, 26a, 34a) in STRd D1 Striosome (3), and both DRD1 and DRD2 in STR D1D2 Hybrid (4) cells. (I) Fractional composition of globus pall",/Users/pujatrivedi/Desktop/MIT/blended_ner_framework/data/papers/multiscale_spatial_transcriptomic/20260602T192339/chunks/chunk_006.txt
DRD1,GENE,DRD1 gene,http://www.drugtargetontology.org/dto/DTO_02200081,DTO,local,,chunk_006,3224,3228,llm_pass1,"n samples across the AP axis (left -right AP 18a, 19a, 26a, 34a) in STRd D1 Striosome (3), and both DRD1 and DRD2 in STR D1D2 Hybrid (4) cells. (I) Fractional composition of globus pallidus (GP) neuronal",/Users/pujatrivedi/Desktop/MIT/blended_ner_framework/data/papers/multiscale_spatial_transcriptomic/20260602T192339/chunks/chunk_006.txt
DRD2,GENE,DRD2 gene c.-585A>G,http://purl.bioontology.org/ontology/LNC/LP417573-5,LOINC,local,,chunk_006,3233,3237,llm_pass1,"across the AP axis (left -right AP 18a, 19a, 26a, 34a) in STRd D1 Striosome (3), and both DRD1 and DRD2 in STR D1D2 Hybrid (4) cells. (I) Fractional composition of globus pallidus (GP) neuronal subtypes",/Users/pujatrivedi/Desktop/MIT/blended_ner_framework/data/papers/multiscale_spatial_transcriptomic/20260602T192339/chunks/chunk_006.txt
globus pallidus,BASAL_GANGLIA_REGION,Putamen or Globus Pallidus,http://purl.obolibrary.org/obo/NCIT_C182245,BERO,local,,chunk_006,3298,3313,llm_pass1,"1 Striosome (3), and both DRD1 and DRD2 in STR D1D2 Hybrid (4) cells. (I) Fractional composition of globus pallidus (GP) neuronal subtypes for all combined sections and for AP 26a and AP 34a",/Users/pujatrivedi/Desktop/MIT/blended_ner_framework/data/papers/multiscale_spatial_transcriptomic/20260602T192339/chunks/chunk_006.txt
MERFISH+ defined cell types,CellTypeMapping,cell types,http://purl.obolibrary.org/obo/LMHA_00135,HRA,local,,chunk_006,,,llm_masked_pass_unmapped,,/Users/pujatrivedi/Desktop/MIT/blended_ner_framework/data/papers/multiscale_spatial_transcriptomic/20260602T192339/chunks/chunk_006.txt
PDYN-enriched striosomes,BrainCompartment,Pdyn (Mmus),http://identifiers.org/ncbigene/18610,PCL,local,,chunk_006,,,llm_masked_pass_unmapped,,/Users/pujatrivedi/Desktop/MIT/blended_ner_framework/data/papers/multiscale_spatial_transcriptomic/20260602T192339/chunks/chunk_006.txt
parvalbumin interneurons,CellType,parvalbumin,http://purl.jp/bio/4/id/200906002899674510,IOBC,local,,chunk_006,,,llm_masked_pass_unmapped,,/Users/pujatrivedi/Desktop/MIT/blended_ner_framework/data/papers/multiscale_spatial_transcriptomic/20260602T192339/chunks/chunk_006.txt
GP neuronal subtypes,NeuronalSubtypeGroup,GP to GP generated transaction,http://purl.bioontology.org/ontology/RCTV2/9b0x.00,RCTV2,local,,chunk_006,,,llm_masked_pass_unmapped,,/Users/pujatrivedi/Desktop/MIT/blended_ner_framework/data/papers/multiscale_spatial_transcriptomic/20260602T192339/chunks/chunk_006.txt
brain organoid,ModelSystem,brain diseases,http://sbmi.uth.tmc.edu/ontology/ochv#2134,OCHV,local,,chunk_006,,,llm_masked_pass_unmapped,,/Users/pujatrivedi/Desktop/MIT/blended_ner_framework/data/papers/multiscale_spatial_transcriptomic/20260602T192339/chunks/chunk_006.txt
